"";"serie";"fecha";"valor";"año";"trimestre";"mes";"dato";"fecha_union"
"1";"PIB a precios corrientes";"2013-3-1";33443;2013;1;3;"pib";2026-10-07
"2";"PIB a precios corrientes";"2013-6-1";33911;2013;2;6;"pib";2026-10-07
"3";"PIB a precios corrientes";"2013-9-1";32986;2013;3;9;"pib";2026-10-07
"4";"PIB a precios corrientes";"2013-12-1";36969;2013;4;12;"pib";2026-10-07
"5";"PIB a precios corrientes";"2014-3-1";36033;2014;1;3;"pib";2026-10-07
"6";"PIB a precios corrientes";"2014-6-1";36556;2014;2;6;"pib";2026-10-07
"7";"PIB a precios corrientes";"2014-9-1";35390;2014;3;9;"pib";2026-10-07
"8";"PIB a precios corrientes";"2014-12-1";39973;2014;4;12;"pib";2026-10-07
"9";"PIB a precios corrientes";"2015-3-1";39273;2015;1;3;"pib";2026-10-07
"10";"PIB a precios corrientes";"2015-6-1";39194;2015;2;6;"pib";2026-10-07
"11";"PIB a precios corrientes";"2015-9-1";37973;2015;3;9;"pib";2026-10-07
"12";"PIB a precios corrientes";"2015-12-1";42182;2015;4;12;"pib";2026-10-07
"13";"PIB a precios corrientes";"2016-3-1";42096;2016;1;3;"pib";2026-10-07
"14";"PIB a precios corrientes";"2016-6-1";41215;2016;2;6;"pib";2026-10-07
"15";"PIB a precios corrientes";"2016-9-1";40591;2016;3;9;"pib";2026-10-07
"16";"PIB a precios corrientes";"2016-12-1";44862;2016;4;12;"pib";2026-10-07
"17";"PIB a precios corrientes";"2017-3-1";43580;2017;1;3;"pib";2026-10-07
"18";"PIB a precios corrientes";"2017-6-1";43880;2017;2;6;"pib";2026-10-07
"19";"PIB a precios corrientes";"2017-9-1";43578;2017;3;9;"pib";2026-10-07
"20";"PIB a precios corrientes";"2017-12-1";48277;2017;4;12;"pib";2026-10-07
"21";"PIB a precios corrientes";"2018-3-1";47046;2018;1;3;"pib";2026-10-07
"22";"PIB a precios corrientes";"2018-6-1";46993;2018;2;6;"pib";2026-10-07
"23";"PIB a precios corrientes";"2018-9-1";45024;2018;3;9;"pib";2026-10-07
"24";"PIB a precios corrientes";"2018-12-1";50371;2018;4;12;"pib";2026-10-07
"25";"PIB a precios corrientes";"2019-3-1";48590;2019;1;3;"pib";2026-10-07
"26";"PIB a precios corrientes";"2019-6-1";48591;2019;2;6;"pib";2026-10-07
"27";"PIB a precios corrientes";"2019-9-1";47343;2019;3;9;"pib";2026-10-07
"28";"PIB a precios corrientes";"2019-12-1";51025;2019;4;12;"pib";2026-10-07
"29";"PIB a precios corrientes";"2020-3-1";51191;2020;1;3;"pib";2026-10-07
"30";"PIB a precios corrientes";"2020-6-1";46171;2020;2;6;"pib";2026-10-07
"31";"PIB a precios corrientes";"2020-9-1";47398;2020;3;9;"pib";2026-10-07
"32";"PIB a precios corrientes";"2020-12-1";56547;2020;4;12;"pib";2026-10-07
"33";"PIB a precios corrientes";"2021-3-1";56150;2021;1;3;"pib";2026-10-07
"34";"PIB a precios corrientes";"2021-6-1";57037;2021;2;6;"pib";2026-10-07
"35";"PIB a precios corrientes";"2021-9-1";59138;2021;3;9;"pib";2026-10-07
"36";"PIB a precios corrientes";"2021-12-1";67231;2021;4;12;"pib";2026-10-07
"37";"PIB a precios corrientes";"2022-3-1";63770;2022;1;3;"pib";2026-10-07
"38";"PIB a precios corrientes";"2022-6-1";63481;2022;2;6;"pib";2026-10-07
"39";"PIB a precios corrientes";"2022-9-1";63962;2022;3;9;"pib";2026-10-07
"40";"PIB a precios corrientes";"2022-12-1";71742;2022;4;12;"pib";2026-10-07
"41";"PIB a precios corrientes";"2023-3-1";70236;2023;1;3;"pib";2026-10-07
"42";"PIB a precios corrientes";"2023-6-1";68964;2023;2;6;"pib";2026-10-07
"43";"PIB a precios corrientes";"2023-9-1";67633;2023;3;9;"pib";2026-10-07
"44";"PIB a precios corrientes";"2023-12-1";75264;2023;4;12;"pib";2026-10-07
"45";"PIB a precios corrientes";"2024-3-1";76700;2024;1;3;"pib";2026-10-07
"46";"PIB a precios corrientes";"2024-6-1";74886;2024;2;6;"pib";2026-10-07
"47";"PIB a precios corrientes";"2024-9-1";74738;2024;3;9;"pib";2026-10-07
"48";"PIB a precios corrientes";"2024-12-1";84357;2024;4;12;"pib";2026-10-07
"49";"PIB a precios corrientes";"2025-3-1";81964;2025;1;3;"pib";2026-10-07
"50";"PIB a precios corrientes";"2025-6-1";82873;2025;2;6;"pib";2026-10-07
"51";"PIB a precios corrientes";"2025-9-1";82693;2025;3;9;"pib";2026-10-07
"52";"PIB a precios corrientes";"2025-12-1";92448;2025;4;12;"pib";2026-10-07
"53";"PIB a precios corrientes";"2026-3-1";89511;2026;1;3;"pib";2026-10-07
"54";"PIB a precios corrientes";"2026-6-1";88509;2026;2;6;"pib";2026-10-07
"55";"PIB volumen a precios del año anterior encadenado";"2013-3-1";41321;2013;1;3;"pib";2026-10-07
"56";"PIB volumen a precios del año anterior encadenado";"2013-6-1";42736;2013;2;6;"pib";2026-10-07
"57";"PIB volumen a precios del año anterior encadenado";"2013-9-1";41003;2013;3;9;"pib";2026-10-07
"58";"PIB volumen a precios del año anterior encadenado";"2013-12-1";44804;2013;4;12;"pib";2026-10-07
"59";"PIB volumen a precios del año anterior encadenado";"2014-3-1";42336;2014;1;3;"pib";2026-10-07
"60";"PIB volumen a precios del año anterior encadenado";"2014-6-1";43464;2014;2;6;"pib";2026-10-07
"61";"PIB volumen a precios del año anterior encadenado";"2014-9-1";41538;2014;3;9;"pib";2026-10-07
"62";"PIB volumen a precios del año anterior encadenado";"2014-12-1";45571;2014;4;12;"pib";2026-10-07
"63";"PIB volumen a precios del año anterior encadenado";"2015-3-1";43393;2015;1;3;"pib";2026-10-07
"64";"PIB volumen a precios del año anterior encadenado";"2015-6-1";44353;2015;2;6;"pib";2026-10-07
"65";"PIB volumen a precios del año anterior encadenado";"2015-9-1";42479;2015;3;9;"pib";2026-10-07
"66";"PIB volumen a precios del año anterior encadenado";"2015-12-1";46404;2015;4;12;"pib";2026-10-07
"67";"PIB volumen a precios del año anterior encadenado";"2016-3-1";44689;2016;1;3;"pib";2026-10-07
"68";"PIB volumen a precios del año anterior encadenado";"2016-6-1";44914;2016;2;6;"pib";2026-10-07
"69";"PIB volumen a precios del año anterior encadenado";"2016-9-1";43325;2016;3;9;"pib";2026-10-07
"70";"PIB volumen a precios del año anterior encadenado";"2016-12-1";46799;2016;4;12;"pib";2026-10-07
"71";"PIB volumen a precios del año anterior encadenado";"2017-3-1";44533;2017;1;3;"pib";2026-10-07
"72";"PIB volumen a precios del año anterior encadenado";"2017-6-1";45234;2017;2;6;"pib";2026-10-07
"73";"PIB volumen a precios del año anterior encadenado";"2017-9-1";44143;2017;3;9;"pib";2026-10-07
"74";"PIB volumen a precios del año anterior encadenado";"2017-12-1";48256;2017;4;12;"pib";2026-10-07
"75";"PIB volumen a precios del año anterior encadenado";"2018-3-1";46576;2018;1;3;"pib";2026-10-07
"76";"PIB volumen a precios del año anterior encadenado";"2018-6-1";47652;2018;2;6;"pib";2026-10-07
"77";"PIB volumen a precios del año anterior encadenado";"2018-9-1";45199;2018;3;9;"pib";2026-10-07
"78";"PIB volumen a precios del año anterior encadenado";"2018-12-1";50008;2018;4;12;"pib";2026-10-07
"79";"PIB volumen a precios del año anterior encadenado";"2019-3-1";47160;2019;1;3;"pib";2026-10-07
"80";"PIB volumen a precios del año anterior encadenado";"2019-6-1";48373;2019;2;6;"pib";2026-10-07
"81";"PIB volumen a precios del año anterior encadenado";"2019-9-1";46518;2019;3;9;"pib";2026-10-07
"82";"PIB volumen a precios del año anterior encadenado";"2019-12-1";48605;2019;4;12;"pib";2026-10-07
"83";"PIB volumen a precios del año anterior encadenado";"2020-3-1";46973;2020;1;3;"pib";2026-10-07
"84";"PIB volumen a precios del año anterior encadenado";"2020-6-1";41106;2020;2;6;"pib";2026-10-07
"85";"PIB volumen a precios del año anterior encadenado";"2020-9-1";42217;2020;3;9;"pib";2026-10-07
"86";"PIB volumen a precios del año anterior encadenado";"2020-12-1";48655;2020;4;12;"pib";2026-10-07
"87";"PIB volumen a precios del año anterior encadenado";"2021-3-1";47174;2021;1;3;"pib";2026-10-07
"88";"PIB volumen a precios del año anterior encadenado";"2021-6-1";48661;2021;2;6;"pib";2026-10-07
"89";"PIB volumen a precios del año anterior encadenado";"2021-9-1";49073;2021;3;9;"pib";2026-10-07
"90";"PIB volumen a precios del año anterior encadenado";"2021-12-1";54330;2021;4;12;"pib";2026-10-07
"91";"PIB volumen a precios del año anterior encadenado";"2022-3-1";49984;2022;1;3;"pib";2026-10-07
"92";"PIB volumen a precios del año anterior encadenado";"2022-6-1";50978;2022;2;6;"pib";2026-10-07
"93";"PIB volumen a precios del año anterior encadenado";"2022-9-1";49140;2022;3;9;"pib";2026-10-07
"94";"PIB volumen a precios del año anterior encadenado";"2022-12-1";53247;2022;4;12;"pib";2026-10-07
"95";"PIB volumen a precios del año anterior encadenado";"2023-3-1";49961;2023;1;3;"pib";2026-10-07
"96";"PIB volumen a precios del año anterior encadenado";"2023-6-1";50794;2023;2;6;"pib";2026-10-07
"97";"PIB volumen a precios del año anterior encadenado";"2023-9-1";49818;2023;3;9;"pib";2026-10-07
"98";"PIB volumen a precios del año anterior encadenado";"2023-12-1";54154;2023;4;12;"pib";2026-10-07
"99";"PIB volumen a precios del año anterior encadenado";"2024-3-1";51699;2024;1;3;"pib";2026-10-07
"100";"PIB volumen a precios del año anterior encadenado";"2024-6-1";51391;2024;2;6;"pib";2026-10-07
"101";"PIB volumen a precios del año anterior encadenado";"2024-9-1";51007;2024;3;9;"pib";2026-10-07
"102";"PIB volumen a precios del año anterior encadenado";"2024-12-1";56373;2024;4;12;"pib";2026-10-07
"103";"PIB volumen a precios del año anterior encadenado";"2025-3-1";53213;2025;1;3;"pib";2026-10-07
"104";"PIB volumen a precios del año anterior encadenado";"2025-6-1";53310;2025;2;6;"pib";2026-10-07
"105";"PIB volumen a precios del año anterior encadenado";"2025-9-1";51876;2025;3;9;"pib";2026-10-07
"106";"PIB volumen a precios del año anterior encadenado";"2025-12-1";57247;2025;4;12;"pib";2026-10-07
"107";"PIB volumen a precios del año anterior encadenado";"2026-3-1";53040;2026;1;3;"pib";2026-10-07
"108";"PIB volumen a precios del año anterior encadenado";"2026-6-1";53211;2026;2;6;"pib";2026-10-07
"109";"PIB volumen a precios del año anterior encadenado (desestacionalizado)";"2013-3-1";42052;2013;1;3;"pib";2026-10-07
"110";"PIB volumen a precios del año anterior encadenado (desestacionalizado)";"2013-6-1";42404;2013;2;6;"pib";2026-10-07
"111";"PIB volumen a precios del año anterior encadenado (desestacionalizado)";"2013-9-1";42664;2013;3;9;"pib";2026-10-07
"112";"PIB volumen a precios del año anterior encadenado (desestacionalizado)";"2013-12-1";42811;2013;4;12;"pib";2026-10-07
"113";"PIB volumen a precios del año anterior encadenado (desestacionalizado)";"2014-3-1";42938;2014;1;3;"pib";2026-10-07
"114";"PIB volumen a precios del año anterior encadenado (desestacionalizado)";"2014-6-1";43283;2014;2;6;"pib";2026-10-07
"115";"PIB volumen a precios del año anterior encadenado (desestacionalizado)";"2014-9-1";43099;2014;3;9;"pib";2026-10-07
"116";"PIB volumen a precios del año anterior encadenado (desestacionalizado)";"2014-12-1";43560;2014;4;12;"pib";2026-10-07
"117";"PIB volumen a precios del año anterior encadenado (desestacionalizado)";"2015-3-1";43845;2015;1;3;"pib";2026-10-07
"118";"PIB volumen a precios del año anterior encadenado (desestacionalizado)";"2015-6-1";44261;2015;2;6;"pib";2026-10-07
"119";"PIB volumen a precios del año anterior encadenado (desestacionalizado)";"2015-9-1";44065;2015;3;9;"pib";2026-10-07
"120";"PIB volumen a precios del año anterior encadenado (desestacionalizado)";"2015-12-1";44407;2015;4;12;"pib";2026-10-07
"121";"PIB volumen a precios del año anterior encadenado (desestacionalizado)";"2016-3-1";44840;2016;1;3;"pib";2026-10-07
"122";"PIB volumen a precios del año anterior encadenado (desestacionalizado)";"2016-6-1";44684;2016;2;6;"pib";2026-10-07
"123";"PIB volumen a precios del año anterior encadenado (desestacionalizado)";"2016-9-1";44962;2016;3;9;"pib";2026-10-07
"124";"PIB volumen a precios del año anterior encadenado (desestacionalizado)";"2016-12-1";44931;2016;4;12;"pib";2026-10-07
"125";"PIB volumen a precios del año anterior encadenado (desestacionalizado)";"2017-3-1";44642;2017;1;3;"pib";2026-10-07
"126";"PIB volumen a precios del año anterior encadenado (desestacionalizado)";"2017-6-1";45240;2017;2;6;"pib";2026-10-07
"127";"PIB volumen a precios del año anterior encadenado (desestacionalizado)";"2017-9-1";46090;2017;3;9;"pib";2026-10-07
"128";"PIB volumen a precios del año anterior encadenado (desestacionalizado)";"2017-12-1";46408;2017;4;12;"pib";2026-10-07
"129";"PIB volumen a precios del año anterior encadenado (desestacionalizado)";"2018-3-1";46969;2018;1;3;"pib";2026-10-07
"130";"PIB volumen a precios del año anterior encadenado (desestacionalizado)";"2018-6-1";47482;2018;2;6;"pib";2026-10-07
"131";"PIB volumen a precios del año anterior encadenado (desestacionalizado)";"2018-9-1";47335;2018;3;9;"pib";2026-10-07
"132";"PIB volumen a precios del año anterior encadenado (desestacionalizado)";"2018-12-1";47916;2018;4;12;"pib";2026-10-07
"133";"PIB volumen a precios del año anterior encadenado (desestacionalizado)";"2019-3-1";47724;2019;1;3;"pib";2026-10-07
"134";"PIB volumen a precios del año anterior encadenado (desestacionalizado)";"2019-6-1";48373;2019;2;6;"pib";2026-10-07
"135";"PIB volumen a precios del año anterior encadenado (desestacionalizado)";"2019-9-1";48281;2019;3;9;"pib";2026-10-07
"136";"PIB volumen a precios del año anterior encadenado (desestacionalizado)";"2019-12-1";46366;2019;4;12;"pib";2026-10-07
"137";"PIB volumen a precios del año anterior encadenado (desestacionalizado)";"2020-3-1";47333;2020;1;3;"pib";2026-10-07
"138";"PIB volumen a precios del año anterior encadenado (desestacionalizado)";"2020-6-1";41401;2020;2;6;"pib";2026-10-07
"139";"PIB volumen a precios del año anterior encadenado (desestacionalizado)";"2020-9-1";43457;2020;3;9;"pib";2026-10-07
"140";"PIB volumen a precios del año anterior encadenado (desestacionalizado)";"2020-12-1";46321;2020;4;12;"pib";2026-10-07
"141";"PIB volumen a precios del año anterior encadenado (desestacionalizado)";"2021-3-1";48135;2021;1;3;"pib";2026-10-07
"142";"PIB volumen a precios del año anterior encadenado (desestacionalizado)";"2021-6-1";48720;2021;2;6;"pib";2026-10-07
"143";"PIB volumen a precios del año anterior encadenado (desestacionalizado)";"2021-9-1";50733;2021;3;9;"pib";2026-10-07
"144";"PIB volumen a precios del año anterior encadenado (desestacionalizado)";"2021-12-1";51628;2021;4;12;"pib";2026-10-07
"145";"PIB volumen a precios del año anterior encadenado (desestacionalizado)";"2022-3-1";50945;2022;1;3;"pib";2026-10-07
"146";"PIB volumen a precios del año anterior encadenado (desestacionalizado)";"2022-6-1";51156;2022;2;6;"pib";2026-10-07
"147";"PIB volumen a precios del año anterior encadenado (desestacionalizado)";"2022-9-1";50684;2022;3;9;"pib";2026-10-07
"148";"PIB volumen a precios del año anterior encadenado (desestacionalizado)";"2022-12-1";50574;2022;4;12;"pib";2026-10-07
"149";"PIB volumen a precios del año anterior encadenado (desestacionalizado)";"2023-3-1";50791;2023;1;3;"pib";2026-10-07
"150";"PIB volumen a precios del año anterior encadenado (desestacionalizado)";"2023-6-1";51073;2023;2;6;"pib";2026-10-07
"151";"PIB volumen a precios del año anterior encadenado (desestacionalizado)";"2023-9-1";51487;2023;3;9;"pib";2026-10-07
"152";"PIB volumen a precios del año anterior encadenado (desestacionalizado)";"2023-12-1";51594;2023;4;12;"pib";2026-10-07
"153";"PIB volumen a precios del año anterior encadenado (desestacionalizado)";"2024-3-1";52219;2024;1;3;"pib";2026-10-07
"154";"PIB volumen a precios del año anterior encadenado (desestacionalizado)";"2024-6-1";51978;2024;2;6;"pib";2026-10-07
"155";"PIB volumen a precios del año anterior encadenado (desestacionalizado)";"2024-9-1";52804;2024;3;9;"pib";2026-10-07
"156";"PIB volumen a precios del año anterior encadenado (desestacionalizado)";"2024-12-1";53252;2024;4;12;"pib";2026-10-07
"157";"PIB volumen a precios del año anterior encadenado (desestacionalizado)";"2025-3-1";53722;2025;1;3;"pib";2026-10-07
"158";"PIB volumen a precios del año anterior encadenado (desestacionalizado)";"2025-6-1";54090;2025;2;6;"pib";2026-10-07
"159";"PIB volumen a precios del año anterior encadenado (desestacionalizado)";"2025-9-1";53851;2025;3;9;"pib";2026-10-07
"160";"PIB volumen a precios del año anterior encadenado (desestacionalizado)";"2025-12-1";54057;2025;4;12;"pib";2026-10-07
"161";"PIB volumen a precios del año anterior encadenado (desestacionalizado)";"2026-3-1";53920;2026;1;3;"pib";2026-10-07
"162";"PIB volumen a precios del año anterior encadenado (desestacionalizado)";"2026-6-1";53912;2026;2;6;"pib";2026-10-07
"163";"Imacec empalmado, serie original (índice 2018=100)";"2013-1-1";86,6;2013;NA;1;"imacec";2026-10-07
"164";"Imacec empalmado, serie original (índice 2018=100)";"2013-2-1";82,3;2013;NA;2;"imacec";2026-10-07
"165";"Imacec empalmado, serie original (índice 2018=100)";"2013-3-1";92,9;2013;NA;3;"imacec";2026-10-07
"166";"Imacec empalmado, serie original (índice 2018=100)";"2013-4-1";91,4;2013;NA;4;"imacec";2026-10-07
"167";"Imacec empalmado, serie original (índice 2018=100)";"2013-5-1";90,7;2013;NA;5;"imacec";2026-10-07
"168";"Imacec empalmado, serie original (índice 2018=100)";"2013-6-1";88,6;2013;NA;6;"imacec";2026-10-07
"169";"Imacec empalmado, serie original (índice 2018=100)";"2013-7-1";85,5;2013;NA;7;"imacec";2026-10-07
"170";"Imacec empalmado, serie original (índice 2018=100)";"2013-8-1";89;2013;NA;8;"imacec";2026-10-07
"171";"Imacec empalmado, serie original (índice 2018=100)";"2013-9-1";85,3;2013;NA;9;"imacec";2026-10-07
"172";"Imacec empalmado, serie original (índice 2018=100)";"2013-10-1";92,3;2013;NA;10;"imacec";2026-10-07
"173";"Imacec empalmado, serie original (índice 2018=100)";"2013-11-1";94,5;2013;NA;11;"imacec";2026-10-07
"174";"Imacec empalmado, serie original (índice 2018=100)";"2013-12-1";97;2013;NA;12;"imacec";2026-10-07
"175";"Imacec empalmado, serie original (índice 2018=100)";"2014-1-1";88,1;2014;NA;1;"imacec";2026-10-07
"176";"Imacec empalmado, serie original (índice 2018=100)";"2014-2-1";84,8;2014;NA;2;"imacec";2026-10-07
"177";"Imacec empalmado, serie original (índice 2018=100)";"2014-3-1";95,3;2014;NA;3;"imacec";2026-10-07
"178";"Imacec empalmado, serie original (índice 2018=100)";"2014-4-1";92,8;2014;NA;4;"imacec";2026-10-07
"179";"Imacec empalmado, serie original (índice 2018=100)";"2014-5-1";92,5;2014;NA;5;"imacec";2026-10-07
"180";"Imacec empalmado, serie original (índice 2018=100)";"2014-6-1";89,9;2014;NA;6;"imacec";2026-10-07
"181";"Imacec empalmado, serie original (índice 2018=100)";"2014-7-1";86,1;2014;NA;7;"imacec";2026-10-07
"182";"Imacec empalmado, serie original (índice 2018=100)";"2014-8-1";89,7;2014;NA;8;"imacec";2026-10-07
"183";"Imacec empalmado, serie original (índice 2018=100)";"2014-9-1";87,4;2014;NA;9;"imacec";2026-10-07
"184";"Imacec empalmado, serie original (índice 2018=100)";"2014-10-1";94;2014;NA;10;"imacec";2026-10-07
"185";"Imacec empalmado, serie original (índice 2018=100)";"2014-11-1";95,3;2014;NA;11;"imacec";2026-10-07
"186";"Imacec empalmado, serie original (índice 2018=100)";"2014-12-1";99,3;2014;NA;12;"imacec";2026-10-07
"187";"Imacec empalmado, serie original (índice 2018=100)";"2015-1-1";90,4;2015;NA;1;"imacec";2026-10-07
"188";"Imacec empalmado, serie original (índice 2018=100)";"2015-2-1";87,1;2015;NA;2;"imacec";2026-10-07
"189";"Imacec empalmado, serie original (índice 2018=100)";"2015-3-1";97,4;2015;NA;3;"imacec";2026-10-07
"190";"Imacec empalmado, serie original (índice 2018=100)";"2015-4-1";95,1;2015;NA;4;"imacec";2026-10-07
"191";"Imacec empalmado, serie original (índice 2018=100)";"2015-5-1";93,7;2015;NA;5;"imacec";2026-10-07
"192";"Imacec empalmado, serie original (índice 2018=100)";"2015-6-1";92,2;2015;NA;6;"imacec";2026-10-07
"193";"Imacec empalmado, serie original (índice 2018=100)";"2015-7-1";88,2;2015;NA;7;"imacec";2026-10-07
"194";"Imacec empalmado, serie original (índice 2018=100)";"2015-8-1";90,9;2015;NA;8;"imacec";2026-10-07
"195";"Imacec empalmado, serie original (índice 2018=100)";"2015-9-1";90;2015;NA;9;"imacec";2026-10-07
"196";"Imacec empalmado, serie original (índice 2018=100)";"2015-10-1";95,1;2015;NA;10;"imacec";2026-10-07
"197";"Imacec empalmado, serie original (índice 2018=100)";"2015-11-1";97,4;2015;NA;11;"imacec";2026-10-07
"198";"Imacec empalmado, serie original (índice 2018=100)";"2015-12-1";101,4;2015;NA;12;"imacec";2026-10-07
"199";"Imacec empalmado, serie original (índice 2018=100)";"2016-1-1";92,1;2016;NA;1;"imacec";2026-10-07
"200";"Imacec empalmado, serie original (índice 2018=100)";"2016-2-1";90,8;2016;NA;2;"imacec";2026-10-07
"201";"Imacec empalmado, serie original (índice 2018=100)";"2016-3-1";100,2;2016;NA;3;"imacec";2026-10-07
"202";"Imacec empalmado, serie original (índice 2018=100)";"2016-4-1";95,7;2016;NA;4;"imacec";2026-10-07
"203";"Imacec empalmado, serie original (índice 2018=100)";"2016-5-1";95,6;2016;NA;5;"imacec";2026-10-07
"204";"Imacec empalmado, serie original (índice 2018=100)";"2016-6-1";93,2;2016;NA;6;"imacec";2026-10-07
"205";"Imacec empalmado, serie original (índice 2018=100)";"2016-7-1";89,2;2016;NA;7;"imacec";2026-10-07
"206";"Imacec empalmado, serie original (índice 2018=100)";"2016-8-1";93,8;2016;NA;8;"imacec";2026-10-07
"207";"Imacec empalmado, serie original (índice 2018=100)";"2016-9-1";91,5;2016;NA;9;"imacec";2026-10-07
"208";"Imacec empalmado, serie original (índice 2018=100)";"2016-10-1";94,7;2016;NA;10;"imacec";2026-10-07
"209";"Imacec empalmado, serie original (índice 2018=100)";"2016-11-1";98,7;2016;NA;11;"imacec";2026-10-07
"210";"Imacec empalmado, serie original (índice 2018=100)";"2016-12-1";103;2016;NA;12;"imacec";2026-10-07
"211";"Imacec empalmado, serie original (índice 2018=100)";"2017-1-1";92,5;2017;NA;1;"imacec";2026-10-07
"212";"Imacec empalmado, serie original (índice 2018=100)";"2017-2-1";89,1;2017;NA;2;"imacec";2026-10-07
"213";"Imacec empalmado, serie original (índice 2018=100)";"2017-3-1";100,5;2017;NA;3;"imacec";2026-10-07
"214";"Imacec empalmado, serie original (índice 2018=100)";"2017-4-1";95,4;2017;NA;4;"imacec";2026-10-07
"215";"Imacec empalmado, serie original (índice 2018=100)";"2017-5-1";96,9;2017;NA;5;"imacec";2026-10-07
"216";"Imacec empalmado, serie original (índice 2018=100)";"2017-6-1";94,2;2017;NA;6;"imacec";2026-10-07
"217";"Imacec empalmado, serie original (índice 2018=100)";"2017-7-1";90,9;2017;NA;7;"imacec";2026-10-07
"218";"Imacec empalmado, serie original (índice 2018=100)";"2017-8-1";95,9;2017;NA;8;"imacec";2026-10-07
"219";"Imacec empalmado, serie original (índice 2018=100)";"2017-9-1";92,8;2017;NA;9;"imacec";2026-10-07
"220";"Imacec empalmado, serie original (índice 2018=100)";"2017-10-1";97,8;2017;NA;10;"imacec";2026-10-07
"221";"Imacec empalmado, serie original (índice 2018=100)";"2017-11-1";102,1;2017;NA;11;"imacec";2026-10-07
"222";"Imacec empalmado, serie original (índice 2018=100)";"2017-12-1";105,7;2017;NA;12;"imacec";2026-10-07
"223";"Imacec empalmado, serie original (índice 2018=100)";"2018-1-1";96,9;2018;NA;1;"imacec";2026-10-07
"224";"Imacec empalmado, serie original (índice 2018=100)";"2018-2-1";92,9;2018;NA;2;"imacec";2026-10-07
"225";"Imacec empalmado, serie original (índice 2018=100)";"2018-3-1";105,3;2018;NA;3;"imacec";2026-10-07
"226";"Imacec empalmado, serie original (índice 2018=100)";"2018-4-1";102;2018;NA;4;"imacec";2026-10-07
"227";"Imacec empalmado, serie original (índice 2018=100)";"2018-5-1";101,5;2018;NA;5;"imacec";2026-10-07
"228";"Imacec empalmado, serie original (índice 2018=100)";"2018-6-1";98,3;2018;NA;6;"imacec";2026-10-07
"229";"Imacec empalmado, serie original (índice 2018=100)";"2018-7-1";93,7;2018;NA;7;"imacec";2026-10-07
"230";"Imacec empalmado, serie original (índice 2018=100)";"2018-8-1";98,2;2018;NA;8;"imacec";2026-10-07
"231";"Imacec empalmado, serie original (índice 2018=100)";"2018-9-1";94,4;2018;NA;9;"imacec";2026-10-07
"232";"Imacec empalmado, serie original (índice 2018=100)";"2018-10-1";102,2;2018;NA;10;"imacec";2026-10-07
"233";"Imacec empalmado, serie original (índice 2018=100)";"2018-11-1";105,6;2018;NA;11;"imacec";2026-10-07
"234";"Imacec empalmado, serie original (índice 2018=100)";"2018-12-1";109;2018;NA;12;"imacec";2026-10-07
"235";"Imacec empalmado, serie original (índice 2018=100)";"2019-1-1";98,8;2019;NA;1;"imacec";2026-10-07
"236";"Imacec empalmado, serie original (índice 2018=100)";"2019-2-1";93,2;2019;NA;2;"imacec";2026-10-07
"237";"Imacec empalmado, serie original (índice 2018=100)";"2019-3-1";106,7;2019;NA;3;"imacec";2026-10-07
"238";"Imacec empalmado, serie original (índice 2018=100)";"2019-4-1";103,8;2019;NA;4;"imacec";2026-10-07
"239";"Imacec empalmado, serie original (índice 2018=100)";"2019-5-1";103,4;2019;NA;5;"imacec";2026-10-07
"240";"Imacec empalmado, serie original (índice 2018=100)";"2019-6-1";99,2;2019;NA;6;"imacec";2026-10-07
"241";"Imacec empalmado, serie original (índice 2018=100)";"2019-7-1";96,3;2019;NA;7;"imacec";2026-10-07
"242";"Imacec empalmado, serie original (índice 2018=100)";"2019-8-1";101,3;2019;NA;8;"imacec";2026-10-07
"243";"Imacec empalmado, serie original (índice 2018=100)";"2019-9-1";97;2019;NA;9;"imacec";2026-10-07
"244";"Imacec empalmado, serie original (índice 2018=100)";"2019-10-1";97,6;2019;NA;10;"imacec";2026-10-07
"245";"Imacec empalmado, serie original (índice 2018=100)";"2019-11-1";100,3;2019;NA;11;"imacec";2026-10-07
"246";"Imacec empalmado, serie original (índice 2018=100)";"2019-12-1";110;2019;NA;12;"imacec";2026-10-07
"247";"Imacec empalmado, serie original (índice 2018=100)";"2020-1-1";99,7;2020;NA;1;"imacec";2026-10-07
"248";"Imacec empalmado, serie original (índice 2018=100)";"2020-2-1";95,8;2020;NA;2;"imacec";2026-10-07
"249";"Imacec empalmado, serie original (índice 2018=100)";"2020-3-1";102;2020;NA;3;"imacec";2026-10-07
"250";"Imacec empalmado, serie original (índice 2018=100)";"2020-4-1";88,2;2020;NA;4;"imacec";2026-10-07
"251";"Imacec empalmado, serie original (índice 2018=100)";"2020-5-1";86,9;2020;NA;5;"imacec";2026-10-07
"252";"Imacec empalmado, serie original (índice 2018=100)";"2020-6-1";85,3;2020;NA;6;"imacec";2026-10-07
"253";"Imacec empalmado, serie original (índice 2018=100)";"2020-7-1";85;2020;NA;7;"imacec";2026-10-07
"254";"Imacec empalmado, serie original (índice 2018=100)";"2020-8-1";90,2;2020;NA;8;"imacec";2026-10-07
"255";"Imacec empalmado, serie original (índice 2018=100)";"2020-9-1";92,2;2020;NA;9;"imacec";2026-10-07
"256";"Imacec empalmado, serie original (índice 2018=100)";"2020-10-1";96,2;2020;NA;10;"imacec";2026-10-07
"257";"Imacec empalmado, serie original (índice 2018=100)";"2020-11-1";101,3;2020;NA;11;"imacec";2026-10-07
"258";"Imacec empalmado, serie original (índice 2018=100)";"2020-12-1";110,7;2020;NA;12;"imacec";2026-10-07
"259";"Imacec empalmado, serie original (índice 2018=100)";"2021-1-1";96,3;2021;NA;1;"imacec";2026-10-07
"260";"Imacec empalmado, serie original (índice 2018=100)";"2021-2-1";93,7;2021;NA;2;"imacec";2026-10-07
"261";"Imacec empalmado, serie original (índice 2018=100)";"2021-3-1";108,8;2021;NA;3;"imacec";2026-10-07
"262";"Imacec empalmado, serie original (índice 2018=100)";"2021-4-1";101,6;2021;NA;4;"imacec";2026-10-07
"263";"Imacec empalmado, serie original (índice 2018=100)";"2021-5-1";103,9;2021;NA;5;"imacec";2026-10-07
"264";"Imacec empalmado, serie original (índice 2018=100)";"2021-6-1";102,7;2021;NA;6;"imacec";2026-10-07
"265";"Imacec empalmado, serie original (índice 2018=100)";"2021-7-1";99,8;2021;NA;7;"imacec";2026-10-07
"266";"Imacec empalmado, serie original (índice 2018=100)";"2021-8-1";106,4;2021;NA;8;"imacec";2026-10-07
"267";"Imacec empalmado, serie original (índice 2018=100)";"2021-9-1";104,7;2021;NA;9;"imacec";2026-10-07
"268";"Imacec empalmado, serie original (índice 2018=100)";"2021-10-1";109;2021;NA;10;"imacec";2026-10-07
"269";"Imacec empalmado, serie original (índice 2018=100)";"2021-11-1";114,8;2021;NA;11;"imacec";2026-10-07
"270";"Imacec empalmado, serie original (índice 2018=100)";"2021-12-1";120,4;2021;NA;12;"imacec";2026-10-07
"271";"Imacec empalmado, serie original (índice 2018=100)";"2022-1-1";103,3;2022;NA;1;"imacec";2026-10-07
"272";"Imacec empalmado, serie original (índice 2018=100)";"2022-2-1";98,4;2022;NA;2;"imacec";2026-10-07
"273";"Imacec empalmado, serie original (índice 2018=100)";"2022-3-1";115;2022;NA;3;"imacec";2026-10-07
"274";"Imacec empalmado, serie original (índice 2018=100)";"2022-4-1";107,6;2022;NA;4;"imacec";2026-10-07
"275";"Imacec empalmado, serie original (índice 2018=100)";"2022-5-1";109,7;2022;NA;5;"imacec";2026-10-07
"276";"Imacec empalmado, serie original (índice 2018=100)";"2022-6-1";105,6;2022;NA;6;"imacec";2026-10-07
"277";"Imacec empalmado, serie original (índice 2018=100)";"2022-7-1";99,4;2022;NA;7;"imacec";2026-10-07
"278";"Imacec empalmado, serie original (índice 2018=100)";"2022-8-1";107,1;2022;NA;8;"imacec";2026-10-07
"279";"Imacec empalmado, serie original (índice 2018=100)";"2022-9-1";104,8;2022;NA;9;"imacec";2026-10-07
"280";"Imacec empalmado, serie original (índice 2018=100)";"2022-10-1";106,9;2022;NA;10;"imacec";2026-10-07
"281";"Imacec empalmado, serie original (índice 2018=100)";"2022-11-1";111,5;2022;NA;11;"imacec";2026-10-07
"282";"Imacec empalmado, serie original (índice 2018=100)";"2022-12-1";118,8;2022;NA;12;"imacec";2026-10-07
"283";"Imacec empalmado, serie original (índice 2018=100)";"2023-1-1";104,7;2023;NA;1;"imacec";2026-10-07
"284";"Imacec empalmado, serie original (índice 2018=100)";"2023-2-1";98,6;2023;NA;2;"imacec";2026-10-07
"285";"Imacec empalmado, serie original (índice 2018=100)";"2023-3-1";113,3;2023;NA;3;"imacec";2026-10-07
"286";"Imacec empalmado, serie original (índice 2018=100)";"2023-4-1";107,1;2023;NA;4;"imacec";2026-10-07
"287";"Imacec empalmado, serie original (índice 2018=100)";"2023-5-1";109;2023;NA;5;"imacec";2026-10-07
"288";"Imacec empalmado, serie original (índice 2018=100)";"2023-6-1";105,6;2023;NA;6;"imacec";2026-10-07
"289";"Imacec empalmado, serie original (índice 2018=100)";"2023-7-1";102,3;2023;NA;7;"imacec";2026-10-07
"290";"Imacec empalmado, serie original (índice 2018=100)";"2023-8-1";107,5;2023;NA;8;"imacec";2026-10-07
"291";"Imacec empalmado, serie original (índice 2018=100)";"2023-9-1";105,8;2023;NA;9;"imacec";2026-10-07
"292";"Imacec empalmado, serie original (índice 2018=100)";"2023-10-1";109,5;2023;NA;10;"imacec";2026-10-07
"293";"Imacec empalmado, serie original (índice 2018=100)";"2023-11-1";114,1;2023;NA;11;"imacec";2026-10-07
"294";"Imacec empalmado, serie original (índice 2018=100)";"2023-12-1";119,5;2023;NA;12;"imacec";2026-10-07
"295";"Imacec empalmado, serie original (índice 2018=100)";"2024-1-1";108,6;2024;NA;1;"imacec";2026-10-07
"296";"Imacec empalmado, serie original (índice 2018=100)";"2024-2-1";104,3;2024;NA;2;"imacec";2026-10-07
"297";"Imacec empalmado, serie original (índice 2018=100)";"2024-3-1";114,6;2024;NA;3;"imacec";2026-10-07
"298";"Imacec empalmado, serie original (índice 2018=100)";"2024-4-1";111,3;2024;NA;4;"imacec";2026-10-07
"299";"Imacec empalmado, serie original (índice 2018=100)";"2024-5-1";109,4;2024;NA;5;"imacec";2026-10-07
"300";"Imacec empalmado, serie original (índice 2018=100)";"2024-6-1";104,9;2024;NA;6;"imacec";2026-10-07
"301";"Imacec empalmado, serie original (índice 2018=100)";"2024-7-1";106,9;2024;NA;7;"imacec";2026-10-07
"302";"Imacec empalmado, serie original (índice 2018=100)";"2024-8-1";109,9;2024;NA;8;"imacec";2026-10-07
"303";"Imacec empalmado, serie original (índice 2018=100)";"2024-9-1";106,3;2024;NA;9;"imacec";2026-10-07
"304";"Imacec empalmado, serie original (índice 2018=100)";"2024-10-1";112,7;2024;NA;10;"imacec";2026-10-07
"305";"Imacec empalmado, serie original (índice 2018=100)";"2024-11-1";116,8;2024;NA;11;"imacec";2026-10-07
"306";"Imacec empalmado, serie original (índice 2018=100)";"2024-12-1";127,6;2024;NA;12;"imacec";2026-10-07
"307";"Imacec empalmado, serie original (índice 2018=100)";"2025-1-1";112,2;2025;NA;1;"imacec";2026-10-07
"308";"Imacec empalmado, serie original (índice 2018=100)";"2025-2-1";104,6;2025;NA;2;"imacec";2026-10-07
"309";"Imacec empalmado, serie original (índice 2018=100)";"2025-3-1";120,3;2025;NA;3;"imacec";2026-10-07
"310";"Imacec empalmado, serie original (índice 2018=100)";"2025-4-1";115,6;2025;NA;4;"imacec";2026-10-07
"311";"Imacec empalmado, serie original (índice 2018=100)";"2025-5-1";113,7;2025;NA;5;"imacec";2026-10-07
"312";"Imacec empalmado, serie original (índice 2018=100)";"2025-6-1";108,4;2025;NA;6;"imacec";2026-10-07
"313";"Imacec empalmado, serie original (índice 2018=100)";"2025-7-1";108,6;2025;NA;7;"imacec";2026-10-07
"314";"Imacec empalmado, serie original (índice 2018=100)";"2025-8-1";110,2;2025;NA;8;"imacec";2026-10-07
"315";"Imacec empalmado, serie original (índice 2018=100)";"2025-9-1";109,8;2025;NA;9;"imacec";2026-10-07
"316";"Imacec empalmado, serie original (índice 2018=100)";"2025-10-1";115;2025;NA;10;"imacec";2026-10-07
"317";"Imacec empalmado, serie original (índice 2018=100)";"2025-11-1";118,4;2025;NA;11;"imacec";2026-10-07
"318";"Imacec empalmado, serie original (índice 2018=100)";"2025-12-1";129,2;2025;NA;12;"imacec";2026-10-07
"319";"Imacec empalmado, serie original (índice 2018=100)";"2026-1-1";111,2;2026;NA;1;"imacec";2026-10-07
"320";"Imacec empalmado, serie original (índice 2018=100)";"2026-2-1";104,4;2026;NA;2;"imacec";2026-10-07
"321";"Imacec empalmado, serie original (índice 2018=100)";"2026-3-1";120,4;2026;NA;3;"imacec";2026-10-07
"322";"Imacec empalmado, serie original (índice 2018=100)";"2026-4-1";114,4;2026;NA;4;"imacec";2026-10-07
"323";"Imacec empalmado, serie original (índice 2018=100)";"2026-5-1";112,1;2026;NA;5;"imacec";2026-10-07
"324";"Imacec empalmado, serie original (índice 2018=100)";"2026-6-1";110,6;2026;NA;6;"imacec";2026-10-07
"325";"Imacec empalmado, serie original (índice 2018=100)";"2026-7-1";107;2026;NA;7;"imacec";2026-10-07
"326";"Imacec empalmado, serie original (índice 2018=100)";"2026-8-1";109,1;2026;NA;8;"imacec";2026-10-07
"327";"Imacec empalmado, desestacionalizado (índice 2018=100)";"2013-1-1";88,8;2013;NA;1;"imacec";2026-10-07
"328";"Imacec empalmado, desestacionalizado (índice 2018=100)";"2013-2-1";88,3;2013;NA;2;"imacec";2026-10-07
"329";"Imacec empalmado, desestacionalizado (índice 2018=100)";"2013-3-1";89;2013;NA;3;"imacec";2026-10-07
"330";"Imacec empalmado, desestacionalizado (índice 2018=100)";"2013-4-1";89,1;2013;NA;4;"imacec";2026-10-07
"331";"Imacec empalmado, desestacionalizado (índice 2018=100)";"2013-5-1";89,2;2013;NA;5;"imacec";2026-10-07
"332";"Imacec empalmado, desestacionalizado (índice 2018=100)";"2013-6-1";90;2013;NA;6;"imacec";2026-10-07
"333";"Imacec empalmado, desestacionalizado (índice 2018=100)";"2013-7-1";90;2013;NA;7;"imacec";2026-10-07
"334";"Imacec empalmado, desestacionalizado (índice 2018=100)";"2013-8-1";90,1;2013;NA;8;"imacec";2026-10-07
"335";"Imacec empalmado, desestacionalizado (índice 2018=100)";"2013-9-1";89,8;2013;NA;9;"imacec";2026-10-07
"336";"Imacec empalmado, desestacionalizado (índice 2018=100)";"2013-10-1";90,3;2013;NA;10;"imacec";2026-10-07
"337";"Imacec empalmado, desestacionalizado (índice 2018=100)";"2013-11-1";90,7;2013;NA;11;"imacec";2026-10-07
"338";"Imacec empalmado, desestacionalizado (índice 2018=100)";"2013-12-1";89,8;2013;NA;12;"imacec";2026-10-07
"339";"Imacec empalmado, desestacionalizado (índice 2018=100)";"2014-1-1";89,9;2014;NA;1;"imacec";2026-10-07
"340";"Imacec empalmado, desestacionalizado (índice 2018=100)";"2014-2-1";90,8;2014;NA;2;"imacec";2026-10-07
"341";"Imacec empalmado, desestacionalizado (índice 2018=100)";"2014-3-1";90,9;2014;NA;3;"imacec";2026-10-07
"342";"Imacec empalmado, desestacionalizado (índice 2018=100)";"2014-4-1";91,4;2014;NA;4;"imacec";2026-10-07
"343";"Imacec empalmado, desestacionalizado (índice 2018=100)";"2014-5-1";91,5;2014;NA;5;"imacec";2026-10-07
"344";"Imacec empalmado, desestacionalizado (índice 2018=100)";"2014-6-1";90,9;2014;NA;6;"imacec";2026-10-07
"345";"Imacec empalmado, desestacionalizado (índice 2018=100)";"2014-7-1";90,6;2014;NA;7;"imacec";2026-10-07
"346";"Imacec empalmado, desestacionalizado (índice 2018=100)";"2014-8-1";91,1;2014;NA;8;"imacec";2026-10-07
"347";"Imacec empalmado, desestacionalizado (índice 2018=100)";"2014-9-1";90,9;2014;NA;9;"imacec";2026-10-07
"348";"Imacec empalmado, desestacionalizado (índice 2018=100)";"2014-10-1";92;2014;NA;10;"imacec";2026-10-07
"349";"Imacec empalmado, desestacionalizado (índice 2018=100)";"2014-11-1";91,5;2014;NA;11;"imacec";2026-10-07
"350";"Imacec empalmado, desestacionalizado (índice 2018=100)";"2014-12-1";92;2014;NA;12;"imacec";2026-10-07
"351";"Imacec empalmado, desestacionalizado (índice 2018=100)";"2015-1-1";92,7;2015;NA;1;"imacec";2026-10-07
"352";"Imacec empalmado, desestacionalizado (índice 2018=100)";"2015-2-1";92,6;2015;NA;2;"imacec";2026-10-07
"353";"Imacec empalmado, desestacionalizado (índice 2018=100)";"2015-3-1";92,1;2015;NA;3;"imacec";2026-10-07
"354";"Imacec empalmado, desestacionalizado (índice 2018=100)";"2015-4-1";93,4;2015;NA;4;"imacec";2026-10-07
"355";"Imacec empalmado, desestacionalizado (índice 2018=100)";"2015-5-1";93,2;2015;NA;5;"imacec";2026-10-07
"356";"Imacec empalmado, desestacionalizado (índice 2018=100)";"2015-6-1";93,4;2015;NA;6;"imacec";2026-10-07
"357";"Imacec empalmado, desestacionalizado (índice 2018=100)";"2015-7-1";93;2015;NA;7;"imacec";2026-10-07
"358";"Imacec empalmado, desestacionalizado (índice 2018=100)";"2015-8-1";92,3;2015;NA;8;"imacec";2026-10-07
"359";"Imacec empalmado, desestacionalizado (índice 2018=100)";"2015-9-1";93,5;2015;NA;9;"imacec";2026-10-07
"360";"Imacec empalmado, desestacionalizado (índice 2018=100)";"2015-10-1";93,8;2015;NA;10;"imacec";2026-10-07
"361";"Imacec empalmado, desestacionalizado (índice 2018=100)";"2015-11-1";93,4;2015;NA;11;"imacec";2026-10-07
"362";"Imacec empalmado, desestacionalizado (índice 2018=100)";"2015-12-1";93,7;2015;NA;12;"imacec";2026-10-07
"363";"Imacec empalmado, desestacionalizado (índice 2018=100)";"2016-1-1";94,5;2016;NA;1;"imacec";2026-10-07
"364";"Imacec empalmado, desestacionalizado (índice 2018=100)";"2016-2-1";94,6;2016;NA;2;"imacec";2026-10-07
"365";"Imacec empalmado, desestacionalizado (índice 2018=100)";"2016-3-1";94,5;2016;NA;3;"imacec";2026-10-07
"366";"Imacec empalmado, desestacionalizado (índice 2018=100)";"2016-4-1";94,1;2016;NA;4;"imacec";2026-10-07
"367";"Imacec empalmado, desestacionalizado (índice 2018=100)";"2016-5-1";94;2016;NA;5;"imacec";2026-10-07
"368";"Imacec empalmado, desestacionalizado (índice 2018=100)";"2016-6-1";94,6;2016;NA;6;"imacec";2026-10-07
"369";"Imacec empalmado, desestacionalizado (índice 2018=100)";"2016-7-1";94,7;2016;NA;7;"imacec";2026-10-07
"370";"Imacec empalmado, desestacionalizado (índice 2018=100)";"2016-8-1";94,7;2016;NA;8;"imacec";2026-10-07
"371";"Imacec empalmado, desestacionalizado (índice 2018=100)";"2016-9-1";95,1;2016;NA;9;"imacec";2026-10-07
"372";"Imacec empalmado, desestacionalizado (índice 2018=100)";"2016-10-1";94,6;2016;NA;10;"imacec";2026-10-07
"373";"Imacec empalmado, desestacionalizado (índice 2018=100)";"2016-11-1";94,8;2016;NA;11;"imacec";2026-10-07
"374";"Imacec empalmado, desestacionalizado (índice 2018=100)";"2016-12-1";94,9;2016;NA;12;"imacec";2026-10-07
"375";"Imacec empalmado, desestacionalizado (índice 2018=100)";"2017-1-1";94,5;2017;NA;1;"imacec";2026-10-07
"376";"Imacec empalmado, desestacionalizado (índice 2018=100)";"2017-2-1";94,2;2017;NA;2;"imacec";2026-10-07
"377";"Imacec empalmado, desestacionalizado (índice 2018=100)";"2017-3-1";93,8;2017;NA;3;"imacec";2026-10-07
"378";"Imacec empalmado, desestacionalizado (índice 2018=100)";"2017-4-1";94,8;2017;NA;4;"imacec";2026-10-07
"379";"Imacec empalmado, desestacionalizado (índice 2018=100)";"2017-5-1";95,4;2017;NA;5;"imacec";2026-10-07
"380";"Imacec empalmado, desestacionalizado (índice 2018=100)";"2017-6-1";95,9;2017;NA;6;"imacec";2026-10-07
"381";"Imacec empalmado, desestacionalizado (índice 2018=100)";"2017-7-1";96,8;2017;NA;7;"imacec";2026-10-07
"382";"Imacec empalmado, desestacionalizado (índice 2018=100)";"2017-8-1";97,2;2017;NA;8;"imacec";2026-10-07
"383";"Imacec empalmado, desestacionalizado (índice 2018=100)";"2017-9-1";97,6;2017;NA;9;"imacec";2026-10-07
"384";"Imacec empalmado, desestacionalizado (índice 2018=100)";"2017-10-1";97,4;2017;NA;10;"imacec";2026-10-07
"385";"Imacec empalmado, desestacionalizado (índice 2018=100)";"2017-11-1";98,1;2017;NA;11;"imacec";2026-10-07
"386";"Imacec empalmado, desestacionalizado (índice 2018=100)";"2017-12-1";98,1;2017;NA;12;"imacec";2026-10-07
"387";"Imacec empalmado, desestacionalizado (índice 2018=100)";"2018-1-1";98,8;2018;NA;1;"imacec";2026-10-07
"388";"Imacec empalmado, desestacionalizado (índice 2018=100)";"2018-2-1";99;2018;NA;2;"imacec";2026-10-07
"389";"Imacec empalmado, desestacionalizado (índice 2018=100)";"2018-3-1";99,3;2018;NA;3;"imacec";2026-10-07
"390";"Imacec empalmado, desestacionalizado (índice 2018=100)";"2018-4-1";100;2018;NA;4;"imacec";2026-10-07
"391";"Imacec empalmado, desestacionalizado (índice 2018=100)";"2018-5-1";100,3;2018;NA;5;"imacec";2026-10-07
"392";"Imacec empalmado, desestacionalizado (índice 2018=100)";"2018-6-1";100,1;2018;NA;6;"imacec";2026-10-07
"393";"Imacec empalmado, desestacionalizado (índice 2018=100)";"2018-7-1";100,1;2018;NA;7;"imacec";2026-10-07
"394";"Imacec empalmado, desestacionalizado (índice 2018=100)";"2018-8-1";99,5;2018;NA;8;"imacec";2026-10-07
"395";"Imacec empalmado, desestacionalizado (índice 2018=100)";"2018-9-1";99,8;2018;NA;9;"imacec";2026-10-07
"396";"Imacec empalmado, desestacionalizado (índice 2018=100)";"2018-10-1";101;2018;NA;10;"imacec";2026-10-07
"397";"Imacec empalmado, desestacionalizado (índice 2018=100)";"2018-11-1";101,8;2018;NA;11;"imacec";2026-10-07
"398";"Imacec empalmado, desestacionalizado (índice 2018=100)";"2018-12-1";100,4;2018;NA;12;"imacec";2026-10-07
"399";"Imacec empalmado, desestacionalizado (índice 2018=100)";"2019-1-1";100,9;2019;NA;1;"imacec";2026-10-07
"400";"Imacec empalmado, desestacionalizado (índice 2018=100)";"2019-2-1";99,9;2019;NA;2;"imacec";2026-10-07
"401";"Imacec empalmado, desestacionalizado (índice 2018=100)";"2019-3-1";101;2019;NA;3;"imacec";2026-10-07
"402";"Imacec empalmado, desestacionalizado (índice 2018=100)";"2019-4-1";102,2;2019;NA;4;"imacec";2026-10-07
"403";"Imacec empalmado, desestacionalizado (índice 2018=100)";"2019-5-1";102,4;2019;NA;5;"imacec";2026-10-07
"404";"Imacec empalmado, desestacionalizado (índice 2018=100)";"2019-6-1";101,4;2019;NA;6;"imacec";2026-10-07
"405";"Imacec empalmado, desestacionalizado (índice 2018=100)";"2019-7-1";101,5;2019;NA;7;"imacec";2026-10-07
"406";"Imacec empalmado, desestacionalizado (índice 2018=100)";"2019-8-1";102,6;2019;NA;8;"imacec";2026-10-07
"407";"Imacec empalmado, desestacionalizado (índice 2018=100)";"2019-9-1";101,3;2019;NA;9;"imacec";2026-10-07
"408";"Imacec empalmado, desestacionalizado (índice 2018=100)";"2019-10-1";96,9;2019;NA;10;"imacec";2026-10-07
"409";"Imacec empalmado, desestacionalizado (índice 2018=100)";"2019-11-1";97;2019;NA;11;"imacec";2026-10-07
"410";"Imacec empalmado, desestacionalizado (índice 2018=100)";"2019-12-1";99,5;2019;NA;12;"imacec";2026-10-07
"411";"Imacec empalmado, desestacionalizado (índice 2018=100)";"2020-1-1";101,8;2020;NA;1;"imacec";2026-10-07
"412";"Imacec empalmado, desestacionalizado (índice 2018=100)";"2020-2-1";101,5;2020;NA;2;"imacec";2026-10-07
"413";"Imacec empalmado, desestacionalizado (índice 2018=100)";"2020-3-1";96,1;2020;NA;3;"imacec";2026-10-07
"414";"Imacec empalmado, desestacionalizado (índice 2018=100)";"2020-4-1";88,4;2020;NA;4;"imacec";2026-10-07
"415";"Imacec empalmado, desestacionalizado (índice 2018=100)";"2020-5-1";86,8;2020;NA;5;"imacec";2026-10-07
"416";"Imacec empalmado, desestacionalizado (índice 2018=100)";"2020-6-1";86,7;2020;NA;6;"imacec";2026-10-07
"417";"Imacec empalmado, desestacionalizado (índice 2018=100)";"2020-7-1";88,8;2020;NA;7;"imacec";2026-10-07
"418";"Imacec empalmado, desestacionalizado (índice 2018=100)";"2020-8-1";91,4;2020;NA;8;"imacec";2026-10-07
"419";"Imacec empalmado, desestacionalizado (índice 2018=100)";"2020-9-1";94,8;2020;NA;9;"imacec";2026-10-07
"420";"Imacec empalmado, desestacionalizado (índice 2018=100)";"2020-10-1";96;2020;NA;10;"imacec";2026-10-07
"421";"Imacec empalmado, desestacionalizado (índice 2018=100)";"2020-11-1";97,3;2020;NA;11;"imacec";2026-10-07
"422";"Imacec empalmado, desestacionalizado (índice 2018=100)";"2020-12-1";99,7;2020;NA;12;"imacec";2026-10-07
"423";"Imacec empalmado, desestacionalizado (índice 2018=100)";"2021-1-1";100,4;2021;NA;1;"imacec";2026-10-07
"424";"Imacec empalmado, desestacionalizado (índice 2018=100)";"2021-2-1";102,8;2021;NA;2;"imacec";2026-10-07
"425";"Imacec empalmado, desestacionalizado (índice 2018=100)";"2021-3-1";101,3;2021;NA;3;"imacec";2026-10-07
"426";"Imacec empalmado, desestacionalizado (índice 2018=100)";"2021-4-1";99,9;2021;NA;4;"imacec";2026-10-07
"427";"Imacec empalmado, desestacionalizado (índice 2018=100)";"2021-5-1";103,4;2021;NA;5;"imacec";2026-10-07
"428";"Imacec empalmado, desestacionalizado (índice 2018=100)";"2021-6-1";104,8;2021;NA;6;"imacec";2026-10-07
"429";"Imacec empalmado, desestacionalizado (índice 2018=100)";"2021-7-1";106,4;2021;NA;7;"imacec";2026-10-07
"430";"Imacec empalmado, desestacionalizado (índice 2018=100)";"2021-8-1";106,9;2021;NA;8;"imacec";2026-10-07
"431";"Imacec empalmado, desestacionalizado (índice 2018=100)";"2021-9-1";107,6;2021;NA;9;"imacec";2026-10-07
"432";"Imacec empalmado, desestacionalizado (índice 2018=100)";"2021-10-1";108,5;2021;NA;10;"imacec";2026-10-07
"433";"Imacec empalmado, desestacionalizado (índice 2018=100)";"2021-11-1";109,5;2021;NA;11;"imacec";2026-10-07
"434";"Imacec empalmado, desestacionalizado (índice 2018=100)";"2021-12-1";108,7;2021;NA;12;"imacec";2026-10-07
"435";"Imacec empalmado, desestacionalizado (índice 2018=100)";"2022-1-1";106,7;2022;NA;1;"imacec";2026-10-07
"436";"Imacec empalmado, desestacionalizado (índice 2018=100)";"2022-2-1";107,2;2022;NA;2;"imacec";2026-10-07
"437";"Imacec empalmado, desestacionalizado (índice 2018=100)";"2022-3-1";108,3;2022;NA;3;"imacec";2026-10-07
"438";"Imacec empalmado, desestacionalizado (índice 2018=100)";"2022-4-1";107,2;2022;NA;4;"imacec";2026-10-07
"439";"Imacec empalmado, desestacionalizado (índice 2018=100)";"2022-5-1";108,6;2022;NA;5;"imacec";2026-10-07
"440";"Imacec empalmado, desestacionalizado (índice 2018=100)";"2022-6-1";107,7;2022;NA;6;"imacec";2026-10-07
"441";"Imacec empalmado, desestacionalizado (índice 2018=100)";"2022-7-1";104,9;2022;NA;7;"imacec";2026-10-07
"442";"Imacec empalmado, desestacionalizado (índice 2018=100)";"2022-8-1";107,9;2022;NA;8;"imacec";2026-10-07
"443";"Imacec empalmado, desestacionalizado (índice 2018=100)";"2022-9-1";108;2022;NA;9;"imacec";2026-10-07
"444";"Imacec empalmado, desestacionalizado (índice 2018=100)";"2022-10-1";106,8;2022;NA;10;"imacec";2026-10-07
"445";"Imacec empalmado, desestacionalizado (índice 2018=100)";"2022-11-1";106,4;2022;NA;11;"imacec";2026-10-07
"446";"Imacec empalmado, desestacionalizado (índice 2018=100)";"2022-12-1";106,7;2022;NA;12;"imacec";2026-10-07
"447";"Imacec empalmado, desestacionalizado (índice 2018=100)";"2023-1-1";107,4;2023;NA;1;"imacec";2026-10-07
"448";"Imacec empalmado, desestacionalizado (índice 2018=100)";"2023-2-1";107;2023;NA;2;"imacec";2026-10-07
"449";"Imacec empalmado, desestacionalizado (índice 2018=100)";"2023-3-1";106,8;2023;NA;3;"imacec";2026-10-07
"450";"Imacec empalmado, desestacionalizado (índice 2018=100)";"2023-4-1";107,1;2023;NA;4;"imacec";2026-10-07
"451";"Imacec empalmado, desestacionalizado (índice 2018=100)";"2023-5-1";107,8;2023;NA;5;"imacec";2026-10-07
"452";"Imacec empalmado, desestacionalizado (índice 2018=100)";"2023-6-1";107,8;2023;NA;6;"imacec";2026-10-07
"453";"Imacec empalmado, desestacionalizado (índice 2018=100)";"2023-7-1";108,1;2023;NA;7;"imacec";2026-10-07
"454";"Imacec empalmado, desestacionalizado (índice 2018=100)";"2023-8-1";108,5;2023;NA;8;"imacec";2026-10-07
"455";"Imacec empalmado, desestacionalizado (índice 2018=100)";"2023-9-1";109,4;2023;NA;9;"imacec";2026-10-07
"456";"Imacec empalmado, desestacionalizado (índice 2018=100)";"2023-10-1";109;2023;NA;10;"imacec";2026-10-07
"457";"Imacec empalmado, desestacionalizado (índice 2018=100)";"2023-11-1";109;2023;NA;11;"imacec";2026-10-07
"458";"Imacec empalmado, desestacionalizado (índice 2018=100)";"2023-12-1";108,4;2023;NA;12;"imacec";2026-10-07
"459";"Imacec empalmado, desestacionalizado (índice 2018=100)";"2024-1-1";110,2;2024;NA;1;"imacec";2026-10-07
"460";"Imacec empalmado, desestacionalizado (índice 2018=100)";"2024-2-1";110,8;2024;NA;2;"imacec";2026-10-07
"461";"Imacec empalmado, desestacionalizado (índice 2018=100)";"2024-3-1";109,2;2024;NA;3;"imacec";2026-10-07
"462";"Imacec empalmado, desestacionalizado (índice 2018=100)";"2024-4-1";109,8;2024;NA;4;"imacec";2026-10-07
"463";"Imacec empalmado, desestacionalizado (índice 2018=100)";"2024-5-1";109,3;2024;NA;5;"imacec";2026-10-07
"464";"Imacec empalmado, desestacionalizado (índice 2018=100)";"2024-6-1";109,3;2024;NA;6;"imacec";2026-10-07
"465";"Imacec empalmado, desestacionalizado (índice 2018=100)";"2024-7-1";111,7;2024;NA;7;"imacec";2026-10-07
"466";"Imacec empalmado, desestacionalizado (índice 2018=100)";"2024-8-1";111,9;2024;NA;8;"imacec";2026-10-07
"467";"Imacec empalmado, desestacionalizado (índice 2018=100)";"2024-9-1";111;2024;NA;9;"imacec";2026-10-07
"468";"Imacec empalmado, desestacionalizado (índice 2018=100)";"2024-10-1";111,5;2024;NA;10;"imacec";2026-10-07
"469";"Imacec empalmado, desestacionalizado (índice 2018=100)";"2024-11-1";112,3;2024;NA;11;"imacec";2026-10-07
"470";"Imacec empalmado, desestacionalizado (índice 2018=100)";"2024-12-1";113,2;2024;NA;12;"imacec";2026-10-07
"471";"Imacec empalmado, desestacionalizado (índice 2018=100)";"2025-1-1";113,6;2025;NA;1;"imacec";2026-10-07
"472";"Imacec empalmado, desestacionalizado (índice 2018=100)";"2025-2-1";112,7;2025;NA;2;"imacec";2026-10-07
"473";"Imacec empalmado, desestacionalizado (índice 2018=100)";"2025-3-1";113,3;2025;NA;3;"imacec";2026-10-07
"474";"Imacec empalmado, desestacionalizado (índice 2018=100)";"2025-4-1";114,7;2025;NA;4;"imacec";2026-10-07
"475";"Imacec empalmado, desestacionalizado (índice 2018=100)";"2025-5-1";114,4;2025;NA;5;"imacec";2026-10-07
"476";"Imacec empalmado, desestacionalizado (índice 2018=100)";"2025-6-1";112,6;2025;NA;6;"imacec";2026-10-07
"477";"Imacec empalmado, desestacionalizado (índice 2018=100)";"2025-7-1";114;2025;NA;7;"imacec";2026-10-07
"478";"Imacec empalmado, desestacionalizado (índice 2018=100)";"2025-8-1";113,2;2025;NA;8;"imacec";2026-10-07
"479";"Imacec empalmado, desestacionalizado (índice 2018=100)";"2025-9-1";114;2025;NA;9;"imacec";2026-10-07
"480";"Imacec empalmado, desestacionalizado (índice 2018=100)";"2025-10-1";114,4;2025;NA;10;"imacec";2026-10-07
"481";"Imacec empalmado, desestacionalizado (índice 2018=100)";"2025-11-1";113,7;2025;NA;11;"imacec";2026-10-07
"482";"Imacec empalmado, desestacionalizado (índice 2018=100)";"2025-12-1";114;2025;NA;12;"imacec";2026-10-07
"483";"Imacec empalmado, desestacionalizado (índice 2018=100)";"2026-1-1";113,5;2026;NA;1;"imacec";2026-10-07
"484";"Imacec empalmado, desestacionalizado (índice 2018=100)";"2026-2-1";113,5;2026;NA;2;"imacec";2026-10-07
"485";"Imacec empalmado, desestacionalizado (índice 2018=100)";"2026-3-1";113,9;2026;NA;3;"imacec";2026-10-07
"486";"Imacec empalmado, desestacionalizado (índice 2018=100)";"2026-4-1";113,7;2026;NA;4;"imacec";2026-10-07
"487";"Imacec empalmado, desestacionalizado (índice 2018=100)";"2026-5-1";113,1;2026;NA;5;"imacec";2026-10-07
"488";"Imacec empalmado, desestacionalizado (índice 2018=100)";"2026-6-1";113,7;2026;NA;6;"imacec";2026-10-07
"489";"Imacec empalmado, desestacionalizado (índice 2018=100)";"2026-7-1";111,6;2026;NA;7;"imacec";2026-10-07
"490";"Imacec empalmado, desestacionalizado (índice 2018=100)";"2026-8-1";110,9;2026;NA;8;"imacec";2026-10-07
"491";"Velocidad de expansión (porcentaje), referencia 2018";"2013-1-1";1;2013;NA;1;"imacec";2026-10-07
"492";"Velocidad de expansión (porcentaje), referencia 2018";"2013-2-1";0,9;2013;NA;2;"imacec";2026-10-07
"493";"Velocidad de expansión (porcentaje), referencia 2018";"2013-3-1";0,8;2013;NA;3;"imacec";2026-10-07
"494";"Velocidad de expansión (porcentaje), referencia 2018";"2013-4-1";0,5;2013;NA;4;"imacec";2026-10-07
"495";"Velocidad de expansión (porcentaje), referencia 2018";"2013-5-1";0,8;2013;NA;5;"imacec";2026-10-07
"496";"Velocidad de expansión (porcentaje), referencia 2018";"2013-6-1";0,8;2013;NA;6;"imacec";2026-10-07
"497";"Velocidad de expansión (porcentaje), referencia 2018";"2013-7-1";1;2013;NA;7;"imacec";2026-10-07
"498";"Velocidad de expansión (porcentaje), referencia 2018";"2013-8-1";1;2013;NA;8;"imacec";2026-10-07
"499";"Velocidad de expansión (porcentaje), referencia 2018";"2013-9-1";0,6;2013;NA;9;"imacec";2026-10-07
"500";"Velocidad de expansión (porcentaje), referencia 2018";"2013-10-1";0,4;2013;NA;10;"imacec";2026-10-07
"501";"Velocidad de expansión (porcentaje), referencia 2018";"2013-11-1";0,3;2013;NA;11;"imacec";2026-10-07
"502";"Velocidad de expansión (porcentaje), referencia 2018";"2013-12-1";0,4;2013;NA;12;"imacec";2026-10-07
"503";"Velocidad de expansión (porcentaje), referencia 2018";"2014-1-1";0,1;2014;NA;1;"imacec";2026-10-07
"504";"Velocidad de expansión (porcentaje), referencia 2018";"2014-2-1";-0,1;2014;NA;2;"imacec";2026-10-07
"505";"Velocidad de expansión (porcentaje), referencia 2018";"2014-3-1";0,3;2014;NA;3;"imacec";2026-10-07
"506";"Velocidad de expansión (porcentaje), referencia 2018";"2014-4-1";1;2014;NA;4;"imacec";2026-10-07
"507";"Velocidad de expansión (porcentaje), referencia 2018";"2014-5-1";1,2;2014;NA;5;"imacec";2026-10-07
"508";"Velocidad de expansión (porcentaje), referencia 2018";"2014-6-1";0,8;2014;NA;6;"imacec";2026-10-07
"509";"Velocidad de expansión (porcentaje), referencia 2018";"2014-7-1";-0,1;2014;NA;7;"imacec";2026-10-07
"510";"Velocidad de expansión (porcentaje), referencia 2018";"2014-8-1";-0,5;2014;NA;8;"imacec";2026-10-07
"511";"Velocidad de expansión (porcentaje), referencia 2018";"2014-9-1";-0,4;2014;NA;9;"imacec";2026-10-07
"512";"Velocidad de expansión (porcentaje), referencia 2018";"2014-10-1";0,4;2014;NA;10;"imacec";2026-10-07
"513";"Velocidad de expansión (porcentaje), referencia 2018";"2014-11-1";0,7;2014;NA;11;"imacec";2026-10-07
"514";"Velocidad de expansión (porcentaje), referencia 2018";"2014-12-1";1,1;2014;NA;12;"imacec";2026-10-07
"515";"Velocidad de expansión (porcentaje), referencia 2018";"2015-1-1";0,8;2015;NA;1;"imacec";2026-10-07
"516";"Velocidad de expansión (porcentaje), referencia 2018";"2015-2-1";1;2015;NA;2;"imacec";2026-10-07
"517";"Velocidad de expansión (porcentaje), referencia 2018";"2015-3-1";0,7;2015;NA;3;"imacec";2026-10-07
"518";"Velocidad de expansión (porcentaje), referencia 2018";"2015-4-1";0,7;2015;NA;4;"imacec";2026-10-07
"519";"Velocidad de expansión (porcentaje), referencia 2018";"2015-5-1";0,5;2015;NA;5;"imacec";2026-10-07
"520";"Velocidad de expansión (porcentaje), referencia 2018";"2015-6-1";0,9;2015;NA;6;"imacec";2026-10-07
"521";"Velocidad de expansión (porcentaje), referencia 2018";"2015-7-1";0,5;2015;NA;7;"imacec";2026-10-07
"522";"Velocidad de expansión (porcentaje), referencia 2018";"2015-8-1";0;2015;NA;8;"imacec";2026-10-07
"523";"Velocidad de expansión (porcentaje), referencia 2018";"2015-9-1";-0,4;2015;NA;9;"imacec";2026-10-07
"524";"Velocidad de expansión (porcentaje), referencia 2018";"2015-10-1";0;2015;NA;10;"imacec";2026-10-07
"525";"Velocidad de expansión (porcentaje), referencia 2018";"2015-11-1";0,7;2015;NA;11;"imacec";2026-10-07
"526";"Velocidad de expansión (porcentaje), referencia 2018";"2015-12-1";0,8;2015;NA;12;"imacec";2026-10-07
"527";"Velocidad de expansión (porcentaje), referencia 2018";"2016-1-1";0,7;2016;NA;1;"imacec";2026-10-07
"528";"Velocidad de expansión (porcentaje), referencia 2018";"2016-2-1";0,8;2016;NA;2;"imacec";2026-10-07
"529";"Velocidad de expansión (porcentaje), referencia 2018";"2016-3-1";1;2016;NA;3;"imacec";2026-10-07
"530";"Velocidad de expansión (porcentaje), referencia 2018";"2016-4-1";0,6;2016;NA;4;"imacec";2026-10-07
"531";"Velocidad de expansión (porcentaje), referencia 2018";"2016-5-1";-0,1;2016;NA;5;"imacec";2026-10-07
"532";"Velocidad de expansión (porcentaje), referencia 2018";"2016-6-1";-0,3;2016;NA;6;"imacec";2026-10-07
"533";"Velocidad de expansión (porcentaje), referencia 2018";"2016-7-1";0;2016;NA;7;"imacec";2026-10-07
"534";"Velocidad de expansión (porcentaje), referencia 2018";"2016-8-1";0,5;2016;NA;8;"imacec";2026-10-07
"535";"Velocidad de expansión (porcentaje), referencia 2018";"2016-9-1";0,6;2016;NA;9;"imacec";2026-10-07
"536";"Velocidad de expansión (porcentaje), referencia 2018";"2016-10-1";0,4;2016;NA;10;"imacec";2026-10-07
"537";"Velocidad de expansión (porcentaje), referencia 2018";"2016-11-1";0,2;2016;NA;11;"imacec";2026-10-07
"538";"Velocidad de expansión (porcentaje), referencia 2018";"2016-12-1";-0,1;2016;NA;12;"imacec";2026-10-07
"539";"Velocidad de expansión (porcentaje), referencia 2018";"2017-1-1";-0,1;2017;NA;1;"imacec";2026-10-07
"540";"Velocidad de expansión (porcentaje), referencia 2018";"2017-2-1";-0,3;2017;NA;2;"imacec";2026-10-07
"541";"Velocidad de expansión (porcentaje), referencia 2018";"2017-3-1";-0,6;2017;NA;3;"imacec";2026-10-07
"542";"Velocidad de expansión (porcentaje), referencia 2018";"2017-4-1";-0,5;2017;NA;4;"imacec";2026-10-07
"543";"Velocidad de expansión (porcentaje), referencia 2018";"2017-5-1";0,2;2017;NA;5;"imacec";2026-10-07
"544";"Velocidad de expansión (porcentaje), referencia 2018";"2017-6-1";1,3;2017;NA;6;"imacec";2026-10-07
"545";"Velocidad de expansión (porcentaje), referencia 2018";"2017-7-1";1,9;2017;NA;7;"imacec";2026-10-07
"546";"Velocidad de expansión (porcentaje), referencia 2018";"2017-8-1";2,1;2017;NA;8;"imacec";2026-10-07
"547";"Velocidad de expansión (porcentaje), referencia 2018";"2017-9-1";1,9;2017;NA;9;"imacec";2026-10-07
"548";"Velocidad de expansión (porcentaje), referencia 2018";"2017-10-1";1,4;2017;NA;10;"imacec";2026-10-07
"549";"Velocidad de expansión (porcentaje), referencia 2018";"2017-11-1";1,1;2017;NA;11;"imacec";2026-10-07
"550";"Velocidad de expansión (porcentaje), referencia 2018";"2017-12-1";0,7;2017;NA;12;"imacec";2026-10-07
"551";"Velocidad de expansión (porcentaje), referencia 2018";"2018-1-1";0,9;2018;NA;1;"imacec";2026-10-07
"552";"Velocidad de expansión (porcentaje), referencia 2018";"2018-2-1";0,9;2018;NA;2;"imacec";2026-10-07
"553";"Velocidad de expansión (porcentaje), referencia 2018";"2018-3-1";1,2;2018;NA;3;"imacec";2026-10-07
"554";"Velocidad de expansión (porcentaje), referencia 2018";"2018-4-1";1,1;2018;NA;4;"imacec";2026-10-07
"555";"Velocidad de expansión (porcentaje), referencia 2018";"2018-5-1";1,3;2018;NA;5;"imacec";2026-10-07
"556";"Velocidad de expansión (porcentaje), referencia 2018";"2018-6-1";1,1;2018;NA;6;"imacec";2026-10-07
"557";"Velocidad de expansión (porcentaje), referencia 2018";"2018-7-1";0,7;2018;NA;7;"imacec";2026-10-07
"558";"Velocidad de expansión (porcentaje), referencia 2018";"2018-8-1";0;2018;NA;8;"imacec";2026-10-07
"559";"Velocidad de expansión (porcentaje), referencia 2018";"2018-9-1";-0,3;2018;NA;9;"imacec";2026-10-07
"560";"Velocidad de expansión (porcentaje), referencia 2018";"2018-10-1";0;2018;NA;10;"imacec";2026-10-07
"561";"Velocidad de expansión (porcentaje), referencia 2018";"2018-11-1";1;2018;NA;11;"imacec";2026-10-07
"562";"Velocidad de expansión (porcentaje), referencia 2018";"2018-12-1";1,2;2018;NA;12;"imacec";2026-10-07
"563";"Velocidad de expansión (porcentaje), referencia 2018";"2019-1-1";0,9;2019;NA;1;"imacec";2026-10-07
"564";"Velocidad de expansión (porcentaje), referencia 2018";"2019-2-1";-0,5;2019;NA;2;"imacec";2026-10-07
"565";"Velocidad de expansión (porcentaje), referencia 2018";"2019-3-1";-0,4;2019;NA;3;"imacec";2026-10-07
"566";"Velocidad de expansión (porcentaje), referencia 2018";"2019-4-1";0;2019;NA;4;"imacec";2026-10-07
"567";"Velocidad de expansión (porcentaje), referencia 2018";"2019-5-1";1,5;2019;NA;5;"imacec";2026-10-07
"568";"Velocidad de expansión (porcentaje), referencia 2018";"2019-6-1";1,4;2019;NA;6;"imacec";2026-10-07
"569";"Velocidad de expansión (porcentaje), referencia 2018";"2019-7-1";0,7;2019;NA;7;"imacec";2026-10-07
"570";"Velocidad de expansión (porcentaje), referencia 2018";"2019-8-1";0;2019;NA;8;"imacec";2026-10-07
"571";"Velocidad de expansión (porcentaje), referencia 2018";"2019-9-1";-0,2;2019;NA;9;"imacec";2026-10-07
"572";"Velocidad de expansión (porcentaje), referencia 2018";"2019-10-1";-1,5;2019;NA;10;"imacec";2026-10-07
"573";"Velocidad de expansión (porcentaje), referencia 2018";"2019-11-1";-3,4;2019;NA;11;"imacec";2026-10-07
"574";"Velocidad de expansión (porcentaje), referencia 2018";"2019-12-1";-4;2019;NA;12;"imacec";2026-10-07
"575";"Velocidad de expansión (porcentaje), referencia 2018";"2020-1-1";-0,9;2020;NA;1;"imacec";2026-10-07
"576";"Velocidad de expansión (porcentaje), referencia 2018";"2020-2-1";2,6;2020;NA;2;"imacec";2026-10-07
"577";"Velocidad de expansión (porcentaje), referencia 2018";"2020-3-1";2,1;2020;NA;3;"imacec";2026-10-07
"578";"Velocidad de expansión (porcentaje), referencia 2018";"2020-4-1";-4,1;2020;NA;4;"imacec";2026-10-07
"579";"Velocidad de expansión (porcentaje), referencia 2018";"2020-5-1";-10,4;2020;NA;5;"imacec";2026-10-07
"580";"Velocidad de expansión (porcentaje), referencia 2018";"2020-6-1";-12,5;2020;NA;6;"imacec";2026-10-07
"581";"Velocidad de expansión (porcentaje), referencia 2018";"2020-7-1";-8,3;2020;NA;7;"imacec";2026-10-07
"582";"Velocidad de expansión (porcentaje), referencia 2018";"2020-8-1";-1,6;2020;NA;8;"imacec";2026-10-07
"583";"Velocidad de expansión (porcentaje), referencia 2018";"2020-9-1";5;2020;NA;9;"imacec";2026-10-07
"584";"Velocidad de expansión (porcentaje), referencia 2018";"2020-10-1";7,6;2020;NA;10;"imacec";2026-10-07
"585";"Velocidad de expansión (porcentaje), referencia 2018";"2020-11-1";8;2020;NA;11;"imacec";2026-10-07
"586";"Velocidad de expansión (porcentaje), referencia 2018";"2020-12-1";6,6;2020;NA;12;"imacec";2026-10-07
"587";"Velocidad de expansión (porcentaje), referencia 2018";"2021-1-1";5,4;2021;NA;1;"imacec";2026-10-07
"588";"Velocidad de expansión (porcentaje), referencia 2018";"2021-2-1";5,1;2021;NA;2;"imacec";2026-10-07
"589";"Velocidad de expansión (porcentaje), referencia 2018";"2021-3-1";3,9;2021;NA;3;"imacec";2026-10-07
"590";"Velocidad de expansión (porcentaje), referencia 2018";"2021-4-1";2,2;2021;NA;4;"imacec";2026-10-07
"591";"Velocidad de expansión (porcentaje), referencia 2018";"2021-5-1";0,6;2021;NA;5;"imacec";2026-10-07
"592";"Velocidad de expansión (porcentaje), referencia 2018";"2021-6-1";1,2;2021;NA;6;"imacec";2026-10-07
"593";"Velocidad de expansión (porcentaje), referencia 2018";"2021-7-1";3,5;2021;NA;7;"imacec";2026-10-07
"594";"Velocidad de expansión (porcentaje), referencia 2018";"2021-8-1";4,5;2021;NA;8;"imacec";2026-10-07
"595";"Velocidad de expansión (porcentaje), referencia 2018";"2021-9-1";4,2;2021;NA;9;"imacec";2026-10-07
"596";"Velocidad de expansión (porcentaje), referencia 2018";"2021-10-1";2,7;2021;NA;10;"imacec";2026-10-07
"597";"Velocidad de expansión (porcentaje), referencia 2018";"2021-11-1";2,3;2021;NA;11;"imacec";2026-10-07
"598";"Velocidad de expansión (porcentaje), referencia 2018";"2021-12-1";1,8;2021;NA;12;"imacec";2026-10-07
"599";"Velocidad de expansión (porcentaje), referencia 2018";"2022-1-1";0,6;2022;NA;1;"imacec";2026-10-07
"600";"Velocidad de expansión (porcentaje), referencia 2018";"2022-2-1";-0,9;2022;NA;2;"imacec";2026-10-07
"601";"Velocidad de expansión (porcentaje), referencia 2018";"2022-3-1";-1,4;2022;NA;3;"imacec";2026-10-07
"602";"Velocidad de expansión (porcentaje), referencia 2018";"2022-4-1";-0,7;2022;NA;4;"imacec";2026-10-07
"603";"Velocidad de expansión (porcentaje), referencia 2018";"2022-5-1";0,5;2022;NA;5;"imacec";2026-10-07
"604";"Velocidad de expansión (porcentaje), referencia 2018";"2022-6-1";0,4;2022;NA;6;"imacec";2026-10-07
"605";"Velocidad de expansión (porcentaje), referencia 2018";"2022-7-1";-0,5;2022;NA;7;"imacec";2026-10-07
"606";"Velocidad de expansión (porcentaje), referencia 2018";"2022-8-1";-1,1;2022;NA;8;"imacec";2026-10-07
"607";"Velocidad de expansión (porcentaje), referencia 2018";"2022-9-1";-0,8;2022;NA;9;"imacec";2026-10-07
"608";"Velocidad de expansión (porcentaje), referencia 2018";"2022-10-1";0,5;2022;NA;10;"imacec";2026-10-07
"609";"Velocidad de expansión (porcentaje), referencia 2018";"2022-11-1";0,2;2022;NA;11;"imacec";2026-10-07
"610";"Velocidad de expansión (porcentaje), referencia 2018";"2022-12-1";-0,2;2022;NA;12;"imacec";2026-10-07
"611";"Velocidad de expansión (porcentaje), referencia 2018";"2023-1-1";-0,7;2023;NA;1;"imacec";2026-10-07
"612";"Velocidad de expansión (porcentaje), referencia 2018";"2023-2-1";-0,1;2023;NA;2;"imacec";2026-10-07
"613";"Velocidad de expansión (porcentaje), referencia 2018";"2023-3-1";0,4;2023;NA;3;"imacec";2026-10-07
"614";"Velocidad de expansión (porcentaje), referencia 2018";"2023-4-1";0,1;2023;NA;4;"imacec";2026-10-07
"615";"Velocidad de expansión (porcentaje), referencia 2018";"2023-5-1";0,2;2023;NA;5;"imacec";2026-10-07
"616";"Velocidad de expansión (porcentaje), referencia 2018";"2023-6-1";0,5;2023;NA;6;"imacec";2026-10-07
"617";"Velocidad de expansión (porcentaje), referencia 2018";"2023-7-1";0,9;2023;NA;7;"imacec";2026-10-07
"618";"Velocidad de expansión (porcentaje), referencia 2018";"2023-8-1";0,8;2023;NA;8;"imacec";2026-10-07
"619";"Velocidad de expansión (porcentaje), referencia 2018";"2023-9-1";1;2023;NA;9;"imacec";2026-10-07
"620";"Velocidad de expansión (porcentaje), referencia 2018";"2023-10-1";1;2023;NA;10;"imacec";2026-10-07
"621";"Velocidad de expansión (porcentaje), referencia 2018";"2023-11-1";1;2023;NA;11;"imacec";2026-10-07
"622";"Velocidad de expansión (porcentaje), referencia 2018";"2023-12-1";0,1;2023;NA;12;"imacec";2026-10-07
"623";"Velocidad de expansión (porcentaje), referencia 2018";"2024-1-1";0,2;2024;NA;1;"imacec";2026-10-07
"624";"Velocidad de expansión (porcentaje), referencia 2018";"2024-2-1";0,6;2024;NA;2;"imacec";2026-10-07
"625";"Velocidad de expansión (porcentaje), referencia 2018";"2024-3-1";1,1;2024;NA;3;"imacec";2026-10-07
"626";"Velocidad de expansión (porcentaje), referencia 2018";"2024-4-1";0,7;2024;NA;4;"imacec";2026-10-07
"627";"Velocidad de expansión (porcentaje), referencia 2018";"2024-5-1";-0,3;2024;NA;5;"imacec";2026-10-07
"628";"Velocidad de expansión (porcentaje), referencia 2018";"2024-6-1";-0,5;2024;NA;6;"imacec";2026-10-07
"629";"Velocidad de expansión (porcentaje), referencia 2018";"2024-7-1";0,2;2024;NA;7;"imacec";2026-10-07
"630";"Velocidad de expansión (porcentaje), referencia 2018";"2024-8-1";1,4;2024;NA;8;"imacec";2026-10-07
"631";"Velocidad de expansión (porcentaje), referencia 2018";"2024-9-1";1,9;2024;NA;9;"imacec";2026-10-07
"632";"Velocidad de expansión (porcentaje), referencia 2018";"2024-10-1";1,2;2024;NA;10;"imacec";2026-10-07
"633";"Velocidad de expansión (porcentaje), referencia 2018";"2024-11-1";0,6;2024;NA;11;"imacec";2026-10-07
"634";"Velocidad de expansión (porcentaje), referencia 2018";"2024-12-1";0,7;2024;NA;12;"imacec";2026-10-07
"635";"Velocidad de expansión (porcentaje), referencia 2018";"2025-1-1";1,4;2025;NA;1;"imacec";2026-10-07
"636";"Velocidad de expansión (porcentaje), referencia 2018";"2025-2-1";1,4;2025;NA;2;"imacec";2026-10-07
"637";"Velocidad de expansión (porcentaje), referencia 2018";"2025-3-1";0,8;2025;NA;3;"imacec";2026-10-07
"638";"Velocidad de expansión (porcentaje), referencia 2018";"2025-4-1";0,5;2025;NA;4;"imacec";2026-10-07
"639";"Velocidad de expansión (porcentaje), referencia 2018";"2025-5-1";0,9;2025;NA;5;"imacec";2026-10-07
"640";"Velocidad de expansión (porcentaje), referencia 2018";"2025-6-1";0,6;2025;NA;6;"imacec";2026-10-07
"641";"Velocidad de expansión (porcentaje), referencia 2018";"2025-7-1";0,1;2025;NA;7;"imacec";2026-10-07
"642";"Velocidad de expansión (porcentaje), referencia 2018";"2025-8-1";-0,8;2025;NA;8;"imacec";2026-10-07
"643";"Velocidad de expansión (porcentaje), referencia 2018";"2025-9-1";-0,1;2025;NA;9;"imacec";2026-10-07
"644";"Velocidad de expansión (porcentaje), referencia 2018";"2025-10-1";0,2;2025;NA;10;"imacec";2026-10-07
"645";"Velocidad de expansión (porcentaje), referencia 2018";"2025-11-1";0,7;2025;NA;11;"imacec";2026-10-07
"646";"Velocidad de expansión (porcentaje), referencia 2018";"2025-12-1";0,3;2025;NA;12;"imacec";2026-10-07
"647";"Velocidad de expansión (porcentaje), referencia 2018";"2026-1-1";-0,2;2026;NA;1;"imacec";2026-10-07
"648";"Velocidad de expansión (porcentaje), referencia 2018";"2026-2-1";-0,4;2026;NA;2;"imacec";2026-10-07
"649";"Velocidad de expansión (porcentaje), referencia 2018";"2026-3-1";-0,4;2026;NA;3;"imacec";2026-10-07
"650";"Velocidad de expansión (porcentaje), referencia 2018";"2026-4-1";-0,1;2026;NA;4;"imacec";2026-10-07
"651";"Velocidad de expansión (porcentaje), referencia 2018";"2026-5-1";-0,1;2026;NA;5;"imacec";2026-10-07
"652";"Velocidad de expansión (porcentaje), referencia 2018";"2026-6-1";-0,1;2026;NA;6;"imacec";2026-10-07
"653";"Velocidad de expansión (porcentaje), referencia 2018";"2026-7-1";-0,8;2026;NA;7;"imacec";2026-10-07
"654";"Velocidad de expansión (porcentaje), referencia 2018";"2026-8-1";-1,3;2026;NA;8;"imacec";2026-10-07
"655";"Índice IPC General";"2009-12-1";57,31;2009;NA;12;"ipc";2026-10-07
"656";"Índice IPC General";"2010-1-1";57,61;2010;NA;1;"ipc";2026-10-07
"657";"Índice IPC General";"2010-2-1";57,77;2010;NA;2;"ipc";2026-10-07
"658";"Índice IPC General";"2010-3-1";57,82;2010;NA;3;"ipc";2026-10-07
"659";"Índice IPC General";"2010-4-1";58,09;2010;NA;4;"ipc";2026-10-07
"660";"Índice IPC General";"2010-5-1";58,3;2010;NA;5;"ipc";2026-10-07
"661";"Índice IPC General";"2010-6-1";58,3;2010;NA;6;"ipc";2026-10-07
"662";"Índice IPC General";"2010-7-1";58,67;2010;NA;7;"ipc";2026-10-07
"663";"Índice IPC General";"2010-8-1";58,62;2010;NA;8;"ipc";2026-10-07
"664";"Índice IPC General";"2010-9-1";58,85;2010;NA;9;"ipc";2026-10-07
"665";"Índice IPC General";"2010-10-1";58,91;2010;NA;10;"ipc";2026-10-07
"666";"Índice IPC General";"2010-11-1";58,95;2010;NA;11;"ipc";2026-10-07
"667";"Índice IPC General";"2010-12-1";59,02;2010;NA;12;"ipc";2026-10-07
"668";"Índice IPC General";"2011-1-1";59,18;2011;NA;1;"ipc";2026-10-07
"669";"Índice IPC General";"2011-2-1";59,31;2011;NA;2;"ipc";2026-10-07
"670";"Índice IPC General";"2011-3-1";59,77;2011;NA;3;"ipc";2026-10-07
"671";"Índice IPC General";"2011-4-1";59,96;2011;NA;4;"ipc";2026-10-07
"672";"Índice IPC General";"2011-5-1";60,2;2011;NA;5;"ipc";2026-10-07
"673";"Índice IPC General";"2011-6-1";60,3;2011;NA;6;"ipc";2026-10-07
"674";"Índice IPC General";"2011-7-1";60,38;2011;NA;7;"ipc";2026-10-07
"675";"Índice IPC General";"2011-8-1";60,47;2011;NA;8;"ipc";2026-10-07
"676";"Índice IPC General";"2011-9-1";60,78;2011;NA;9;"ipc";2026-10-07
"677";"Índice IPC General";"2011-10-1";61,07;2011;NA;10;"ipc";2026-10-07
"678";"Índice IPC General";"2011-11-1";61,26;2011;NA;11;"ipc";2026-10-07
"679";"Índice IPC General";"2011-12-1";61,64;2011;NA;12;"ipc";2026-10-07
"680";"Índice IPC General";"2012-1-1";61,69;2012;NA;1;"ipc";2026-10-07
"681";"Índice IPC General";"2012-2-1";61,93;2012;NA;2;"ipc";2026-10-07
"682";"Índice IPC General";"2012-3-1";62,03;2012;NA;3;"ipc";2026-10-07
"683";"Índice IPC General";"2012-4-1";62,06;2012;NA;4;"ipc";2026-10-07
"684";"Índice IPC General";"2012-5-1";62,08;2012;NA;5;"ipc";2026-10-07
"685";"Índice IPC General";"2012-6-1";61,9;2012;NA;6;"ipc";2026-10-07
"686";"Índice IPC General";"2012-7-1";61,89;2012;NA;7;"ipc";2026-10-07
"687";"Índice IPC General";"2012-8-1";62,03;2012;NA;8;"ipc";2026-10-07
"688";"Índice IPC General";"2012-9-1";62,5;2012;NA;9;"ipc";2026-10-07
"689";"Índice IPC General";"2012-10-1";62,85;2012;NA;10;"ipc";2026-10-07
"690";"Índice IPC General";"2012-11-1";62,57;2012;NA;11;"ipc";2026-10-07
"691";"Índice IPC General";"2012-12-1";62,55;2012;NA;12;"ipc";2026-10-07
"692";"Índice IPC General";"2013-1-1";62,67;2013;NA;1;"ipc";2026-10-07
"693";"Índice IPC General";"2013-2-1";62,74;2013;NA;2;"ipc";2026-10-07
"694";"Índice IPC General";"2013-3-1";62,98;2013;NA;3;"ipc";2026-10-07
"695";"Índice IPC General";"2013-4-1";62,68;2013;NA;4;"ipc";2026-10-07
"696";"Índice IPC General";"2013-5-1";62,67;2013;NA;5;"ipc";2026-10-07
"697";"Índice IPC General";"2013-6-1";63,07;2013;NA;6;"ipc";2026-10-07
"698";"Índice IPC General";"2013-7-1";63,24;2013;NA;7;"ipc";2026-10-07
"699";"Índice IPC General";"2013-8-1";63,39;2013;NA;8;"ipc";2026-10-07
"700";"Índice IPC General";"2013-9-1";63,73;2013;NA;9;"ipc";2026-10-07
"701";"Índice IPC General";"2013-10-1";63,82;2013;NA;10;"ipc";2026-10-07
"702";"Índice IPC General";"2013-11-1";64,06;2013;NA;11;"ipc";2026-10-07
"703";"Índice IPC General";"2013-12-1";64,44;2013;NA;12;"ipc";2026-10-07
"704";"Índice IPC General";"2014-1-1";64,56;2014;NA;1;"ipc";2026-10-07
"705";"Índice IPC General";"2014-2-1";64,87;2014;NA;2;"ipc";2026-10-07
"706";"Índice IPC General";"2014-3-1";65,41;2014;NA;3;"ipc";2026-10-07
"707";"Índice IPC General";"2014-4-1";65,82;2014;NA;4;"ipc";2026-10-07
"708";"Índice IPC General";"2014-5-1";66,04;2014;NA;5;"ipc";2026-10-07
"709";"Índice IPC General";"2014-6-1";66,08;2014;NA;6;"ipc";2026-10-07
"710";"Índice IPC General";"2014-7-1";66,23;2014;NA;7;"ipc";2026-10-07
"711";"Índice IPC General";"2014-8-1";66,44;2014;NA;8;"ipc";2026-10-07
"712";"Índice IPC General";"2014-9-1";67;2014;NA;9;"ipc";2026-10-07
"713";"Índice IPC General";"2014-10-1";67,7;2014;NA;10;"ipc";2026-10-07
"714";"Índice IPC General";"2014-11-1";67,71;2014;NA;11;"ipc";2026-10-07
"715";"Índice IPC General";"2014-12-1";67,43;2014;NA;12;"ipc";2026-10-07
"716";"Índice IPC General";"2015-1-1";67,49;2015;NA;1;"ipc";2026-10-07
"717";"Índice IPC General";"2015-2-1";67,72;2015;NA;2;"ipc";2026-10-07
"718";"Índice IPC General";"2015-3-1";68,15;2015;NA;3;"ipc";2026-10-07
"719";"Índice IPC General";"2015-4-1";68,54;2015;NA;4;"ipc";2026-10-07
"720";"Índice IPC General";"2015-5-1";68,66;2015;NA;5;"ipc";2026-10-07
"721";"Índice IPC General";"2015-6-1";69;2015;NA;6;"ipc";2026-10-07
"722";"Índice IPC General";"2015-7-1";69,29;2015;NA;7;"ipc";2026-10-07
"723";"Índice IPC General";"2015-8-1";69,76;2015;NA;8;"ipc";2026-10-07
"724";"Índice IPC General";"2015-9-1";70,11;2015;NA;9;"ipc";2026-10-07
"725";"Índice IPC General";"2015-10-1";70,4;2015;NA;10;"ipc";2026-10-07
"726";"Índice IPC General";"2015-11-1";70,38;2015;NA;11;"ipc";2026-10-07
"727";"Índice IPC General";"2015-12-1";70,39;2015;NA;12;"ipc";2026-10-07
"728";"Índice IPC General";"2016-1-1";70,72;2016;NA;1;"ipc";2026-10-07
"729";"Índice IPC General";"2016-2-1";70,91;2016;NA;2;"ipc";2026-10-07
"730";"Índice IPC General";"2016-3-1";71,18;2016;NA;3;"ipc";2026-10-07
"731";"Índice IPC General";"2016-4-1";71,42;2016;NA;4;"ipc";2026-10-07
"732";"Índice IPC General";"2016-5-1";71,58;2016;NA;5;"ipc";2026-10-07
"733";"Índice IPC General";"2016-6-1";71,9;2016;NA;6;"ipc";2026-10-07
"734";"Índice IPC General";"2016-7-1";72,07;2016;NA;7;"ipc";2026-10-07
"735";"Índice IPC General";"2016-8-1";72,11;2016;NA;8;"ipc";2026-10-07
"736";"Índice IPC General";"2016-9-1";72,28;2016;NA;9;"ipc";2026-10-07
"737";"Índice IPC General";"2016-10-1";72,4;2016;NA;10;"ipc";2026-10-07
"738";"Índice IPC General";"2016-11-1";72,44;2016;NA;11;"ipc";2026-10-07
"739";"Índice IPC General";"2016-12-1";72,29;2016;NA;12;"ipc";2026-10-07
"740";"Índice IPC General";"2017-1-1";72,68;2017;NA;1;"ipc";2026-10-07
"741";"Índice IPC General";"2017-2-1";72,86;2017;NA;2;"ipc";2026-10-07
"742";"Índice IPC General";"2017-3-1";73,14;2017;NA;3;"ipc";2026-10-07
"743";"Índice IPC General";"2017-4-1";73,31;2017;NA;4;"ipc";2026-10-07
"744";"Índice IPC General";"2017-5-1";73,4;2017;NA;5;"ipc";2026-10-07
"745";"Índice IPC General";"2017-6-1";73,12;2017;NA;6;"ipc";2026-10-07
"746";"Índice IPC General";"2017-7-1";73,29;2017;NA;7;"ipc";2026-10-07
"747";"Índice IPC General";"2017-8-1";73,44;2017;NA;8;"ipc";2026-10-07
"748";"Índice IPC General";"2017-9-1";73,33;2017;NA;9;"ipc";2026-10-07
"749";"Índice IPC General";"2017-10-1";73,76;2017;NA;10;"ipc";2026-10-07
"750";"Índice IPC General";"2017-11-1";73,83;2017;NA;11;"ipc";2026-10-07
"751";"Índice IPC General";"2017-12-1";73,93;2017;NA;12;"ipc";2026-10-07
"752";"Índice IPC General";"2018-1-1";74,27;2018;NA;1;"ipc";2026-10-07
"753";"Índice IPC General";"2018-2-1";74,31;2018;NA;2;"ipc";2026-10-07
"754";"Índice IPC General";"2018-3-1";74,46;2018;NA;3;"ipc";2026-10-07
"755";"Índice IPC General";"2018-4-1";74,7;2018;NA;4;"ipc";2026-10-07
"756";"Índice IPC General";"2018-5-1";74,9;2018;NA;5;"ipc";2026-10-07
"757";"Índice IPC General";"2018-6-1";74,98;2018;NA;6;"ipc";2026-10-07
"758";"Índice IPC General";"2018-7-1";75,25;2018;NA;7;"ipc";2026-10-07
"759";"Índice IPC General";"2018-8-1";75,38;2018;NA;8;"ipc";2026-10-07
"760";"Índice IPC General";"2018-9-1";75,63;2018;NA;9;"ipc";2026-10-07
"761";"Índice IPC General";"2018-10-1";75,91;2018;NA;10;"ipc";2026-10-07
"762";"Índice IPC General";"2018-11-1";75,91;2018;NA;11;"ipc";2026-10-07
"763";"Índice IPC General";"2018-12-1";75,83;2018;NA;12;"ipc";2026-10-07
"764";"Índice IPC General";"2019-1-1";75,91;2019;NA;1;"ipc";2026-10-07
"765";"Índice IPC General";"2019-2-1";75,95;2019;NA;2;"ipc";2026-10-07
"766";"Índice IPC General";"2019-3-1";76,31;2019;NA;3;"ipc";2026-10-07
"767";"Índice IPC General";"2019-4-1";76,51;2019;NA;4;"ipc";2026-10-07
"768";"Índice IPC General";"2019-5-1";76,97;2019;NA;5;"ipc";2026-10-07
"769";"Índice IPC General";"2019-6-1";77,01;2019;NA;6;"ipc";2026-10-07
"770";"Índice IPC General";"2019-7-1";77,18;2019;NA;7;"ipc";2026-10-07
"771";"Índice IPC General";"2019-8-1";77,32;2019;NA;8;"ipc";2026-10-07
"772";"Índice IPC General";"2019-9-1";77,33;2019;NA;9;"ipc";2026-10-07
"773";"Índice IPC General";"2019-10-1";77,96;2019;NA;10;"ipc";2026-10-07
"774";"Índice IPC General";"2019-11-1";78,03;2019;NA;11;"ipc";2026-10-07
"775";"Índice IPC General";"2019-12-1";78,1;2019;NA;12;"ipc";2026-10-07
"776";"Índice IPC General";"2020-1-1";78,55;2020;NA;1;"ipc";2026-10-07
"777";"Índice IPC General";"2020-2-1";78,9;2020;NA;2;"ipc";2026-10-07
"778";"Índice IPC General";"2020-3-1";79,16;2020;NA;3;"ipc";2026-10-07
"779";"Índice IPC General";"2020-4-1";79,13;2020;NA;4;"ipc";2026-10-07
"780";"Índice IPC General";"2020-5-1";79,09;2020;NA;5;"ipc";2026-10-07
"781";"Índice IPC General";"2020-6-1";79,03;2020;NA;6;"ipc";2026-10-07
"782";"Índice IPC General";"2020-7-1";79,11;2020;NA;7;"ipc";2026-10-07
"783";"Índice IPC General";"2020-8-1";79,22;2020;NA;8;"ipc";2026-10-07
"784";"Índice IPC General";"2020-9-1";79,72;2020;NA;9;"ipc";2026-10-07
"785";"Índice IPC General";"2020-10-1";80,27;2020;NA;10;"ipc";2026-10-07
"786";"Índice IPC General";"2020-11-1";80,16;2020;NA;11;"ipc";2026-10-07
"787";"Índice IPC General";"2020-12-1";80,43;2020;NA;12;"ipc";2026-10-07
"788";"Índice IPC General";"2021-1-1";80,99;2021;NA;1;"ipc";2026-10-07
"789";"Índice IPC General";"2021-2-1";81,14;2021;NA;2;"ipc";2026-10-07
"790";"Índice IPC General";"2021-3-1";81,45;2021;NA;3;"ipc";2026-10-07
"791";"Índice IPC General";"2021-4-1";81,75;2021;NA;4;"ipc";2026-10-07
"792";"Índice IPC General";"2021-5-1";81,97;2021;NA;5;"ipc";2026-10-07
"793";"Índice IPC General";"2021-6-1";82,04;2021;NA;6;"ipc";2026-10-07
"794";"Índice IPC General";"2021-7-1";82,7;2021;NA;7;"ipc";2026-10-07
"795";"Índice IPC General";"2021-8-1";83;2021;NA;8;"ipc";2026-10-07
"796";"Índice IPC General";"2021-9-1";83,98;2021;NA;9;"ipc";2026-10-07
"797";"Índice IPC General";"2021-10-1";85,1;2021;NA;10;"ipc";2026-10-07
"798";"Índice IPC General";"2021-11-1";85,53;2021;NA;11;"ipc";2026-10-07
"799";"Índice IPC General";"2021-12-1";86,2;2021;NA;12;"ipc";2026-10-07
"800";"Índice IPC General";"2022-1-1";87,23;2022;NA;1;"ipc";2026-10-07
"801";"Índice IPC General";"2022-2-1";87,48;2022;NA;2;"ipc";2026-10-07
"802";"Índice IPC General";"2022-3-1";89,11;2022;NA;3;"ipc";2026-10-07
"803";"Índice IPC General";"2022-4-1";90,35;2022;NA;4;"ipc";2026-10-07
"804";"Índice IPC General";"2022-5-1";91,43;2022;NA;5;"ipc";2026-10-07
"805";"Índice IPC General";"2022-6-1";92,29;2022;NA;6;"ipc";2026-10-07
"806";"Índice IPC General";"2022-7-1";93,56;2022;NA;7;"ipc";2026-10-07
"807";"Índice IPC General";"2022-8-1";94,69;2022;NA;8;"ipc";2026-10-07
"808";"Índice IPC General";"2022-9-1";95,51;2022;NA;9;"ipc";2026-10-07
"809";"Índice IPC General";"2022-10-1";96;2022;NA;10;"ipc";2026-10-07
"810";"Índice IPC General";"2022-11-1";96,94;2022;NA;11;"ipc";2026-10-07
"811";"Índice IPC General";"2022-12-1";97,21;2022;NA;12;"ipc";2026-10-07
"812";"Índice IPC General";"2023-1-1";98;2023;NA;1;"ipc";2026-10-07
"813";"Índice IPC General";"2023-2-1";97,93;2023;NA;2;"ipc";2026-10-07
"814";"Índice IPC General";"2023-3-1";99;2023;NA;3;"ipc";2026-10-07
"815";"Índice IPC General";"2023-4-1";99,3;2023;NA;4;"ipc";2026-10-07
"816";"Índice IPC General";"2023-5-1";99,41;2023;NA;5;"ipc";2026-10-07
"817";"Índice IPC General";"2023-6-1";99,26;2023;NA;6;"ipc";2026-10-07
"818";"Índice IPC General";"2023-7-1";99,61;2023;NA;7;"ipc";2026-10-07
"819";"Índice IPC General";"2023-8-1";99,72;2023;NA;8;"ipc";2026-10-07
"820";"Índice IPC General";"2023-9-1";100,39;2023;NA;9;"ipc";2026-10-07
"821";"Índice IPC General";"2023-10-1";100,84;2023;NA;10;"ipc";2026-10-07
"822";"Índice IPC General";"2023-11-1";101,59;2023;NA;11;"ipc";2026-10-07
"823";"Índice IPC General";"2023-12-1";101,04;2023;NA;12;"ipc";2026-10-07
"824";"Índice IPC General";"2024-1-1";101,72;2024;NA;1;"ipc";2026-10-07
"825";"Índice IPC General";"2024-2-1";102,32;2024;NA;2;"ipc";2026-10-07
"826";"Índice IPC General";"2024-3-1";102,7;2024;NA;3;"ipc";2026-10-07
"827";"Índice IPC General";"2024-4-1";103,24;2024;NA;4;"ipc";2026-10-07
"828";"Índice IPC General";"2024-5-1";103,52;2024;NA;5;"ipc";2026-10-07
"829";"Índice IPC General";"2024-6-1";103,42;2024;NA;6;"ipc";2026-10-07
"830";"Índice IPC General";"2024-7-1";104,19;2024;NA;7;"ipc";2026-10-07
"831";"Índice IPC General";"2024-8-1";104,45;2024;NA;8;"ipc";2026-10-07
"832";"Índice IPC General";"2024-9-1";104,54;2024;NA;9;"ipc";2026-10-07
"833";"Índice IPC General";"2024-10-1";105,56;2024;NA;10;"ipc";2026-10-07
"834";"Índice IPC General";"2024-11-1";105,83;2024;NA;11;"ipc";2026-10-07
"835";"Índice IPC General";"2024-12-1";105,62;2024;NA;12;"ipc";2026-10-07
"836";"Índice IPC General";"2025-1-1";106,74;2025;NA;1;"ipc";2026-10-07
"837";"Índice IPC General";"2025-2-1";107,16;2025;NA;2;"ipc";2026-10-07
"838";"Índice IPC General";"2025-3-1";107,7;2025;NA;3;"ipc";2026-10-07
"839";"Índice IPC General";"2025-4-1";107,91;2025;NA;4;"ipc";2026-10-07
"840";"Índice IPC General";"2025-5-1";108,12;2025;NA;5;"ipc";2026-10-07
"841";"Índice IPC General";"2025-6-1";107,68;2025;NA;6;"ipc";2026-10-07
"842";"Índice IPC General";"2025-7-1";108,62;2025;NA;7;"ipc";2026-10-07
"843";"Índice IPC General";"2025-8-1";108,66;2025;NA;8;"ipc";2026-10-07
"844";"Índice IPC General";"2025-9-1";109,14;2025;NA;9;"ipc";2026-10-07
"845";"Índice IPC General";"2025-10-1";109,19;2025;NA;10;"ipc";2026-10-07
"846";"Índice IPC General";"2025-11-1";109,47;2025;NA;11;"ipc";2026-10-07
"847";"Índice IPC General";"2025-12-1";109,26;2025;NA;12;"ipc";2026-10-07
"848";"Índice IPC General";"2026-1-1";109,71;2026;NA;1;"ipc";2026-10-07
"849";"Índice IPC General";"2026-2-1";109,7;2026;NA;2;"ipc";2026-10-07
"850";"Índice IPC General";"2026-3-1";110,75;2026;NA;3;"ipc";2026-10-07
"851";"Índice IPC General";"2026-4-1";112,18;2026;NA;4;"ipc";2026-10-07
"852";"Índice IPC General";"2026-5-1";112,37;2026;NA;5;"ipc";2026-10-07
"853";"Índice IPC General";"2026-6-1";112,35;2026;NA;6;"ipc";2026-10-07
"854";"Índice IPC General";"2026-7-1";112,45;2026;NA;7;"ipc";2026-10-07
"855";"Índice IPC General";"2026-8-1";113,15;2026;NA;8;"ipc";2026-10-07
"856";"IPSA (índice enero 2003=1000)";"2010-1-1";3752;2010;NA;1;"ipsa";2026-10-07
"857";"IPSA (índice enero 2003=1000)";"2010-2-1";3802,9;2010;NA;2;"ipsa";2026-10-07
"858";"IPSA (índice enero 2003=1000)";"2010-3-1";3779,2;2010;NA;3;"ipsa";2026-10-07
"859";"IPSA (índice enero 2003=1000)";"2010-4-1";3828,9;2010;NA;4;"ipsa";2026-10-07
"860";"IPSA (índice enero 2003=1000)";"2010-5-1";3828;2010;NA;5;"ipsa";2026-10-07
"861";"IPSA (índice enero 2003=1000)";"2010-6-1";3997,2;2010;NA;6;"ipsa";2026-10-07
"862";"IPSA (índice enero 2003=1000)";"2010-7-1";4222,3;2010;NA;7;"ipsa";2026-10-07
"863";"IPSA (índice enero 2003=1000)";"2010-8-1";4468,1;2010;NA;8;"ipsa";2026-10-07
"864";"IPSA (índice enero 2003=1000)";"2010-9-1";4726,4;2010;NA;9;"ipsa";2026-10-07
"865";"IPSA (índice enero 2003=1000)";"2010-10-1";4783,5;2010;NA;10;"ipsa";2026-10-07
"866";"IPSA (índice enero 2003=1000)";"2010-11-1";4972,3;2010;NA;11;"ipsa";2026-10-07
"867";"IPSA (índice enero 2003=1000)";"2010-12-1";4942,3;2010;NA;12;"ipsa";2026-10-07
"868";"IPSA (índice enero 2003=1000)";"2011-1-1";4885,5;2011;NA;1;"ipsa";2026-10-07
"869";"IPSA (índice enero 2003=1000)";"2011-2-1";4497,5;2011;NA;2;"ipsa";2026-10-07
"870";"IPSA (índice enero 2003=1000)";"2011-3-1";4465,2;2011;NA;3;"ipsa";2026-10-07
"871";"IPSA (índice enero 2003=1000)";"2011-4-1";4718,3;2011;NA;4;"ipsa";2026-10-07
"872";"IPSA (índice enero 2003=1000)";"2011-5-1";4827,9;2011;NA;5;"ipsa";2026-10-07
"873";"IPSA (índice enero 2003=1000)";"2011-6-1";4730,4;2011;NA;6;"ipsa";2026-10-07
"874";"IPSA (índice enero 2003=1000)";"2011-7-1";4663,6;2011;NA;7;"ipsa";2026-10-07
"875";"IPSA (índice enero 2003=1000)";"2011-8-1";4177,9;2011;NA;8;"ipsa";2026-10-07
"876";"IPSA (índice enero 2003=1000)";"2011-9-1";4033,3;2011;NA;9;"ipsa";2026-10-07
"877";"IPSA (índice enero 2003=1000)";"2011-10-1";4015,3;2011;NA;10;"ipsa";2026-10-07
"878";"IPSA (índice enero 2003=1000)";"2011-11-1";4219,8;2011;NA;11;"ipsa";2026-10-07
"879";"IPSA (índice enero 2003=1000)";"2011-12-1";4157,9;2011;NA;12;"ipsa";2026-10-07
"880";"IPSA (índice enero 2003=1000)";"2012-1-1";4219,7;2012;NA;1;"ipsa";2026-10-07
"881";"IPSA (índice enero 2003=1000)";"2012-2-1";4451,5;2012;NA;2;"ipsa";2026-10-07
"882";"IPSA (índice enero 2003=1000)";"2012-3-1";4582,5;2012;NA;3;"ipsa";2026-10-07
"883";"IPSA (índice enero 2003=1000)";"2012-4-1";4576,5;2012;NA;4;"ipsa";2026-10-07
"884";"IPSA (índice enero 2003=1000)";"2012-5-1";4369,6;2012;NA;5;"ipsa";2026-10-07
"885";"IPSA (índice enero 2003=1000)";"2012-6-1";4312,7;2012;NA;6;"ipsa";2026-10-07
"886";"IPSA (índice enero 2003=1000)";"2012-7-1";4349,4;2012;NA;7;"ipsa";2026-10-07
"887";"IPSA (índice enero 2003=1000)";"2012-8-1";4185,9;2012;NA;8;"ipsa";2026-10-07
"888";"IPSA (índice enero 2003=1000)";"2012-9-1";4181,5;2012;NA;9;"ipsa";2026-10-07
"889";"IPSA (índice enero 2003=1000)";"2012-10-1";4263,5;2012;NA;10;"ipsa";2026-10-07
"890";"IPSA (índice enero 2003=1000)";"2012-11-1";4185,6;2012;NA;11;"ipsa";2026-10-07
"891";"IPSA (índice enero 2003=1000)";"2012-12-1";4232,9;2012;NA;12;"ipsa";2026-10-07
"892";"IPSA (índice enero 2003=1000)";"2013-1-1";4469,8;2013;NA;1;"ipsa";2026-10-07
"893";"IPSA (índice enero 2003=1000)";"2013-2-1";4569,8;2013;NA;2;"ipsa";2026-10-07
"894";"IPSA (índice enero 2003=1000)";"2013-3-1";4477,4;2013;NA;3;"ipsa";2026-10-07
"895";"IPSA (índice enero 2003=1000)";"2013-4-1";4309,5;2013;NA;4;"ipsa";2026-10-07
"896";"IPSA (índice enero 2003=1000)";"2013-5-1";4258,8;2013;NA;5;"ipsa";2026-10-07
"897";"IPSA (índice enero 2003=1000)";"2013-6-1";3989,9;2013;NA;6;"ipsa";2026-10-07
"898";"IPSA (índice enero 2003=1000)";"2013-7-1";3824,9;2013;NA;7;"ipsa";2026-10-07
"899";"IPSA (índice enero 2003=1000)";"2013-8-1";3694,5;2013;NA;8;"ipsa";2026-10-07
"900";"IPSA (índice enero 2003=1000)";"2013-9-1";3817,5;2013;NA;9;"ipsa";2026-10-07
"901";"IPSA (índice enero 2003=1000)";"2013-10-1";3854,4;2013;NA;10;"ipsa";2026-10-07
"902";"IPSA (índice enero 2003=1000)";"2013-11-1";3791,1;2013;NA;11;"ipsa";2026-10-07
"903";"IPSA (índice enero 2003=1000)";"2013-12-1";3694,5;2013;NA;12;"ipsa";2026-10-07
"904";"IPSA (índice enero 2003=1000)";"2014-1-1";3615,8;2014;NA;1;"ipsa";2026-10-07
"905";"IPSA (índice enero 2003=1000)";"2014-2-1";3582,7;2014;NA;2;"ipsa";2026-10-07
"906";"IPSA (índice enero 2003=1000)";"2014-3-1";3679;2014;NA;3;"ipsa";2026-10-07
"907";"IPSA (índice enero 2003=1000)";"2014-4-1";3849,1;2014;NA;4;"ipsa";2026-10-07
"908";"IPSA (índice enero 2003=1000)";"2014-5-1";3928,6;2014;NA;5;"ipsa";2026-10-07
"909";"IPSA (índice enero 2003=1000)";"2014-6-1";3891,3;2014;NA;6;"ipsa";2026-10-07
"910";"IPSA (índice enero 2003=1000)";"2014-7-1";3924,2;2014;NA;7;"ipsa";2026-10-07
"911";"IPSA (índice enero 2003=1000)";"2014-8-1";3944,7;2014;NA;8;"ipsa";2026-10-07
"912";"IPSA (índice enero 2003=1000)";"2014-9-1";4014,2;2014;NA;9;"ipsa";2026-10-07
"913";"IPSA (índice enero 2003=1000)";"2014-10-1";3839,5;2014;NA;10;"ipsa";2026-10-07
"914";"IPSA (índice enero 2003=1000)";"2014-11-1";3936,1;2014;NA;11;"ipsa";2026-10-07
"915";"IPSA (índice enero 2003=1000)";"2014-12-1";3851,1;2014;NA;12;"ipsa";2026-10-07
"916";"IPSA (índice enero 2003=1000)";"2015-1-1";3798,6;2015;NA;1;"ipsa";2026-10-07
"917";"IPSA (índice enero 2003=1000)";"2015-2-1";3960,1;2015;NA;2;"ipsa";2026-10-07
"918";"IPSA (índice enero 2003=1000)";"2015-3-1";3892,6;2015;NA;3;"ipsa";2026-10-07
"919";"IPSA (índice enero 2003=1000)";"2015-4-1";4030;2015;NA;4;"ipsa";2026-10-07
"920";"IPSA (índice enero 2003=1000)";"2015-5-1";4079,5;2015;NA;5;"ipsa";2026-10-07
"921";"IPSA (índice enero 2003=1000)";"2015-6-1";3935,6;2015;NA;6;"ipsa";2026-10-07
"922";"IPSA (índice enero 2003=1000)";"2015-7-1";3847,3;2015;NA;7;"ipsa";2026-10-07
"923";"IPSA (índice enero 2003=1000)";"2015-8-1";3793,2;2015;NA;8;"ipsa";2026-10-07
"924";"IPSA (índice enero 2003=1000)";"2015-9-1";3753,4;2015;NA;9;"ipsa";2026-10-07
"925";"IPSA (índice enero 2003=1000)";"2015-10-1";3814,8;2015;NA;10;"ipsa";2026-10-07
"926";"IPSA (índice enero 2003=1000)";"2015-11-1";3794,5;2015;NA;11;"ipsa";2026-10-07
"927";"IPSA (índice enero 2003=1000)";"2015-12-1";3612;2015;NA;12;"ipsa";2026-10-07
"928";"IPSA (índice enero 2003=1000)";"2016-1-1";3547,5;2016;NA;1;"ipsa";2026-10-07
"929";"IPSA (índice enero 2003=1000)";"2016-2-1";3689,3;2016;NA;2;"ipsa";2026-10-07
"930";"IPSA (índice enero 2003=1000)";"2016-3-1";3869,5;2016;NA;3;"ipsa";2026-10-07
"931";"IPSA (índice enero 2003=1000)";"2016-4-1";3955,9;2016;NA;4;"ipsa";2026-10-07
"932";"IPSA (índice enero 2003=1000)";"2016-5-1";3977,3;2016;NA;5;"ipsa";2026-10-07
"933";"IPSA (índice enero 2003=1000)";"2016-6-1";3970,9;2016;NA;6;"ipsa";2026-10-07
"934";"IPSA (índice enero 2003=1000)";"2016-7-1";4082,5;2016;NA;7;"ipsa";2026-10-07
"935";"IPSA (índice enero 2003=1000)";"2016-8-1";4139,7;2016;NA;8;"ipsa";2026-10-07
"936";"IPSA (índice enero 2003=1000)";"2016-9-1";4083,6;2016;NA;9;"ipsa";2026-10-07
"937";"IPSA (índice enero 2003=1000)";"2016-10-1";4179;2016;NA;10;"ipsa";2026-10-07
"938";"IPSA (índice enero 2003=1000)";"2016-11-1";4209,9;2016;NA;11;"ipsa";2026-10-07
"939";"IPSA (índice enero 2003=1000)";"2016-12-1";4174,8;2016;NA;12;"ipsa";2026-10-07
"940";"IPSA (índice enero 2003=1000)";"2017-1-1";4225,8;2017;NA;1;"ipsa";2026-10-07
"941";"IPSA (índice enero 2003=1000)";"2017-2-1";4317,8;2017;NA;2;"ipsa";2026-10-07
"942";"IPSA (índice enero 2003=1000)";"2017-3-1";4612,6;2017;NA;3;"ipsa";2026-10-07
"943";"IPSA (índice enero 2003=1000)";"2017-4-1";4846,4;2017;NA;4;"ipsa";2026-10-07
"944";"IPSA (índice enero 2003=1000)";"2017-5-1";4848,3;2017;NA;5;"ipsa";2026-10-07
"945";"IPSA (índice enero 2003=1000)";"2017-6-1";4827,3;2017;NA;6;"ipsa";2026-10-07
"946";"IPSA (índice enero 2003=1000)";"2017-7-1";4969,1;2017;NA;7;"ipsa";2026-10-07
"947";"IPSA (índice enero 2003=1000)";"2017-8-1";5114,4;2017;NA;8;"ipsa";2026-10-07
"948";"IPSA (índice enero 2003=1000)";"2017-9-1";5204,2;2017;NA;9;"ipsa";2026-10-07
"949";"IPSA (índice enero 2003=1000)";"2017-10-1";5489,9;2017;NA;10;"ipsa";2026-10-07
"950";"IPSA (índice enero 2003=1000)";"2017-11-1";5264,5;2017;NA;11;"ipsa";2026-10-07
"951";"IPSA (índice enero 2003=1000)";"2017-12-1";5269,2;2017;NA;12;"ipsa";2026-10-07
"952";"IPSA (índice enero 2003=1000)";"2018-1-1";5763,1;2018;NA;1;"ipsa";2026-10-07
"953";"IPSA (índice enero 2003=1000)";"2018-2-1";5666,5;2018;NA;2;"ipsa";2026-10-07
"954";"IPSA (índice enero 2003=1000)";"2018-3-1";5552,7;2018;NA;3;"ipsa";2026-10-07
"955";"IPSA (índice enero 2003=1000)";"2018-4-1";5633,1;2018;NA;4;"ipsa";2026-10-07
"956";"IPSA (índice enero 2003=1000)";"2018-5-1";5630,4;2018;NA;5;"ipsa";2026-10-07
"957";"IPSA (índice enero 2003=1000)";"2018-6-1";5433,8;2018;NA;6;"ipsa";2026-10-07
"958";"IPSA (índice enero 2003=1000)";"2018-7-1";5353,1;2018;NA;7;"ipsa";2026-10-07
"959";"IPSA (índice enero 2003=1000)";"2018-8-1";5292,9;2018;NA;8;"ipsa";2026-10-07
"960";"IPSA (índice enero 2003=1000)";"2018-9-1";5289,8;2018;NA;9;"ipsa";2026-10-07
"961";"IPSA (índice enero 2003=1000)";"2018-10-1";5185,6;2018;NA;10;"ipsa";2026-10-07
"962";"IPSA (índice enero 2003=1000)";"2018-11-1";5159,1;2018;NA;11;"ipsa";2026-10-07
"963";"IPSA (índice enero 2003=1000)";"2018-12-1";5101,4;2018;NA;12;"ipsa";2026-10-07
"964";"IPSA (índice enero 2003=1000)";"2019-1-1";5346;2019;NA;1;"ipsa";2026-10-07
"965";"IPSA (índice enero 2003=1000)";"2019-2-1";5412,7;2019;NA;2;"ipsa";2026-10-07
"966";"IPSA (índice enero 2003=1000)";"2019-3-1";5259;2019;NA;3;"ipsa";2026-10-07
"967";"IPSA (índice enero 2003=1000)";"2019-4-1";5236,1;2019;NA;4;"ipsa";2026-10-07
"968";"IPSA (índice enero 2003=1000)";"2019-5-1";4979,9;2019;NA;5;"ipsa";2026-10-07
"969";"IPSA (índice enero 2003=1000)";"2019-6-1";5038,9;2019;NA;6;"ipsa";2026-10-07
"970";"IPSA (índice enero 2003=1000)";"2019-7-1";5034,7;2019;NA;7;"ipsa";2026-10-07
"971";"IPSA (índice enero 2003=1000)";"2019-8-1";4777,9;2019;NA;8;"ipsa";2026-10-07
"972";"IPSA (índice enero 2003=1000)";"2019-9-1";4940,1;2019;NA;9;"ipsa";2026-10-07
"973";"IPSA (índice enero 2003=1000)";"2019-10-1";5028,6;2019;NA;10;"ipsa";2026-10-07
"974";"IPSA (índice enero 2003=1000)";"2019-11-1";4658,3;2019;NA;11;"ipsa";2026-10-07
"975";"IPSA (índice enero 2003=1000)";"2019-12-1";4723,2;2019;NA;12;"ipsa";2026-10-07
"976";"IPSA (índice enero 2003=1000)";"2020-1-1";4776,7;2020;NA;1;"ipsa";2026-10-07
"977";"IPSA (índice enero 2003=1000)";"2020-2-1";4541;2020;NA;2;"ipsa";2026-10-07
"978";"IPSA (índice enero 2003=1000)";"2020-3-1";3580,5;2020;NA;3;"ipsa";2026-10-07
"979";"IPSA (índice enero 2003=1000)";"2020-4-1";3769,8;2020;NA;4;"ipsa";2026-10-07
"980";"IPSA (índice enero 2003=1000)";"2020-5-1";3763,5;2020;NA;5;"ipsa";2026-10-07
"981";"IPSA (índice enero 2003=1000)";"2020-6-1";3968,9;2020;NA;6;"ipsa";2026-10-07
"982";"IPSA (índice enero 2003=1000)";"2020-7-1";4062,1;2020;NA;7;"ipsa";2026-10-07
"983";"IPSA (índice enero 2003=1000)";"2020-8-1";3956,8;2020;NA;8;"ipsa";2026-10-07
"984";"IPSA (índice enero 2003=1000)";"2020-9-1";3700,1;2020;NA;9;"ipsa";2026-10-07
"985";"IPSA (índice enero 2003=1000)";"2020-10-1";3666,6;2020;NA;10;"ipsa";2026-10-07
"986";"IPSA (índice enero 2003=1000)";"2020-11-1";3950,6;2020;NA;11;"ipsa";2026-10-07
"987";"IPSA (índice enero 2003=1000)";"2020-12-1";4147,6;2020;NA;12;"ipsa";2026-10-07
"988";"IPSA (índice enero 2003=1000)";"2021-1-1";4512,6;2021;NA;1;"ipsa";2026-10-07
"989";"IPSA (índice enero 2003=1000)";"2021-2-1";4526,2;2021;NA;2;"ipsa";2026-10-07
"990";"IPSA (índice enero 2003=1000)";"2021-3-1";4829,4;2021;NA;3;"ipsa";2026-10-07
"991";"IPSA (índice enero 2003=1000)";"2021-4-1";4849;2021;NA;4;"ipsa";2026-10-07
"992";"IPSA (índice enero 2003=1000)";"2021-5-1";4366,7;2021;NA;5;"ipsa";2026-10-07
"993";"IPSA (índice enero 2003=1000)";"2021-6-1";4312,1;2021;NA;6;"ipsa";2026-10-07
"994";"IPSA (índice enero 2003=1000)";"2021-7-1";4226,4;2021;NA;7;"ipsa";2026-10-07
"995";"IPSA (índice enero 2003=1000)";"2021-8-1";4347,2;2021;NA;8;"ipsa";2026-10-07
"996";"IPSA (índice enero 2003=1000)";"2021-9-1";4397,4;2021;NA;9;"ipsa";2026-10-07
"997";"IPSA (índice enero 2003=1000)";"2021-10-1";4109,8;2021;NA;10;"ipsa";2026-10-07
"998";"IPSA (índice enero 2003=1000)";"2021-11-1";4455;2021;NA;11;"ipsa";2026-10-07
"999";"IPSA (índice enero 2003=1000)";"2021-12-1";4293,7;2021;NA;12;"ipsa";2026-10-07
"1000";"IPSA (índice enero 2003=1000)";"2022-1-1";4455,9;2022;NA;1;"ipsa";2026-10-07
"1001";"IPSA (índice enero 2003=1000)";"2022-2-1";4538,2;2022;NA;2;"ipsa";2026-10-07
"1002";"IPSA (índice enero 2003=1000)";"2022-3-1";4744;2022;NA;3;"ipsa";2026-10-07
"1003";"IPSA (índice enero 2003=1000)";"2022-4-1";4890,7;2022;NA;4;"ipsa";2026-10-07
"1004";"IPSA (índice enero 2003=1000)";"2022-5-1";4976,5;2022;NA;5;"ipsa";2026-10-07
"1005";"IPSA (índice enero 2003=1000)";"2022-6-1";5145,4;2022;NA;6;"ipsa";2026-10-07
"1006";"IPSA (índice enero 2003=1000)";"2022-7-1";5128,8;2022;NA;7;"ipsa";2026-10-07
"1007";"IPSA (índice enero 2003=1000)";"2022-8-1";5344,3;2022;NA;8;"ipsa";2026-10-07
"1008";"IPSA (índice enero 2003=1000)";"2022-9-1";5412,9;2022;NA;9;"ipsa";2026-10-07
"1009";"IPSA (índice enero 2003=1000)";"2022-10-1";5111,1;2022;NA;10;"ipsa";2026-10-07
"1010";"IPSA (índice enero 2003=1000)";"2022-11-1";5266,6;2022;NA;11;"ipsa";2026-10-07
"1011";"IPSA (índice enero 2003=1000)";"2022-12-1";5230,9;2022;NA;12;"ipsa";2026-10-07
"1012";"IPSA (índice enero 2003=1000)";"2023-1-1";5214,7;2023;NA;1;"ipsa";2026-10-07
"1013";"IPSA (índice enero 2003=1000)";"2023-2-1";5335,1;2023;NA;2;"ipsa";2026-10-07
"1014";"IPSA (índice enero 2003=1000)";"2023-3-1";5310,1;2023;NA;3;"ipsa";2026-10-07
"1015";"IPSA (índice enero 2003=1000)";"2023-4-1";5342,7;2023;NA;4;"ipsa";2026-10-07
"1016";"IPSA (índice enero 2003=1000)";"2023-5-1";5570,6;2023;NA;5;"ipsa";2026-10-07
"1017";"IPSA (índice enero 2003=1000)";"2023-6-1";5700;2023;NA;6;"ipsa";2026-10-07
"1018";"IPSA (índice enero 2003=1000)";"2023-7-1";6150,4;2023;NA;7;"ipsa";2026-10-07
"1019";"IPSA (índice enero 2003=1000)";"2023-8-1";6190,3;2023;NA;8;"ipsa";2026-10-07
"1020";"IPSA (índice enero 2003=1000)";"2023-9-1";5887;2023;NA;9;"ipsa";2026-10-07
"1021";"IPSA (índice enero 2003=1000)";"2023-10-1";5671,4;2023;NA;10;"ipsa";2026-10-07
"1022";"IPSA (índice enero 2003=1000)";"2023-11-1";5718,2;2023;NA;11;"ipsa";2026-10-07
"1023";"IPSA (índice enero 2003=1000)";"2023-12-1";6048,6;2023;NA;12;"ipsa";2026-10-07
"1024";"IPSA (índice enero 2003=1000)";"2024-1-1";6012,9;2024;NA;1;"ipsa";2026-10-07
"1025";"IPSA (índice enero 2003=1000)";"2024-2-1";6170;2024;NA;2;"ipsa";2026-10-07
"1026";"IPSA (índice enero 2003=1000)";"2024-3-1";6454,5;2024;NA;3;"ipsa";2026-10-07
"1027";"IPSA (índice enero 2003=1000)";"2024-4-1";6518;2024;NA;4;"ipsa";2026-10-07
"1028";"IPSA (índice enero 2003=1000)";"2024-5-1";6668,8;2024;NA;5;"ipsa";2026-10-07
"1029";"IPSA (índice enero 2003=1000)";"2024-6-1";6545,2;2024;NA;6;"ipsa";2026-10-07
"1030";"IPSA (índice enero 2003=1000)";"2024-7-1";6504,4;2024;NA;7;"ipsa";2026-10-07
"1031";"IPSA (índice enero 2003=1000)";"2024-8-1";6375,1;2024;NA;8;"ipsa";2026-10-07
"1032";"IPSA (índice enero 2003=1000)";"2024-9-1";6376,6;2024;NA;9;"ipsa";2026-10-07
"1033";"IPSA (índice enero 2003=1000)";"2024-10-1";6578,8;2024;NA;10;"ipsa";2026-10-07
"1034";"IPSA (índice enero 2003=1000)";"2024-11-1";6555,2;2024;NA;11;"ipsa";2026-10-07
"1035";"IPSA (índice enero 2003=1000)";"2024-12-1";6701,8;2024;NA;12;"ipsa";2026-10-07
"1036";"IPSA (índice enero 2003=1000)";"2025-1-1";6932,4;2025;NA;1;"ipsa";2026-10-07
"1037";"IPSA (índice enero 2003=1000)";"2025-2-1";7304,9;2025;NA;2;"ipsa";2026-10-07
"1038";"IPSA (índice enero 2003=1000)";"2025-3-1";7504,7;2025;NA;3;"ipsa";2026-10-07
"1039";"IPSA (índice enero 2003=1000)";"2025-4-1";7698;2025;NA;4;"ipsa";2026-10-07
"1040";"IPSA (índice enero 2003=1000)";"2025-5-1";8273,2;2025;NA;5;"ipsa";2026-10-07
"1041";"IPSA (índice enero 2003=1000)";"2025-6-1";8161,2;2025;NA;6;"ipsa";2026-10-07
"1042";"IPSA (índice enero 2003=1000)";"2025-7-1";8207,6;2025;NA;7;"ipsa";2026-10-07
"1043";"IPSA (índice enero 2003=1000)";"2025-8-1";8629,6;2025;NA;8;"ipsa";2026-10-07
"1044";"IPSA (índice enero 2003=1000)";"2025-9-1";9056,1;2025;NA;9;"ipsa";2026-10-07
"1045";"IPSA (índice enero 2003=1000)";"2025-10-1";9036,9;2025;NA;10;"ipsa";2026-10-07
"1046";"IPSA (índice enero 2003=1000)";"2025-11-1";9754,2;2025;NA;11;"ipsa";2026-10-07
"1047";"IPSA (índice enero 2003=1000)";"2025-12-1";10288,6;2025;NA;12;"ipsa";2026-10-07
"1048";"IPSA (índice enero 2003=1000)";"2026-1-1";11184,1;2026;NA;1;"ipsa";2026-10-07
"1049";"IPSA (índice enero 2003=1000)";"2026-2-1";11081,9;2026;NA;2;"ipsa";2026-10-07
"1050";"IPSA (índice enero 2003=1000)";"2026-3-1";10436,5;2026;NA;3;"ipsa";2026-10-07
"1051";"IPSA (índice enero 2003=1000)";"2026-4-1";11039,7;2026;NA;4;"ipsa";2026-10-07
"1052";"IPSA (índice enero 2003=1000)";"2026-5-1";10668,3;2026;NA;5;"ipsa";2026-10-07
"1053";"IPSA (índice enero 2003=1000)";"2026-6-1";10656,6;2026;NA;6;"ipsa";2026-10-07
"1054";"IPSA (índice enero 2003=1000)";"2026-7-1";10941;2026;NA;7;"ipsa";2026-10-07
"1055";"IPSA (índice enero 2003=1000)";"2026-8-1";11233,1;2026;NA;8;"ipsa";2026-10-07
"1056";"Fuerza de trabajo ( promedio móvil trimestral, miles de personas )";"2010-3-1";7883,7;2010;NA;3;"desempleo";2026-10-07
"1057";"Fuerza de trabajo ( promedio móvil trimestral, miles de personas )";"2010-4-1";7896,5;2010;NA;4;"desempleo";2026-10-07
"1058";"Fuerza de trabajo ( promedio móvil trimestral, miles de personas )";"2010-5-1";7899,8;2010;NA;5;"desempleo";2026-10-07
"1059";"Fuerza de trabajo ( promedio móvil trimestral, miles de personas )";"2010-6-1";7905,9;2010;NA;6;"desempleo";2026-10-07
"1060";"Fuerza de trabajo ( promedio móvil trimestral, miles de personas )";"2010-7-1";7931,6;2010;NA;7;"desempleo";2026-10-07
"1061";"Fuerza de trabajo ( promedio móvil trimestral, miles de personas )";"2010-8-1";7960,8;2010;NA;8;"desempleo";2026-10-07
"1062";"Fuerza de trabajo ( promedio móvil trimestral, miles de personas )";"2010-9-1";8042,9;2010;NA;9;"desempleo";2026-10-07
"1063";"Fuerza de trabajo ( promedio móvil trimestral, miles de personas )";"2010-10-1";8043;2010;NA;10;"desempleo";2026-10-07
"1064";"Fuerza de trabajo ( promedio móvil trimestral, miles de personas )";"2010-11-1";8087,4;2010;NA;11;"desempleo";2026-10-07
"1065";"Fuerza de trabajo ( promedio móvil trimestral, miles de personas )";"2010-12-1";8160,7;2010;NA;12;"desempleo";2026-10-07
"1066";"Fuerza de trabajo ( promedio móvil trimestral, miles de personas )";"2011-1-1";8227,8;2011;NA;1;"desempleo";2026-10-07
"1067";"Fuerza de trabajo ( promedio móvil trimestral, miles de personas )";"2011-2-1";8233,9;2011;NA;2;"desempleo";2026-10-07
"1068";"Fuerza de trabajo ( promedio móvil trimestral, miles de personas )";"2011-3-1";8246,4;2011;NA;3;"desempleo";2026-10-07
"1069";"Fuerza de trabajo ( promedio móvil trimestral, miles de personas )";"2011-4-1";8250;2011;NA;4;"desempleo";2026-10-07
"1070";"Fuerza de trabajo ( promedio móvil trimestral, miles de personas )";"2011-5-1";8269,6;2011;NA;5;"desempleo";2026-10-07
"1071";"Fuerza de trabajo ( promedio móvil trimestral, miles de personas )";"2011-6-1";8296,9;2011;NA;6;"desempleo";2026-10-07
"1072";"Fuerza de trabajo ( promedio móvil trimestral, miles de personas )";"2011-7-1";8285,2;2011;NA;7;"desempleo";2026-10-07
"1073";"Fuerza de trabajo ( promedio móvil trimestral, miles de personas )";"2011-8-1";8308,5;2011;NA;8;"desempleo";2026-10-07
"1074";"Fuerza de trabajo ( promedio móvil trimestral, miles de personas )";"2011-9-1";8323,2;2011;NA;9;"desempleo";2026-10-07
"1075";"Fuerza de trabajo ( promedio móvil trimestral, miles de personas )";"2011-10-1";8322;2011;NA;10;"desempleo";2026-10-07
"1076";"Fuerza de trabajo ( promedio móvil trimestral, miles de personas )";"2011-11-1";8327,4;2011;NA;11;"desempleo";2026-10-07
"1077";"Fuerza de trabajo ( promedio móvil trimestral, miles de personas )";"2011-12-1";8356,4;2011;NA;12;"desempleo";2026-10-07
"1078";"Fuerza de trabajo ( promedio móvil trimestral, miles de personas )";"2012-1-1";8391,7;2012;NA;1;"desempleo";2026-10-07
"1079";"Fuerza de trabajo ( promedio móvil trimestral, miles de personas )";"2012-2-1";8424;2012;NA;2;"desempleo";2026-10-07
"1080";"Fuerza de trabajo ( promedio móvil trimestral, miles de personas )";"2012-3-1";8416,9;2012;NA;3;"desempleo";2026-10-07
"1081";"Fuerza de trabajo ( promedio móvil trimestral, miles de personas )";"2012-4-1";8420;2012;NA;4;"desempleo";2026-10-07
"1082";"Fuerza de trabajo ( promedio móvil trimestral, miles de personas )";"2012-5-1";8423;2012;NA;5;"desempleo";2026-10-07
"1083";"Fuerza de trabajo ( promedio móvil trimestral, miles de personas )";"2012-6-1";8388,4;2012;NA;6;"desempleo";2026-10-07
"1084";"Fuerza de trabajo ( promedio móvil trimestral, miles de personas )";"2012-7-1";8367,1;2012;NA;7;"desempleo";2026-10-07
"1085";"Fuerza de trabajo ( promedio móvil trimestral, miles de personas )";"2012-8-1";8356,3;2012;NA;8;"desempleo";2026-10-07
"1086";"Fuerza de trabajo ( promedio móvil trimestral, miles de personas )";"2012-9-1";8428,3;2012;NA;9;"desempleo";2026-10-07
"1087";"Fuerza de trabajo ( promedio móvil trimestral, miles de personas )";"2012-10-1";8455,5;2012;NA;10;"desempleo";2026-10-07
"1088";"Fuerza de trabajo ( promedio móvil trimestral, miles de personas )";"2012-11-1";8462,8;2012;NA;11;"desempleo";2026-10-07
"1089";"Fuerza de trabajo ( promedio móvil trimestral, miles de personas )";"2012-12-1";8480,1;2012;NA;12;"desempleo";2026-10-07
"1090";"Fuerza de trabajo ( promedio móvil trimestral, miles de personas )";"2013-1-1";8520;2013;NA;1;"desempleo";2026-10-07
"1091";"Fuerza de trabajo ( promedio móvil trimestral, miles de personas )";"2013-2-1";8535,7;2013;NA;2;"desempleo";2026-10-07
"1092";"Fuerza de trabajo ( promedio móvil trimestral, miles de personas )";"2013-3-1";8539,4;2013;NA;3;"desempleo";2026-10-07
"1093";"Fuerza de trabajo ( promedio móvil trimestral, miles de personas )";"2013-4-1";8580,1;2013;NA;4;"desempleo";2026-10-07
"1094";"Fuerza de trabajo ( promedio móvil trimestral, miles de personas )";"2013-5-1";8579,5;2013;NA;5;"desempleo";2026-10-07
"1095";"Fuerza de trabajo ( promedio móvil trimestral, miles de personas )";"2013-6-1";8538,8;2013;NA;6;"desempleo";2026-10-07
"1096";"Fuerza de trabajo ( promedio móvil trimestral, miles de personas )";"2013-7-1";8486,1;2013;NA;7;"desempleo";2026-10-07
"1097";"Fuerza de trabajo ( promedio móvil trimestral, miles de personas )";"2013-8-1";8506,1;2013;NA;8;"desempleo";2026-10-07
"1098";"Fuerza de trabajo ( promedio móvil trimestral, miles de personas )";"2013-9-1";8509,5;2013;NA;9;"desempleo";2026-10-07
"1099";"Fuerza de trabajo ( promedio móvil trimestral, miles de personas )";"2013-10-1";8537,8;2013;NA;10;"desempleo";2026-10-07
"1100";"Fuerza de trabajo ( promedio móvil trimestral, miles de personas )";"2013-11-1";8569,7;2013;NA;11;"desempleo";2026-10-07
"1101";"Fuerza de trabajo ( promedio móvil trimestral, miles de personas )";"2013-12-1";8649,5;2013;NA;12;"desempleo";2026-10-07
"1102";"Fuerza de trabajo ( promedio móvil trimestral, miles de personas )";"2014-1-1";8714;2014;NA;1;"desempleo";2026-10-07
"1103";"Fuerza de trabajo ( promedio móvil trimestral, miles de personas )";"2014-2-1";8743,7;2014;NA;2;"desempleo";2026-10-07
"1104";"Fuerza de trabajo ( promedio móvil trimestral, miles de personas )";"2014-3-1";8722,9;2014;NA;3;"desempleo";2026-10-07
"1105";"Fuerza de trabajo ( promedio móvil trimestral, miles de personas )";"2014-4-1";8716,9;2014;NA;4;"desempleo";2026-10-07
"1106";"Fuerza de trabajo ( promedio móvil trimestral, miles de personas )";"2014-5-1";8706,6;2014;NA;5;"desempleo";2026-10-07
"1107";"Fuerza de trabajo ( promedio móvil trimestral, miles de personas )";"2014-6-1";8686,6;2014;NA;6;"desempleo";2026-10-07
"1108";"Fuerza de trabajo ( promedio móvil trimestral, miles de personas )";"2014-7-1";8655,8;2014;NA;7;"desempleo";2026-10-07
"1109";"Fuerza de trabajo ( promedio móvil trimestral, miles de personas )";"2014-8-1";8633,9;2014;NA;8;"desempleo";2026-10-07
"1110";"Fuerza de trabajo ( promedio móvil trimestral, miles de personas )";"2014-9-1";8675,2;2014;NA;9;"desempleo";2026-10-07
"1111";"Fuerza de trabajo ( promedio móvil trimestral, miles de personas )";"2014-10-1";8709,6;2014;NA;10;"desempleo";2026-10-07
"1112";"Fuerza de trabajo ( promedio móvil trimestral, miles de personas )";"2014-11-1";8751,6;2014;NA;11;"desempleo";2026-10-07
"1113";"Fuerza de trabajo ( promedio móvil trimestral, miles de personas )";"2014-12-1";8795,4;2014;NA;12;"desempleo";2026-10-07
"1114";"Fuerza de trabajo ( promedio móvil trimestral, miles de personas )";"2015-1-1";8807,6;2015;NA;1;"desempleo";2026-10-07
"1115";"Fuerza de trabajo ( promedio móvil trimestral, miles de personas )";"2015-2-1";8810,7;2015;NA;2;"desempleo";2026-10-07
"1116";"Fuerza de trabajo ( promedio móvil trimestral, miles de personas )";"2015-3-1";8779;2015;NA;3;"desempleo";2026-10-07
"1117";"Fuerza de trabajo ( promedio móvil trimestral, miles de personas )";"2015-4-1";8788,9;2015;NA;4;"desempleo";2026-10-07
"1118";"Fuerza de trabajo ( promedio móvil trimestral, miles de personas )";"2015-5-1";8806,4;2015;NA;5;"desempleo";2026-10-07
"1119";"Fuerza de trabajo ( promedio móvil trimestral, miles de personas )";"2015-6-1";8802,8;2015;NA;6;"desempleo";2026-10-07
"1120";"Fuerza de trabajo ( promedio móvil trimestral, miles de personas )";"2015-7-1";8810,4;2015;NA;7;"desempleo";2026-10-07
"1121";"Fuerza de trabajo ( promedio móvil trimestral, miles de personas )";"2015-8-1";8829,1;2015;NA;8;"desempleo";2026-10-07
"1122";"Fuerza de trabajo ( promedio móvil trimestral, miles de personas )";"2015-9-1";8883,4;2015;NA;9;"desempleo";2026-10-07
"1123";"Fuerza de trabajo ( promedio móvil trimestral, miles de personas )";"2015-10-1";8884,7;2015;NA;10;"desempleo";2026-10-07
"1124";"Fuerza de trabajo ( promedio móvil trimestral, miles de personas )";"2015-11-1";8909,4;2015;NA;11;"desempleo";2026-10-07
"1125";"Fuerza de trabajo ( promedio móvil trimestral, miles de personas )";"2015-12-1";8954,1;2015;NA;12;"desempleo";2026-10-07
"1126";"Fuerza de trabajo ( promedio móvil trimestral, miles de personas )";"2016-1-1";8983,7;2016;NA;1;"desempleo";2026-10-07
"1127";"Fuerza de trabajo ( promedio móvil trimestral, miles de personas )";"2016-2-1";8958,8;2016;NA;2;"desempleo";2026-10-07
"1128";"Fuerza de trabajo ( promedio móvil trimestral, miles de personas )";"2016-3-1";8940,9;2016;NA;3;"desempleo";2026-10-07
"1129";"Fuerza de trabajo ( promedio móvil trimestral, miles de personas )";"2016-4-1";8968,6;2016;NA;4;"desempleo";2026-10-07
"1130";"Fuerza de trabajo ( promedio móvil trimestral, miles de personas )";"2016-5-1";8981,5;2016;NA;5;"desempleo";2026-10-07
"1131";"Fuerza de trabajo ( promedio móvil trimestral, miles de personas )";"2016-6-1";8966,7;2016;NA;6;"desempleo";2026-10-07
"1132";"Fuerza de trabajo ( promedio móvil trimestral, miles de personas )";"2016-7-1";8989,5;2016;NA;7;"desempleo";2026-10-07
"1133";"Fuerza de trabajo ( promedio móvil trimestral, miles de personas )";"2016-8-1";8967,2;2016;NA;8;"desempleo";2026-10-07
"1134";"Fuerza de trabajo ( promedio móvil trimestral, miles de personas )";"2016-9-1";9012;2016;NA;9;"desempleo";2026-10-07
"1135";"Fuerza de trabajo ( promedio móvil trimestral, miles de personas )";"2016-10-1";8994,6;2016;NA;10;"desempleo";2026-10-07
"1136";"Fuerza de trabajo ( promedio móvil trimestral, miles de personas )";"2016-11-1";9046,4;2016;NA;11;"desempleo";2026-10-07
"1137";"Fuerza de trabajo ( promedio móvil trimestral, miles de personas )";"2016-12-1";9062,6;2016;NA;12;"desempleo";2026-10-07
"1138";"Fuerza de trabajo ( promedio móvil trimestral, miles de personas )";"2017-1-1";9115,1;2017;NA;1;"desempleo";2026-10-07
"1139";"Fuerza de trabajo ( promedio móvil trimestral, miles de personas )";"2017-2-1";9102;2017;NA;2;"desempleo";2026-10-07
"1140";"Fuerza de trabajo ( promedio móvil trimestral, miles de personas )";"2017-3-1";9127;2017;NA;3;"desempleo";2026-10-07
"1141";"Fuerza de trabajo ( promedio móvil trimestral, miles de personas )";"2017-4-1";9147,4;2017;NA;4;"desempleo";2026-10-07
"1142";"Fuerza de trabajo ( promedio móvil trimestral, miles de personas )";"2017-5-1";9210;2017;NA;5;"desempleo";2026-10-07
"1143";"Fuerza de trabajo ( promedio móvil trimestral, miles de personas )";"2017-6-1";9196,6;2017;NA;6;"desempleo";2026-10-07
"1144";"Fuerza de trabajo ( promedio móvil trimestral, miles de personas )";"2017-7-1";9201,4;2017;NA;7;"desempleo";2026-10-07
"1145";"Fuerza de trabajo ( promedio móvil trimestral, miles de personas )";"2017-8-1";9209,7;2017;NA;8;"desempleo";2026-10-07
"1146";"Fuerza de trabajo ( promedio móvil trimestral, miles de personas )";"2017-9-1";9260,9;2017;NA;9;"desempleo";2026-10-07
"1147";"Fuerza de trabajo ( promedio móvil trimestral, miles de personas )";"2017-10-1";9270,2;2017;NA;10;"desempleo";2026-10-07
"1148";"Fuerza de trabajo ( promedio móvil trimestral, miles de personas )";"2017-11-1";9338,7;2017;NA;11;"desempleo";2026-10-07
"1149";"Fuerza de trabajo ( promedio móvil trimestral, miles de personas )";"2017-12-1";9379,5;2017;NA;12;"desempleo";2026-10-07
"1150";"Fuerza de trabajo ( promedio móvil trimestral, miles de personas )";"2018-1-1";9438,1;2018;NA;1;"desempleo";2026-10-07
"1151";"Fuerza de trabajo ( promedio móvil trimestral, miles de personas )";"2018-2-1";9449,5;2018;NA;2;"desempleo";2026-10-07
"1152";"Fuerza de trabajo ( promedio móvil trimestral, miles de personas )";"2018-3-1";9456,6;2018;NA;3;"desempleo";2026-10-07
"1153";"Fuerza de trabajo ( promedio móvil trimestral, miles de personas )";"2018-4-1";9441,4;2018;NA;4;"desempleo";2026-10-07
"1154";"Fuerza de trabajo ( promedio móvil trimestral, miles de personas )";"2018-5-1";9465,3;2018;NA;5;"desempleo";2026-10-07
"1155";"Fuerza de trabajo ( promedio móvil trimestral, miles de personas )";"2018-6-1";9466,9;2018;NA;6;"desempleo";2026-10-07
"1156";"Fuerza de trabajo ( promedio móvil trimestral, miles de personas )";"2018-7-1";9451;2018;NA;7;"desempleo";2026-10-07
"1157";"Fuerza de trabajo ( promedio móvil trimestral, miles de personas )";"2018-8-1";9435,5;2018;NA;8;"desempleo";2026-10-07
"1158";"Fuerza de trabajo ( promedio móvil trimestral, miles de personas )";"2018-9-1";9414,2;2018;NA;9;"desempleo";2026-10-07
"1159";"Fuerza de trabajo ( promedio móvil trimestral, miles de personas )";"2018-10-1";9476,2;2018;NA;10;"desempleo";2026-10-07
"1160";"Fuerza de trabajo ( promedio móvil trimestral, miles de personas )";"2018-11-1";9525,4;2018;NA;11;"desempleo";2026-10-07
"1161";"Fuerza de trabajo ( promedio móvil trimestral, miles de personas )";"2018-12-1";9600,3;2018;NA;12;"desempleo";2026-10-07
"1162";"Fuerza de trabajo ( promedio móvil trimestral, miles de personas )";"2019-1-1";9613,3;2019;NA;1;"desempleo";2026-10-07
"1163";"Fuerza de trabajo ( promedio móvil trimestral, miles de personas )";"2019-2-1";9581,6;2019;NA;2;"desempleo";2026-10-07
"1164";"Fuerza de trabajo ( promedio móvil trimestral, miles de personas )";"2019-3-1";9571,7;2019;NA;3;"desempleo";2026-10-07
"1165";"Fuerza de trabajo ( promedio móvil trimestral, miles de personas )";"2019-4-1";9597,1;2019;NA;4;"desempleo";2026-10-07
"1166";"Fuerza de trabajo ( promedio móvil trimestral, miles de personas )";"2019-5-1";9621,1;2019;NA;5;"desempleo";2026-10-07
"1167";"Fuerza de trabajo ( promedio móvil trimestral, miles de personas )";"2019-6-1";9620,5;2019;NA;6;"desempleo";2026-10-07
"1168";"Fuerza de trabajo ( promedio móvil trimestral, miles de personas )";"2019-7-1";9638,1;2019;NA;7;"desempleo";2026-10-07
"1169";"Fuerza de trabajo ( promedio móvil trimestral, miles de personas )";"2019-8-1";9659,4;2019;NA;8;"desempleo";2026-10-07
"1170";"Fuerza de trabajo ( promedio móvil trimestral, miles de personas )";"2019-9-1";9712,7;2019;NA;9;"desempleo";2026-10-07
"1171";"Fuerza de trabajo ( promedio móvil trimestral, miles de personas )";"2019-10-1";9686;2019;NA;10;"desempleo";2026-10-07
"1172";"Fuerza de trabajo ( promedio móvil trimestral, miles de personas )";"2019-11-1";9722;2019;NA;11;"desempleo";2026-10-07
"1173";"Fuerza de trabajo ( promedio móvil trimestral, miles de personas )";"2019-12-1";9777,8;2019;NA;12;"desempleo";2026-10-07
"1174";"Fuerza de trabajo ( promedio móvil trimestral, miles de personas )";"2020-1-1";9848,7;2020;NA;1;"desempleo";2026-10-07
"1175";"Fuerza de trabajo ( promedio móvil trimestral, miles de personas )";"2020-2-1";9831,2;2020;NA;2;"desempleo";2026-10-07
"1176";"Fuerza de trabajo ( promedio móvil trimestral, miles de personas )";"2020-3-1";9744,2;2020;NA;3;"desempleo";2026-10-07
"1177";"Fuerza de trabajo ( promedio móvil trimestral, miles de personas )";"2020-4-1";9050,7;2020;NA;4;"desempleo";2026-10-07
"1178";"Fuerza de trabajo ( promedio móvil trimestral, miles de personas )";"2020-5-1";8390,9;2020;NA;5;"desempleo";2026-10-07
"1179";"Fuerza de trabajo ( promedio móvil trimestral, miles de personas )";"2020-6-1";8136,7;2020;NA;6;"desempleo";2026-10-07
"1180";"Fuerza de trabajo ( promedio móvil trimestral, miles de personas )";"2020-7-1";8138,6;2020;NA;7;"desempleo";2026-10-07
"1181";"Fuerza de trabajo ( promedio móvil trimestral, miles de personas )";"2020-8-1";8257,2;2020;NA;8;"desempleo";2026-10-07
"1182";"Fuerza de trabajo ( promedio móvil trimestral, miles de personas )";"2020-9-1";8402,6;2020;NA;9;"desempleo";2026-10-07
"1183";"Fuerza de trabajo ( promedio móvil trimestral, miles de personas )";"2020-10-1";8671,6;2020;NA;10;"desempleo";2026-10-07
"1184";"Fuerza de trabajo ( promedio móvil trimestral, miles de personas )";"2020-11-1";8871,1;2020;NA;11;"desempleo";2026-10-07
"1185";"Fuerza de trabajo ( promedio móvil trimestral, miles de personas )";"2020-12-1";8946,5;2020;NA;12;"desempleo";2026-10-07
"1186";"Fuerza de trabajo ( promedio móvil trimestral, miles de personas )";"2021-1-1";9046,6;2021;NA;1;"desempleo";2026-10-07
"1187";"Fuerza de trabajo ( promedio móvil trimestral, miles de personas )";"2021-2-1";9105,9;2021;NA;2;"desempleo";2026-10-07
"1188";"Fuerza de trabajo ( promedio móvil trimestral, miles de personas )";"2021-3-1";9089,3;2021;NA;3;"desempleo";2026-10-07
"1189";"Fuerza de trabajo ( promedio móvil trimestral, miles de personas )";"2021-4-1";9029,1;2021;NA;4;"desempleo";2026-10-07
"1190";"Fuerza de trabajo ( promedio móvil trimestral, miles de personas )";"2021-5-1";8938,3;2021;NA;5;"desempleo";2026-10-07
"1191";"Fuerza de trabajo ( promedio móvil trimestral, miles de personas )";"2021-6-1";8884,9;2021;NA;6;"desempleo";2026-10-07
"1192";"Fuerza de trabajo ( promedio móvil trimestral, miles de personas )";"2021-7-1";8948,3;2021;NA;7;"desempleo";2026-10-07
"1193";"Fuerza de trabajo ( promedio móvil trimestral, miles de personas )";"2021-8-1";9030,7;2021;NA;8;"desempleo";2026-10-07
"1194";"Fuerza de trabajo ( promedio móvil trimestral, miles de personas )";"2021-9-1";9111,1;2021;NA;9;"desempleo";2026-10-07
"1195";"Fuerza de trabajo ( promedio móvil trimestral, miles de personas )";"2021-10-1";9199,5;2021;NA;10;"desempleo";2026-10-07
"1196";"Fuerza de trabajo ( promedio móvil trimestral, miles de personas )";"2021-11-1";9255;2021;NA;11;"desempleo";2026-10-07
"1197";"Fuerza de trabajo ( promedio móvil trimestral, miles de personas )";"2021-12-1";9350,6;2021;NA;12;"desempleo";2026-10-07
"1198";"Fuerza de trabajo ( promedio móvil trimestral, miles de personas )";"2022-1-1";9396,1;2022;NA;1;"desempleo";2026-10-07
"1199";"Fuerza de trabajo ( promedio móvil trimestral, miles de personas )";"2022-2-1";9479,5;2022;NA;2;"desempleo";2026-10-07
"1200";"Fuerza de trabajo ( promedio móvil trimestral, miles de personas )";"2022-3-1";9541,6;2022;NA;3;"desempleo";2026-10-07
"1201";"Fuerza de trabajo ( promedio móvil trimestral, miles de personas )";"2022-4-1";9577,5;2022;NA;4;"desempleo";2026-10-07
"1202";"Fuerza de trabajo ( promedio móvil trimestral, miles de personas )";"2022-5-1";9604,6;2022;NA;5;"desempleo";2026-10-07
"1203";"Fuerza de trabajo ( promedio móvil trimestral, miles de personas )";"2022-6-1";9587,3;2022;NA;6;"desempleo";2026-10-07
"1204";"Fuerza de trabajo ( promedio móvil trimestral, miles de personas )";"2022-7-1";9610,9;2022;NA;7;"desempleo";2026-10-07
"1205";"Fuerza de trabajo ( promedio móvil trimestral, miles de personas )";"2022-8-1";9615,8;2022;NA;8;"desempleo";2026-10-07
"1206";"Fuerza de trabajo ( promedio móvil trimestral, miles de personas )";"2022-9-1";9616,7;2022;NA;9;"desempleo";2026-10-07
"1207";"Fuerza de trabajo ( promedio móvil trimestral, miles de personas )";"2022-10-1";9637,3;2022;NA;10;"desempleo";2026-10-07
"1208";"Fuerza de trabajo ( promedio móvil trimestral, miles de personas )";"2022-11-1";9650,2;2022;NA;11;"desempleo";2026-10-07
"1209";"Fuerza de trabajo ( promedio móvil trimestral, miles de personas )";"2022-12-1";9730,3;2022;NA;12;"desempleo";2026-10-07
"1210";"Fuerza de trabajo ( promedio móvil trimestral, miles de personas )";"2023-1-1";9795,9;2023;NA;1;"desempleo";2026-10-07
"1211";"Fuerza de trabajo ( promedio móvil trimestral, miles de personas )";"2023-2-1";9854,8;2023;NA;2;"desempleo";2026-10-07
"1212";"Fuerza de trabajo ( promedio móvil trimestral, miles de personas )";"2023-3-1";9876,1;2023;NA;3;"desempleo";2026-10-07
"1213";"Fuerza de trabajo ( promedio móvil trimestral, miles de personas )";"2023-4-1";9860,6;2023;NA;4;"desempleo";2026-10-07
"1214";"Fuerza de trabajo ( promedio móvil trimestral, miles de personas )";"2023-5-1";9876,1;2023;NA;5;"desempleo";2026-10-07
"1215";"Fuerza de trabajo ( promedio móvil trimestral, miles de personas )";"2023-6-1";9877,4;2023;NA;6;"desempleo";2026-10-07
"1216";"Fuerza de trabajo ( promedio móvil trimestral, miles de personas )";"2023-7-1";9896,8;2023;NA;7;"desempleo";2026-10-07
"1217";"Fuerza de trabajo ( promedio móvil trimestral, miles de personas )";"2023-8-1";9895,6;2023;NA;8;"desempleo";2026-10-07
"1218";"Fuerza de trabajo ( promedio móvil trimestral, miles de personas )";"2023-9-1";9906,4;2023;NA;9;"desempleo";2026-10-07
"1219";"Fuerza de trabajo ( promedio móvil trimestral, miles de personas )";"2023-10-1";9935,9;2023;NA;10;"desempleo";2026-10-07
"1220";"Fuerza de trabajo ( promedio móvil trimestral, miles de personas )";"2023-11-1";10012,8;2023;NA;11;"desempleo";2026-10-07
"1221";"Fuerza de trabajo ( promedio móvil trimestral, miles de personas )";"2023-12-1";10077,2;2023;NA;12;"desempleo";2026-10-07
"1222";"Fuerza de trabajo ( promedio móvil trimestral, miles de personas )";"2024-1-1";10127,8;2024;NA;1;"desempleo";2026-10-07
"1223";"Fuerza de trabajo ( promedio móvil trimestral, miles de personas )";"2024-2-1";10174,9;2024;NA;2;"desempleo";2026-10-07
"1224";"Fuerza de trabajo ( promedio móvil trimestral, miles de personas )";"2024-3-1";10193,2;2024;NA;3;"desempleo";2026-10-07
"1225";"Fuerza de trabajo ( promedio móvil trimestral, miles de personas )";"2024-4-1";10209,5;2024;NA;4;"desempleo";2026-10-07
"1226";"Fuerza de trabajo ( promedio móvil trimestral, miles de personas )";"2024-5-1";10177,7;2024;NA;5;"desempleo";2026-10-07
"1227";"Fuerza de trabajo ( promedio móvil trimestral, miles de personas )";"2024-6-1";10170,4;2024;NA;6;"desempleo";2026-10-07
"1228";"Fuerza de trabajo ( promedio móvil trimestral, miles de personas )";"2024-7-1";10137,9;2024;NA;7;"desempleo";2026-10-07
"1229";"Fuerza de trabajo ( promedio móvil trimestral, miles de personas )";"2024-8-1";10137,4;2024;NA;8;"desempleo";2026-10-07
"1230";"Fuerza de trabajo ( promedio móvil trimestral, miles de personas )";"2024-9-1";10128,9;2024;NA;9;"desempleo";2026-10-07
"1231";"Fuerza de trabajo ( promedio móvil trimestral, miles de personas )";"2024-10-1";10117;2024;NA;10;"desempleo";2026-10-07
"1232";"Fuerza de trabajo ( promedio móvil trimestral, miles de personas )";"2024-11-1";10117,4;2024;NA;11;"desempleo";2026-10-07
"1233";"Fuerza de trabajo ( promedio móvil trimestral, miles de personas )";"2024-12-1";10124,1;2024;NA;12;"desempleo";2026-10-07
"1234";"Fuerza de trabajo ( promedio móvil trimestral, miles de personas )";"2025-1-1";10213,5;2025;NA;1;"desempleo";2026-10-07
"1235";"Fuerza de trabajo ( promedio móvil trimestral, miles de personas )";"2025-2-1";10256,6;2025;NA;2;"desempleo";2026-10-07
"1236";"Fuerza de trabajo ( promedio móvil trimestral, miles de personas )";"2025-3-1";10284,5;2025;NA;3;"desempleo";2026-10-07
"1237";"Fuerza de trabajo ( promedio móvil trimestral, miles de personas )";"2025-4-1";10267;2025;NA;4;"desempleo";2026-10-07
"1238";"Fuerza de trabajo ( promedio móvil trimestral, miles de personas )";"2025-5-1";10264,1;2025;NA;5;"desempleo";2026-10-07
"1239";"Fuerza de trabajo ( promedio móvil trimestral, miles de personas )";"2025-6-1";10231,4;2025;NA;6;"desempleo";2026-10-07
"1240";"Fuerza de trabajo ( promedio móvil trimestral, miles de personas )";"2025-7-1";10219,3;2025;NA;7;"desempleo";2026-10-07
"1241";"Fuerza de trabajo ( promedio móvil trimestral, miles de personas )";"2025-8-1";10231;2025;NA;8;"desempleo";2026-10-07
"1242";"Fuerza de trabajo ( promedio móvil trimestral, miles de personas )";"2025-9-1";10252;2025;NA;9;"desempleo";2026-10-07
"1243";"Fuerza de trabajo ( promedio móvil trimestral, miles de personas )";"2025-10-1";10252,5;2025;NA;10;"desempleo";2026-10-07
"1244";"Fuerza de trabajo ( promedio móvil trimestral, miles de personas )";"2025-11-1";10266,5;2025;NA;11;"desempleo";2026-10-07
"1245";"Fuerza de trabajo ( promedio móvil trimestral, miles de personas )";"2025-12-1";10302,6;2025;NA;12;"desempleo";2026-10-07
"1246";"Fuerza de trabajo ( promedio móvil trimestral, miles de personas )";"2026-1-1";10361,5;2026;NA;1;"desempleo";2026-10-07
"1247";"Fuerza de trabajo ( promedio móvil trimestral, miles de personas )";"2026-2-1";10354,1;2026;NA;2;"desempleo";2026-10-07
"1248";"Fuerza de trabajo ( promedio móvil trimestral, miles de personas )";"2026-3-1";10359,3;2026;NA;3;"desempleo";2026-10-07
"1249";"Fuerza de trabajo ( promedio móvil trimestral, miles de personas )";"2026-4-1";10372,4;2026;NA;4;"desempleo";2026-10-07
"1250";"Fuerza de trabajo ( promedio móvil trimestral, miles de personas )";"2026-5-1";10397,7;2026;NA;5;"desempleo";2026-10-07
"1251";"Fuerza de trabajo ( promedio móvil trimestral, miles de personas )";"2026-6-1";10383,6;2026;NA;6;"desempleo";2026-10-07
"1252";"Fuerza de trabajo ( promedio móvil trimestral, miles de personas )";"2026-7-1";10295,1;2026;NA;7;"desempleo";2026-10-07
"1253";"Fuerza de trabajo ( promedio móvil trimestral, miles de personas )";"2026-8-1";10263,1;2026;NA;8;"desempleo";2026-10-07
"1254";"Empleo ( promedio móvil trimestral, miles de personas )";"2010-3-1";7156,2;2010;NA;3;"desempleo";2026-10-07
"1255";"Empleo ( promedio móvil trimestral, miles de personas )";"2010-4-1";7198,8;2010;NA;4;"desempleo";2026-10-07
"1256";"Empleo ( promedio móvil trimestral, miles de personas )";"2010-5-1";7181,9;2010;NA;5;"desempleo";2026-10-07
"1257";"Empleo ( promedio móvil trimestral, miles de personas )";"2010-6-1";7221,6;2010;NA;6;"desempleo";2026-10-07
"1258";"Empleo ( promedio móvil trimestral, miles de personas )";"2010-7-1";7256,5;2010;NA;7;"desempleo";2026-10-07
"1259";"Empleo ( promedio móvil trimestral, miles de personas )";"2010-8-1";7289,2;2010;NA;8;"desempleo";2026-10-07
"1260";"Empleo ( promedio móvil trimestral, miles de personas )";"2010-9-1";7389,5;2010;NA;9;"desempleo";2026-10-07
"1261";"Empleo ( promedio móvil trimestral, miles de personas )";"2010-10-1";7414,4;2010;NA;10;"desempleo";2026-10-07
"1262";"Empleo ( promedio móvil trimestral, miles de personas )";"2010-11-1";7503,1;2010;NA;11;"desempleo";2026-10-07
"1263";"Empleo ( promedio móvil trimestral, miles de personas )";"2010-12-1";7572,3;2010;NA;12;"desempleo";2026-10-07
"1264";"Empleo ( promedio móvil trimestral, miles de personas )";"2011-1-1";7615,5;2011;NA;1;"desempleo";2026-10-07
"1265";"Empleo ( promedio móvil trimestral, miles de personas )";"2011-2-1";7621;2011;NA;2;"desempleo";2026-10-07
"1266";"Empleo ( promedio móvil trimestral, miles de personas )";"2011-3-1";7623,9;2011;NA;3;"desempleo";2026-10-07
"1267";"Empleo ( promedio móvil trimestral, miles de personas )";"2011-4-1";7655,1;2011;NA;4;"desempleo";2026-10-07
"1268";"Empleo ( promedio móvil trimestral, miles de personas )";"2011-5-1";7665,5;2011;NA;5;"desempleo";2026-10-07
"1269";"Empleo ( promedio móvil trimestral, miles de personas )";"2011-6-1";7698,5;2011;NA;6;"desempleo";2026-10-07
"1270";"Empleo ( promedio móvil trimestral, miles de personas )";"2011-7-1";7659,4;2011;NA;7;"desempleo";2026-10-07
"1271";"Empleo ( promedio móvil trimestral, miles de personas )";"2011-8-1";7684,2;2011;NA;8;"desempleo";2026-10-07
"1272";"Empleo ( promedio móvil trimestral, miles de personas )";"2011-9-1";7688,4;2011;NA;9;"desempleo";2026-10-07
"1273";"Empleo ( promedio móvil trimestral, miles de personas )";"2011-10-1";7703,1;2011;NA;10;"desempleo";2026-10-07
"1274";"Empleo ( promedio móvil trimestral, miles de personas )";"2011-11-1";7716,9;2011;NA;11;"desempleo";2026-10-07
"1275";"Empleo ( promedio móvil trimestral, miles de personas )";"2011-12-1";7786,9;2011;NA;12;"desempleo";2026-10-07
"1276";"Empleo ( promedio móvil trimestral, miles de personas )";"2012-1-1";7816,6;2012;NA;1;"desempleo";2026-10-07
"1277";"Empleo ( promedio móvil trimestral, miles de personas )";"2012-2-1";7874,1;2012;NA;2;"desempleo";2026-10-07
"1278";"Empleo ( promedio móvil trimestral, miles de personas )";"2012-3-1";7844,8;2012;NA;3;"desempleo";2026-10-07
"1279";"Empleo ( promedio móvil trimestral, miles de personas )";"2012-4-1";7850,5;2012;NA;4;"desempleo";2026-10-07
"1280";"Empleo ( promedio móvil trimestral, miles de personas )";"2012-5-1";7838,3;2012;NA;5;"desempleo";2026-10-07
"1281";"Empleo ( promedio móvil trimestral, miles de personas )";"2012-6-1";7819,5;2012;NA;6;"desempleo";2026-10-07
"1282";"Empleo ( promedio móvil trimestral, miles de personas )";"2012-7-1";7809,5;2012;NA;7;"desempleo";2026-10-07
"1283";"Empleo ( promedio móvil trimestral, miles de personas )";"2012-8-1";7809,9;2012;NA;8;"desempleo";2026-10-07
"1284";"Empleo ( promedio móvil trimestral, miles de personas )";"2012-9-1";7874,1;2012;NA;9;"desempleo";2026-10-07
"1285";"Empleo ( promedio móvil trimestral, miles de personas )";"2012-10-1";7889,4;2012;NA;10;"desempleo";2026-10-07
"1286";"Empleo ( promedio móvil trimestral, miles de personas )";"2012-11-1";7924,6;2012;NA;11;"desempleo";2026-10-07
"1287";"Empleo ( promedio móvil trimestral, miles de personas )";"2012-12-1";7952,3;2012;NA;12;"desempleo";2026-10-07
"1288";"Empleo ( promedio móvil trimestral, miles de personas )";"2013-1-1";7998,6;2013;NA;1;"desempleo";2026-10-07
"1289";"Empleo ( promedio móvil trimestral, miles de personas )";"2013-2-1";7993,3;2013;NA;2;"desempleo";2026-10-07
"1290";"Empleo ( promedio móvil trimestral, miles de personas )";"2013-3-1";7990,7;2013;NA;3;"desempleo";2026-10-07
"1291";"Empleo ( promedio móvil trimestral, miles de personas )";"2013-4-1";8019,1;2013;NA;4;"desempleo";2026-10-07
"1292";"Empleo ( promedio móvil trimestral, miles de personas )";"2013-5-1";8018,3;2013;NA;5;"desempleo";2026-10-07
"1293";"Empleo ( promedio móvil trimestral, miles de personas )";"2013-6-1";8004,2;2013;NA;6;"desempleo";2026-10-07
"1294";"Empleo ( promedio móvil trimestral, miles de personas )";"2013-7-1";7986,8;2013;NA;7;"desempleo";2026-10-07
"1295";"Empleo ( promedio móvil trimestral, miles de personas )";"2013-8-1";8008,6;2013;NA;8;"desempleo";2026-10-07
"1296";"Empleo ( promedio móvil trimestral, miles de personas )";"2013-9-1";8010,8;2013;NA;9;"desempleo";2026-10-07
"1297";"Empleo ( promedio móvil trimestral, miles de personas )";"2013-10-1";8029,6;2013;NA;10;"desempleo";2026-10-07
"1298";"Empleo ( promedio móvil trimestral, miles de personas )";"2013-11-1";8067,1;2013;NA;11;"desempleo";2026-10-07
"1299";"Empleo ( promedio móvil trimestral, miles de personas )";"2013-12-1";8149,4;2013;NA;12;"desempleo";2026-10-07
"1300";"Empleo ( promedio móvil trimestral, miles de personas )";"2014-1-1";8171;2014;NA;1;"desempleo";2026-10-07
"1301";"Empleo ( promedio móvil trimestral, miles de personas )";"2014-2-1";8202,9;2014;NA;2;"desempleo";2026-10-07
"1302";"Empleo ( promedio móvil trimestral, miles de personas )";"2014-3-1";8156,2;2014;NA;3;"desempleo";2026-10-07
"1303";"Empleo ( promedio móvil trimestral, miles de personas )";"2014-4-1";8181,3;2014;NA;4;"desempleo";2026-10-07
"1304";"Empleo ( promedio móvil trimestral, miles de personas )";"2014-5-1";8156;2014;NA;5;"desempleo";2026-10-07
"1305";"Empleo ( promedio móvil trimestral, miles de personas )";"2014-6-1";8120,4;2014;NA;6;"desempleo";2026-10-07
"1306";"Empleo ( promedio móvil trimestral, miles de personas )";"2014-7-1";8085;2014;NA;7;"desempleo";2026-10-07
"1307";"Empleo ( promedio móvil trimestral, miles de personas )";"2014-8-1";8044,5;2014;NA;8;"desempleo";2026-10-07
"1308";"Empleo ( promedio móvil trimestral, miles de personas )";"2014-9-1";8088,7;2014;NA;9;"desempleo";2026-10-07
"1309";"Empleo ( promedio móvil trimestral, miles de personas )";"2014-10-1";8137,9;2014;NA;10;"desempleo";2026-10-07
"1310";"Empleo ( promedio móvil trimestral, miles de personas )";"2014-11-1";8207,7;2014;NA;11;"desempleo";2026-10-07
"1311";"Empleo ( promedio móvil trimestral, miles de personas )";"2014-12-1";8249,6;2014;NA;12;"desempleo";2026-10-07
"1312";"Empleo ( promedio móvil trimestral, miles de personas )";"2015-1-1";8259,2;2015;NA;1;"desempleo";2026-10-07
"1313";"Empleo ( promedio móvil trimestral, miles de personas )";"2015-2-1";8263,1;2015;NA;2;"desempleo";2026-10-07
"1314";"Empleo ( promedio móvil trimestral, miles de personas )";"2015-3-1";8232,2;2015;NA;3;"desempleo";2026-10-07
"1315";"Empleo ( promedio móvil trimestral, miles de personas )";"2015-4-1";8230,3;2015;NA;4;"desempleo";2026-10-07
"1316";"Empleo ( promedio móvil trimestral, miles de personas )";"2015-5-1";8211,8;2015;NA;5;"desempleo";2026-10-07
"1317";"Empleo ( promedio móvil trimestral, miles de personas )";"2015-6-1";8215,6;2015;NA;6;"desempleo";2026-10-07
"1318";"Empleo ( promedio móvil trimestral, miles de personas )";"2015-7-1";8220,8;2015;NA;7;"desempleo";2026-10-07
"1319";"Empleo ( promedio móvil trimestral, miles de personas )";"2015-8-1";8250,1;2015;NA;8;"desempleo";2026-10-07
"1320";"Empleo ( promedio móvil trimestral, miles de personas )";"2015-9-1";8302;2015;NA;9;"desempleo";2026-10-07
"1321";"Empleo ( promedio móvil trimestral, miles de personas )";"2015-10-1";8312,1;2015;NA;10;"desempleo";2026-10-07
"1322";"Empleo ( promedio móvil trimestral, miles de personas )";"2015-11-1";8359,3;2015;NA;11;"desempleo";2026-10-07
"1323";"Empleo ( promedio móvil trimestral, miles de personas )";"2015-12-1";8428,5;2015;NA;12;"desempleo";2026-10-07
"1324";"Empleo ( promedio móvil trimestral, miles de personas )";"2016-1-1";8452,1;2016;NA;1;"desempleo";2026-10-07
"1325";"Empleo ( promedio móvil trimestral, miles de personas )";"2016-2-1";8417,1;2016;NA;2;"desempleo";2026-10-07
"1326";"Empleo ( promedio móvil trimestral, miles de personas )";"2016-3-1";8360,6;2016;NA;3;"desempleo";2026-10-07
"1327";"Empleo ( promedio móvil trimestral, miles de personas )";"2016-4-1";8376,2;2016;NA;4;"desempleo";2026-10-07
"1328";"Empleo ( promedio móvil trimestral, miles de personas )";"2016-5-1";8350,3;2016;NA;5;"desempleo";2026-10-07
"1329";"Empleo ( promedio móvil trimestral, miles de personas )";"2016-6-1";8337,4;2016;NA;6;"desempleo";2026-10-07
"1330";"Empleo ( promedio móvil trimestral, miles de personas )";"2016-7-1";8336,2;2016;NA;7;"desempleo";2026-10-07
"1331";"Empleo ( promedio móvil trimestral, miles de personas )";"2016-8-1";8333,2;2016;NA;8;"desempleo";2026-10-07
"1332";"Empleo ( promedio móvil trimestral, miles de personas )";"2016-9-1";8378,4;2016;NA;9;"desempleo";2026-10-07
"1333";"Empleo ( promedio móvil trimestral, miles de personas )";"2016-10-1";8393,7;2016;NA;10;"desempleo";2026-10-07
"1334";"Empleo ( promedio móvil trimestral, miles de personas )";"2016-11-1";8467,1;2016;NA;11;"desempleo";2026-10-07
"1335";"Empleo ( promedio móvil trimestral, miles de personas )";"2016-12-1";8500,7;2016;NA;12;"desempleo";2026-10-07
"1336";"Empleo ( promedio móvil trimestral, miles de personas )";"2017-1-1";8534,6;2017;NA;1;"desempleo";2026-10-07
"1337";"Empleo ( promedio móvil trimestral, miles de personas )";"2017-2-1";8485,7;2017;NA;2;"desempleo";2026-10-07
"1338";"Empleo ( promedio móvil trimestral, miles de personas )";"2017-3-1";8484,4;2017;NA;3;"desempleo";2026-10-07
"1339";"Empleo ( promedio móvil trimestral, miles de personas )";"2017-4-1";8499,9;2017;NA;4;"desempleo";2026-10-07
"1340";"Empleo ( promedio móvil trimestral, miles de personas )";"2017-5-1";8535,2;2017;NA;5;"desempleo";2026-10-07
"1341";"Empleo ( promedio móvil trimestral, miles de personas )";"2017-6-1";8524,1;2017;NA;6;"desempleo";2026-10-07
"1342";"Empleo ( promedio móvil trimestral, miles de personas )";"2017-7-1";8537,4;2017;NA;7;"desempleo";2026-10-07
"1343";"Empleo ( promedio móvil trimestral, miles de personas )";"2017-8-1";8573,5;2017;NA;8;"desempleo";2026-10-07
"1344";"Empleo ( promedio móvil trimestral, miles de personas )";"2017-9-1";8613,1;2017;NA;9;"desempleo";2026-10-07
"1345";"Empleo ( promedio móvil trimestral, miles de personas )";"2017-10-1";8622,7;2017;NA;10;"desempleo";2026-10-07
"1346";"Empleo ( promedio móvil trimestral, miles de personas )";"2017-11-1";8712,7;2017;NA;11;"desempleo";2026-10-07
"1347";"Empleo ( promedio móvil trimestral, miles de personas )";"2017-12-1";8768,7;2017;NA;12;"desempleo";2026-10-07
"1348";"Empleo ( promedio móvil trimestral, miles de personas )";"2018-1-1";8793,9;2018;NA;1;"desempleo";2026-10-07
"1349";"Empleo ( promedio móvil trimestral, miles de personas )";"2018-2-1";8787,1;2018;NA;2;"desempleo";2026-10-07
"1350";"Empleo ( promedio móvil trimestral, miles de personas )";"2018-3-1";8759,1;2018;NA;3;"desempleo";2026-10-07
"1351";"Empleo ( promedio móvil trimestral, miles de personas )";"2018-4-1";8781,1;2018;NA;4;"desempleo";2026-10-07
"1352";"Empleo ( promedio móvil trimestral, miles de personas )";"2018-5-1";8766,7;2018;NA;5;"desempleo";2026-10-07
"1353";"Empleo ( promedio móvil trimestral, miles de personas )";"2018-6-1";8755,5;2018;NA;6;"desempleo";2026-10-07
"1354";"Empleo ( promedio móvil trimestral, miles de personas )";"2018-7-1";8708,7;2018;NA;7;"desempleo";2026-10-07
"1355";"Empleo ( promedio móvil trimestral, miles de personas )";"2018-8-1";8707,2;2018;NA;8;"desempleo";2026-10-07
"1356";"Empleo ( promedio móvil trimestral, miles de personas )";"2018-9-1";8710,9;2018;NA;9;"desempleo";2026-10-07
"1357";"Empleo ( promedio móvil trimestral, miles de personas )";"2018-10-1";8773,8;2018;NA;10;"desempleo";2026-10-07
"1358";"Empleo ( promedio móvil trimestral, miles de personas )";"2018-11-1";8829;2018;NA;11;"desempleo";2026-10-07
"1359";"Empleo ( promedio móvil trimestral, miles de personas )";"2018-12-1";8914,2;2018;NA;12;"desempleo";2026-10-07
"1360";"Empleo ( promedio móvil trimestral, miles de personas )";"2019-1-1";8928;2019;NA;1;"desempleo";2026-10-07
"1361";"Empleo ( promedio móvil trimestral, miles de personas )";"2019-2-1";8907,6;2019;NA;2;"desempleo";2026-10-07
"1362";"Empleo ( promedio móvil trimestral, miles de personas )";"2019-3-1";8879,1;2019;NA;3;"desempleo";2026-10-07
"1363";"Empleo ( promedio móvil trimestral, miles de personas )";"2019-4-1";8916;2019;NA;4;"desempleo";2026-10-07
"1364";"Empleo ( promedio móvil trimestral, miles de personas )";"2019-5-1";8925,3;2019;NA;5;"desempleo";2026-10-07
"1365";"Empleo ( promedio móvil trimestral, miles de personas )";"2019-6-1";8922,6;2019;NA;6;"desempleo";2026-10-07
"1366";"Empleo ( promedio móvil trimestral, miles de personas )";"2019-7-1";8910,6;2019;NA;7;"desempleo";2026-10-07
"1367";"Empleo ( promedio móvil trimestral, miles de personas )";"2019-8-1";8928;2019;NA;8;"desempleo";2026-10-07
"1368";"Empleo ( promedio móvil trimestral, miles de personas )";"2019-9-1";9000,1;2019;NA;9;"desempleo";2026-10-07
"1369";"Empleo ( promedio móvil trimestral, miles de personas )";"2019-10-1";8994,4;2019;NA;10;"desempleo";2026-10-07
"1370";"Empleo ( promedio móvil trimestral, miles de personas )";"2019-11-1";9045,4;2019;NA;11;"desempleo";2026-10-07
"1371";"Empleo ( promedio móvil trimestral, miles de personas )";"2019-12-1";9087,1;2019;NA;12;"desempleo";2026-10-07
"1372";"Empleo ( promedio móvil trimestral, miles de personas )";"2020-1-1";9115,6;2020;NA;1;"desempleo";2026-10-07
"1373";"Empleo ( promedio móvil trimestral, miles de personas )";"2020-2-1";9063,4;2020;NA;2;"desempleo";2026-10-07
"1374";"Empleo ( promedio móvil trimestral, miles de personas )";"2020-3-1";8942,4;2020;NA;3;"desempleo";2026-10-07
"1375";"Empleo ( promedio móvil trimestral, miles de personas )";"2020-4-1";8235,9;2020;NA;4;"desempleo";2026-10-07
"1376";"Empleo ( promedio móvil trimestral, miles de personas )";"2020-5-1";7450,5;2020;NA;5;"desempleo";2026-10-07
"1377";"Empleo ( promedio móvil trimestral, miles de personas )";"2020-6-1";7142,6;2020;NA;6;"desempleo";2026-10-07
"1378";"Empleo ( promedio móvil trimestral, miles de personas )";"2020-7-1";7073,2;2020;NA;7;"desempleo";2026-10-07
"1379";"Empleo ( promedio móvil trimestral, miles de personas )";"2020-8-1";7191,4;2020;NA;8;"desempleo";2026-10-07
"1380";"Empleo ( promedio móvil trimestral, miles de personas )";"2020-9-1";7365,1;2020;NA;9;"desempleo";2026-10-07
"1381";"Empleo ( promedio móvil trimestral, miles de personas )";"2020-10-1";7667,7;2020;NA;10;"desempleo";2026-10-07
"1382";"Empleo ( promedio móvil trimestral, miles de personas )";"2020-11-1";7916,7;2020;NA;11;"desempleo";2026-10-07
"1383";"Empleo ( promedio móvil trimestral, miles de personas )";"2020-12-1";8026,2;2020;NA;12;"desempleo";2026-10-07
"1384";"Empleo ( promedio móvil trimestral, miles de personas )";"2021-1-1";8121,4;2021;NA;1;"desempleo";2026-10-07
"1385";"Empleo ( promedio móvil trimestral, miles de personas )";"2021-2-1";8167,6;2021;NA;2;"desempleo";2026-10-07
"1386";"Empleo ( promedio móvil trimestral, miles de personas )";"2021-3-1";8148,2;2021;NA;3;"desempleo";2026-10-07
"1387";"Empleo ( promedio móvil trimestral, miles de personas )";"2021-4-1";8104,1;2021;NA;4;"desempleo";2026-10-07
"1388";"Empleo ( promedio móvil trimestral, miles de personas )";"2021-5-1";8041,1;2021;NA;5;"desempleo";2026-10-07
"1389";"Empleo ( promedio móvil trimestral, miles de personas )";"2021-6-1";8041,2;2021;NA;6;"desempleo";2026-10-07
"1390";"Empleo ( promedio móvil trimestral, miles de personas )";"2021-7-1";8148,9;2021;NA;7;"desempleo";2026-10-07
"1391";"Empleo ( promedio móvil trimestral, miles de personas )";"2021-8-1";8258,8;2021;NA;8;"desempleo";2026-10-07
"1392";"Empleo ( promedio móvil trimestral, miles de personas )";"2021-9-1";8345,2;2021;NA;9;"desempleo";2026-10-07
"1393";"Empleo ( promedio móvil trimestral, miles de personas )";"2021-10-1";8456,5;2021;NA;10;"desempleo";2026-10-07
"1394";"Empleo ( promedio móvil trimestral, miles de personas )";"2021-11-1";8558,4;2021;NA;11;"desempleo";2026-10-07
"1395";"Empleo ( promedio móvil trimestral, miles de personas )";"2021-12-1";8678,3;2021;NA;12;"desempleo";2026-10-07
"1396";"Empleo ( promedio móvil trimestral, miles de personas )";"2022-1-1";8712,9;2022;NA;1;"desempleo";2026-10-07
"1397";"Empleo ( promedio móvil trimestral, miles de personas )";"2022-2-1";8768,6;2022;NA;2;"desempleo";2026-10-07
"1398";"Empleo ( promedio móvil trimestral, miles de personas )";"2022-3-1";8797,6;2022;NA;3;"desempleo";2026-10-07
"1399";"Empleo ( promedio móvil trimestral, miles de personas )";"2022-4-1";8835,5;2022;NA;4;"desempleo";2026-10-07
"1400";"Empleo ( promedio móvil trimestral, miles de personas )";"2022-5-1";8855,1;2022;NA;5;"desempleo";2026-10-07
"1401";"Empleo ( promedio móvil trimestral, miles de personas )";"2022-6-1";8838,4;2022;NA;6;"desempleo";2026-10-07
"1402";"Empleo ( promedio móvil trimestral, miles de personas )";"2022-7-1";8849,8;2022;NA;7;"desempleo";2026-10-07
"1403";"Empleo ( promedio móvil trimestral, miles de personas )";"2022-8-1";8853,3;2022;NA;8;"desempleo";2026-10-07
"1404";"Empleo ( promedio móvil trimestral, miles de personas )";"2022-9-1";8843,5;2022;NA;9;"desempleo";2026-10-07
"1405";"Empleo ( promedio móvil trimestral, miles de personas )";"2022-10-1";8869,3;2022;NA;10;"desempleo";2026-10-07
"1406";"Empleo ( promedio móvil trimestral, miles de personas )";"2022-11-1";8883,1;2022;NA;11;"desempleo";2026-10-07
"1407";"Empleo ( promedio móvil trimestral, miles de personas )";"2022-12-1";8965,2;2022;NA;12;"desempleo";2026-10-07
"1408";"Empleo ( promedio móvil trimestral, miles de personas )";"2023-1-1";9008,5;2023;NA;1;"desempleo";2026-10-07
"1409";"Empleo ( promedio móvil trimestral, miles de personas )";"2023-2-1";9030,2;2023;NA;2;"desempleo";2026-10-07
"1410";"Empleo ( promedio móvil trimestral, miles de personas )";"2023-3-1";9006,1;2023;NA;3;"desempleo";2026-10-07
"1411";"Empleo ( promedio móvil trimestral, miles de personas )";"2023-4-1";9006,7;2023;NA;4;"desempleo";2026-10-07
"1412";"Empleo ( promedio móvil trimestral, miles de personas )";"2023-5-1";9034,2;2023;NA;5;"desempleo";2026-10-07
"1413";"Empleo ( promedio móvil trimestral, miles de personas )";"2023-6-1";9035,1;2023;NA;6;"desempleo";2026-10-07
"1414";"Empleo ( promedio móvil trimestral, miles de personas )";"2023-7-1";9028,6;2023;NA;7;"desempleo";2026-10-07
"1415";"Empleo ( promedio móvil trimestral, miles de personas )";"2023-8-1";9005,4;2023;NA;8;"desempleo";2026-10-07
"1416";"Empleo ( promedio móvil trimestral, miles de personas )";"2023-9-1";9023,5;2023;NA;9;"desempleo";2026-10-07
"1417";"Empleo ( promedio móvil trimestral, miles de personas )";"2023-10-1";9053;2023;NA;10;"desempleo";2026-10-07
"1418";"Empleo ( promedio móvil trimestral, miles de personas )";"2023-11-1";9138,4;2023;NA;11;"desempleo";2026-10-07
"1419";"Empleo ( promedio móvil trimestral, miles de personas )";"2023-12-1";9223,1;2023;NA;12;"desempleo";2026-10-07
"1420";"Empleo ( promedio móvil trimestral, miles de personas )";"2024-1-1";9273,4;2024;NA;1;"desempleo";2026-10-07
"1421";"Empleo ( promedio móvil trimestral, miles de personas )";"2024-2-1";9309,6;2024;NA;2;"desempleo";2026-10-07
"1422";"Empleo ( promedio móvil trimestral, miles de personas )";"2024-3-1";9308,7;2024;NA;3;"desempleo";2026-10-07
"1423";"Empleo ( promedio móvil trimestral, miles de personas )";"2024-4-1";9339,3;2024;NA;4;"desempleo";2026-10-07
"1424";"Empleo ( promedio móvil trimestral, miles de personas )";"2024-5-1";9331,6;2024;NA;5;"desempleo";2026-10-07
"1425";"Empleo ( promedio móvil trimestral, miles de personas )";"2024-6-1";9321,4;2024;NA;6;"desempleo";2026-10-07
"1426";"Empleo ( promedio móvil trimestral, miles de personas )";"2024-7-1";9257,5;2024;NA;7;"desempleo";2026-10-07
"1427";"Empleo ( promedio móvil trimestral, miles de personas )";"2024-8-1";9235,1;2024;NA;8;"desempleo";2026-10-07
"1428";"Empleo ( promedio móvil trimestral, miles de personas )";"2024-9-1";9243,4;2024;NA;9;"desempleo";2026-10-07
"1429";"Empleo ( promedio móvil trimestral, miles de personas )";"2024-10-1";9249;2024;NA;10;"desempleo";2026-10-07
"1430";"Empleo ( promedio móvil trimestral, miles de personas )";"2024-11-1";9286;2024;NA;11;"desempleo";2026-10-07
"1431";"Empleo ( promedio móvil trimestral, miles de personas )";"2024-12-1";9306,1;2024;NA;12;"desempleo";2026-10-07
"1432";"Empleo ( promedio móvil trimestral, miles de personas )";"2025-1-1";9394,1;2025;NA;1;"desempleo";2026-10-07
"1433";"Empleo ( promedio móvil trimestral, miles de personas )";"2025-2-1";9396,9;2025;NA;2;"desempleo";2026-10-07
"1434";"Empleo ( promedio móvil trimestral, miles de personas )";"2025-3-1";9388,8;2025;NA;3;"desempleo";2026-10-07
"1435";"Empleo ( promedio móvil trimestral, miles de personas )";"2025-4-1";9359,3;2025;NA;4;"desempleo";2026-10-07
"1436";"Empleo ( promedio móvil trimestral, miles de personas )";"2025-5-1";9346,2;2025;NA;5;"desempleo";2026-10-07
"1437";"Empleo ( promedio móvil trimestral, miles de personas )";"2025-6-1";9321,5;2025;NA;6;"desempleo";2026-10-07
"1438";"Empleo ( promedio móvil trimestral, miles de personas )";"2025-7-1";9330,3;2025;NA;7;"desempleo";2026-10-07
"1439";"Empleo ( promedio móvil trimestral, miles de personas )";"2025-8-1";9355,1;2025;NA;8;"desempleo";2026-10-07
"1440";"Empleo ( promedio móvil trimestral, miles de personas )";"2025-9-1";9377,6;2025;NA;9;"desempleo";2026-10-07
"1441";"Empleo ( promedio móvil trimestral, miles de personas )";"2025-10-1";9386,4;2025;NA;10;"desempleo";2026-10-07
"1442";"Empleo ( promedio móvil trimestral, miles de personas )";"2025-11-1";9401,6;2025;NA;11;"desempleo";2026-10-07
"1443";"Empleo ( promedio móvil trimestral, miles de personas )";"2025-12-1";9473,3;2025;NA;12;"desempleo";2026-10-07
"1444";"Empleo ( promedio móvil trimestral, miles de personas )";"2026-1-1";9503,1;2026;NA;1;"desempleo";2026-10-07
"1445";"Empleo ( promedio móvil trimestral, miles de personas )";"2026-2-1";9491,6;2026;NA;2;"desempleo";2026-10-07
"1446";"Empleo ( promedio móvil trimestral, miles de personas )";"2026-3-1";9434,2;2026;NA;3;"desempleo";2026-10-07
"1447";"Empleo ( promedio móvil trimestral, miles de personas )";"2026-4-1";9427,6;2026;NA;4;"desempleo";2026-10-07
"1448";"Empleo ( promedio móvil trimestral, miles de personas )";"2026-5-1";9416,4;2026;NA;5;"desempleo";2026-10-07
"1449";"Empleo ( promedio móvil trimestral, miles de personas )";"2026-6-1";9403,3;2026;NA;6;"desempleo";2026-10-07
"1450";"Empleo ( promedio móvil trimestral, miles de personas )";"2026-7-1";9314;2026;NA;7;"desempleo";2026-10-07
"1451";"Empleo ( promedio móvil trimestral, miles de personas )";"2026-8-1";9273,7;2026;NA;8;"desempleo";2026-10-07
"1452";"Tasa  de  desempleo  (porcentaje)";"2010-3-1";9,2;2010;NA;3;"desempleo";2026-10-07
"1453";"Tasa  de  desempleo  (porcentaje)";"2010-4-1";8,8;2010;NA;4;"desempleo";2026-10-07
"1454";"Tasa  de  desempleo  (porcentaje)";"2010-5-1";9,1;2010;NA;5;"desempleo";2026-10-07
"1455";"Tasa  de  desempleo  (porcentaje)";"2010-6-1";8,7;2010;NA;6;"desempleo";2026-10-07
"1456";"Tasa  de  desempleo  (porcentaje)";"2010-7-1";8,5;2010;NA;7;"desempleo";2026-10-07
"1457";"Tasa  de  desempleo  (porcentaje)";"2010-8-1";8,4;2010;NA;8;"desempleo";2026-10-07
"1458";"Tasa  de  desempleo  (porcentaje)";"2010-9-1";8,1;2010;NA;9;"desempleo";2026-10-07
"1459";"Tasa  de  desempleo  (porcentaje)";"2010-10-1";7,8;2010;NA;10;"desempleo";2026-10-07
"1460";"Tasa  de  desempleo  (porcentaje)";"2010-11-1";7,2;2010;NA;11;"desempleo";2026-10-07
"1461";"Tasa  de  desempleo  (porcentaje)";"2010-12-1";7,2;2010;NA;12;"desempleo";2026-10-07
"1462";"Tasa  de  desempleo  (porcentaje)";"2011-1-1";7,4;2011;NA;1;"desempleo";2026-10-07
"1463";"Tasa  de  desempleo  (porcentaje)";"2011-2-1";7,4;2011;NA;2;"desempleo";2026-10-07
"1464";"Tasa  de  desempleo  (porcentaje)";"2011-3-1";7,5;2011;NA;3;"desempleo";2026-10-07
"1465";"Tasa  de  desempleo  (porcentaje)";"2011-4-1";7,2;2011;NA;4;"desempleo";2026-10-07
"1466";"Tasa  de  desempleo  (porcentaje)";"2011-5-1";7,3;2011;NA;5;"desempleo";2026-10-07
"1467";"Tasa  de  desempleo  (porcentaje)";"2011-6-1";7,2;2011;NA;6;"desempleo";2026-10-07
"1468";"Tasa  de  desempleo  (porcentaje)";"2011-7-1";7,6;2011;NA;7;"desempleo";2026-10-07
"1469";"Tasa  de  desempleo  (porcentaje)";"2011-8-1";7,5;2011;NA;8;"desempleo";2026-10-07
"1470";"Tasa  de  desempleo  (porcentaje)";"2011-9-1";7,6;2011;NA;9;"desempleo";2026-10-07
"1471";"Tasa  de  desempleo  (porcentaje)";"2011-10-1";7,4;2011;NA;10;"desempleo";2026-10-07
"1472";"Tasa  de  desempleo  (porcentaje)";"2011-11-1";7,3;2011;NA;11;"desempleo";2026-10-07
"1473";"Tasa  de  desempleo  (porcentaje)";"2011-12-1";6,8;2011;NA;12;"desempleo";2026-10-07
"1474";"Tasa  de  desempleo  (porcentaje)";"2012-1-1";6,9;2012;NA;1;"desempleo";2026-10-07
"1475";"Tasa  de  desempleo  (porcentaje)";"2012-2-1";6,5;2012;NA;2;"desempleo";2026-10-07
"1476";"Tasa  de  desempleo  (porcentaje)";"2012-3-1";6,8;2012;NA;3;"desempleo";2026-10-07
"1477";"Tasa  de  desempleo  (porcentaje)";"2012-4-1";6,8;2012;NA;4;"desempleo";2026-10-07
"1478";"Tasa  de  desempleo  (porcentaje)";"2012-5-1";6,9;2012;NA;5;"desempleo";2026-10-07
"1479";"Tasa  de  desempleo  (porcentaje)";"2012-6-1";6,8;2012;NA;6;"desempleo";2026-10-07
"1480";"Tasa  de  desempleo  (porcentaje)";"2012-7-1";6,7;2012;NA;7;"desempleo";2026-10-07
"1481";"Tasa  de  desempleo  (porcentaje)";"2012-8-1";6,5;2012;NA;8;"desempleo";2026-10-07
"1482";"Tasa  de  desempleo  (porcentaje)";"2012-9-1";6,6;2012;NA;9;"desempleo";2026-10-07
"1483";"Tasa  de  desempleo  (porcentaje)";"2012-10-1";6,7;2012;NA;10;"desempleo";2026-10-07
"1484";"Tasa  de  desempleo  (porcentaje)";"2012-11-1";6,4;2012;NA;11;"desempleo";2026-10-07
"1485";"Tasa  de  desempleo  (porcentaje)";"2012-12-1";6,2;2012;NA;12;"desempleo";2026-10-07
"1486";"Tasa  de  desempleo  (porcentaje)";"2013-1-1";6,1;2013;NA;1;"desempleo";2026-10-07
"1487";"Tasa  de  desempleo  (porcentaje)";"2013-2-1";6,4;2013;NA;2;"desempleo";2026-10-07
"1488";"Tasa  de  desempleo  (porcentaje)";"2013-3-1";6,4;2013;NA;3;"desempleo";2026-10-07
"1489";"Tasa  de  desempleo  (porcentaje)";"2013-4-1";6,5;2013;NA;4;"desempleo";2026-10-07
"1490";"Tasa  de  desempleo  (porcentaje)";"2013-5-1";6,5;2013;NA;5;"desempleo";2026-10-07
"1491";"Tasa  de  desempleo  (porcentaje)";"2013-6-1";6,3;2013;NA;6;"desempleo";2026-10-07
"1492";"Tasa  de  desempleo  (porcentaje)";"2013-7-1";5,9;2013;NA;7;"desempleo";2026-10-07
"1493";"Tasa  de  desempleo  (porcentaje)";"2013-8-1";5,8;2013;NA;8;"desempleo";2026-10-07
"1494";"Tasa  de  desempleo  (porcentaje)";"2013-9-1";5,9;2013;NA;9;"desempleo";2026-10-07
"1495";"Tasa  de  desempleo  (porcentaje)";"2013-10-1";6;2013;NA;10;"desempleo";2026-10-07
"1496";"Tasa  de  desempleo  (porcentaje)";"2013-11-1";5,9;2013;NA;11;"desempleo";2026-10-07
"1497";"Tasa  de  desempleo  (porcentaje)";"2013-12-1";5,8;2013;NA;12;"desempleo";2026-10-07
"1498";"Tasa  de  desempleo  (porcentaje)";"2014-1-1";6,2;2014;NA;1;"desempleo";2026-10-07
"1499";"Tasa  de  desempleo  (porcentaje)";"2014-2-1";6,2;2014;NA;2;"desempleo";2026-10-07
"1500";"Tasa  de  desempleo  (porcentaje)";"2014-3-1";6,5;2014;NA;3;"desempleo";2026-10-07
"1501";"Tasa  de  desempleo  (porcentaje)";"2014-4-1";6,1;2014;NA;4;"desempleo";2026-10-07
"1502";"Tasa  de  desempleo  (porcentaje)";"2014-5-1";6,3;2014;NA;5;"desempleo";2026-10-07
"1503";"Tasa  de  desempleo  (porcentaje)";"2014-6-1";6,5;2014;NA;6;"desempleo";2026-10-07
"1504";"Tasa  de  desempleo  (porcentaje)";"2014-7-1";6,6;2014;NA;7;"desempleo";2026-10-07
"1505";"Tasa  de  desempleo  (porcentaje)";"2014-8-1";6,8;2014;NA;8;"desempleo";2026-10-07
"1506";"Tasa  de  desempleo  (porcentaje)";"2014-9-1";6,8;2014;NA;9;"desempleo";2026-10-07
"1507";"Tasa  de  desempleo  (porcentaje)";"2014-10-1";6,6;2014;NA;10;"desempleo";2026-10-07
"1508";"Tasa  de  desempleo  (porcentaje)";"2014-11-1";6,2;2014;NA;11;"desempleo";2026-10-07
"1509";"Tasa  de  desempleo  (porcentaje)";"2014-12-1";6,2;2014;NA;12;"desempleo";2026-10-07
"1510";"Tasa  de  desempleo  (porcentaje)";"2015-1-1";6,2;2015;NA;1;"desempleo";2026-10-07
"1511";"Tasa  de  desempleo  (porcentaje)";"2015-2-1";6,2;2015;NA;2;"desempleo";2026-10-07
"1512";"Tasa  de  desempleo  (porcentaje)";"2015-3-1";6,2;2015;NA;3;"desempleo";2026-10-07
"1513";"Tasa  de  desempleo  (porcentaje)";"2015-4-1";6,4;2015;NA;4;"desempleo";2026-10-07
"1514";"Tasa  de  desempleo  (porcentaje)";"2015-5-1";6,8;2015;NA;5;"desempleo";2026-10-07
"1515";"Tasa  de  desempleo  (porcentaje)";"2015-6-1";6,7;2015;NA;6;"desempleo";2026-10-07
"1516";"Tasa  de  desempleo  (porcentaje)";"2015-7-1";6,7;2015;NA;7;"desempleo";2026-10-07
"1517";"Tasa  de  desempleo  (porcentaje)";"2015-8-1";6,6;2015;NA;8;"desempleo";2026-10-07
"1518";"Tasa  de  desempleo  (porcentaje)";"2015-9-1";6,5;2015;NA;9;"desempleo";2026-10-07
"1519";"Tasa  de  desempleo  (porcentaje)";"2015-10-1";6,4;2015;NA;10;"desempleo";2026-10-07
"1520";"Tasa  de  desempleo  (porcentaje)";"2015-11-1";6,2;2015;NA;11;"desempleo";2026-10-07
"1521";"Tasa  de  desempleo  (porcentaje)";"2015-12-1";5,9;2015;NA;12;"desempleo";2026-10-07
"1522";"Tasa  de  desempleo  (porcentaje)";"2016-1-1";5,9;2016;NA;1;"desempleo";2026-10-07
"1523";"Tasa  de  desempleo  (porcentaje)";"2016-2-1";6;2016;NA;2;"desempleo";2026-10-07
"1524";"Tasa  de  desempleo  (porcentaje)";"2016-3-1";6,5;2016;NA;3;"desempleo";2026-10-07
"1525";"Tasa  de  desempleo  (porcentaje)";"2016-4-1";6,6;2016;NA;4;"desempleo";2026-10-07
"1526";"Tasa  de  desempleo  (porcentaje)";"2016-5-1";7;2016;NA;5;"desempleo";2026-10-07
"1527";"Tasa  de  desempleo  (porcentaje)";"2016-6-1";7;2016;NA;6;"desempleo";2026-10-07
"1528";"Tasa  de  desempleo  (porcentaje)";"2016-7-1";7,3;2016;NA;7;"desempleo";2026-10-07
"1529";"Tasa  de  desempleo  (porcentaje)";"2016-8-1";7,1;2016;NA;8;"desempleo";2026-10-07
"1530";"Tasa  de  desempleo  (porcentaje)";"2016-9-1";7;2016;NA;9;"desempleo";2026-10-07
"1531";"Tasa  de  desempleo  (porcentaje)";"2016-10-1";6,7;2016;NA;10;"desempleo";2026-10-07
"1532";"Tasa  de  desempleo  (porcentaje)";"2016-11-1";6,4;2016;NA;11;"desempleo";2026-10-07
"1533";"Tasa  de  desempleo  (porcentaje)";"2016-12-1";6,2;2016;NA;12;"desempleo";2026-10-07
"1534";"Tasa  de  desempleo  (porcentaje)";"2017-1-1";6,4;2017;NA;1;"desempleo";2026-10-07
"1535";"Tasa  de  desempleo  (porcentaje)";"2017-2-1";6,8;2017;NA;2;"desempleo";2026-10-07
"1536";"Tasa  de  desempleo  (porcentaje)";"2017-3-1";7;2017;NA;3;"desempleo";2026-10-07
"1537";"Tasa  de  desempleo  (porcentaje)";"2017-4-1";7,1;2017;NA;4;"desempleo";2026-10-07
"1538";"Tasa  de  desempleo  (porcentaje)";"2017-5-1";7,3;2017;NA;5;"desempleo";2026-10-07
"1539";"Tasa  de  desempleo  (porcentaje)";"2017-6-1";7,3;2017;NA;6;"desempleo";2026-10-07
"1540";"Tasa  de  desempleo  (porcentaje)";"2017-7-1";7,2;2017;NA;7;"desempleo";2026-10-07
"1541";"Tasa  de  desempleo  (porcentaje)";"2017-8-1";6,9;2017;NA;8;"desempleo";2026-10-07
"1542";"Tasa  de  desempleo  (porcentaje)";"2017-9-1";7;2017;NA;9;"desempleo";2026-10-07
"1543";"Tasa  de  desempleo  (porcentaje)";"2017-10-1";7;2017;NA;10;"desempleo";2026-10-07
"1544";"Tasa  de  desempleo  (porcentaje)";"2017-11-1";6,7;2017;NA;11;"desempleo";2026-10-07
"1545";"Tasa  de  desempleo  (porcentaje)";"2017-12-1";6,5;2017;NA;12;"desempleo";2026-10-07
"1546";"Tasa  de  desempleo  (porcentaje)";"2018-1-1";6,8;2018;NA;1;"desempleo";2026-10-07
"1547";"Tasa  de  desempleo  (porcentaje)";"2018-2-1";7;2018;NA;2;"desempleo";2026-10-07
"1548";"Tasa  de  desempleo  (porcentaje)";"2018-3-1";7,4;2018;NA;3;"desempleo";2026-10-07
"1549";"Tasa  de  desempleo  (porcentaje)";"2018-4-1";7;2018;NA;4;"desempleo";2026-10-07
"1550";"Tasa  de  desempleo  (porcentaje)";"2018-5-1";7,4;2018;NA;5;"desempleo";2026-10-07
"1551";"Tasa  de  desempleo  (porcentaje)";"2018-6-1";7,5;2018;NA;6;"desempleo";2026-10-07
"1552";"Tasa  de  desempleo  (porcentaje)";"2018-7-1";7,9;2018;NA;7;"desempleo";2026-10-07
"1553";"Tasa  de  desempleo  (porcentaje)";"2018-8-1";7,7;2018;NA;8;"desempleo";2026-10-07
"1554";"Tasa  de  desempleo  (porcentaje)";"2018-9-1";7,5;2018;NA;9;"desempleo";2026-10-07
"1555";"Tasa  de  desempleo  (porcentaje)";"2018-10-1";7,4;2018;NA;10;"desempleo";2026-10-07
"1556";"Tasa  de  desempleo  (porcentaje)";"2018-11-1";7,3;2018;NA;11;"desempleo";2026-10-07
"1557";"Tasa  de  desempleo  (porcentaje)";"2018-12-1";7,1;2018;NA;12;"desempleo";2026-10-07
"1558";"Tasa  de  desempleo  (porcentaje)";"2019-1-1";7,1;2019;NA;1;"desempleo";2026-10-07
"1559";"Tasa  de  desempleo  (porcentaje)";"2019-2-1";7;2019;NA;2;"desempleo";2026-10-07
"1560";"Tasa  de  desempleo  (porcentaje)";"2019-3-1";7,2;2019;NA;3;"desempleo";2026-10-07
"1561";"Tasa  de  desempleo  (porcentaje)";"2019-4-1";7,1;2019;NA;4;"desempleo";2026-10-07
"1562";"Tasa  de  desempleo  (porcentaje)";"2019-5-1";7,2;2019;NA;5;"desempleo";2026-10-07
"1563";"Tasa  de  desempleo  (porcentaje)";"2019-6-1";7,3;2019;NA;6;"desempleo";2026-10-07
"1564";"Tasa  de  desempleo  (porcentaje)";"2019-7-1";7,5;2019;NA;7;"desempleo";2026-10-07
"1565";"Tasa  de  desempleo  (porcentaje)";"2019-8-1";7,6;2019;NA;8;"desempleo";2026-10-07
"1566";"Tasa  de  desempleo  (porcentaje)";"2019-9-1";7,3;2019;NA;9;"desempleo";2026-10-07
"1567";"Tasa  de  desempleo  (porcentaje)";"2019-10-1";7,1;2019;NA;10;"desempleo";2026-10-07
"1568";"Tasa  de  desempleo  (porcentaje)";"2019-11-1";7;2019;NA;11;"desempleo";2026-10-07
"1569";"Tasa  de  desempleo  (porcentaje)";"2019-12-1";7,1;2019;NA;12;"desempleo";2026-10-07
"1570";"Tasa  de  desempleo  (porcentaje)";"2020-1-1";7,4;2020;NA;1;"desempleo";2026-10-07
"1571";"Tasa  de  desempleo  (porcentaje)";"2020-2-1";7,8;2020;NA;2;"desempleo";2026-10-07
"1572";"Tasa  de  desempleo  (porcentaje)";"2020-3-1";8,2;2020;NA;3;"desempleo";2026-10-07
"1573";"Tasa  de  desempleo  (porcentaje)";"2020-4-1";9;2020;NA;4;"desempleo";2026-10-07
"1574";"Tasa  de  desempleo  (porcentaje)";"2020-5-1";11,2;2020;NA;5;"desempleo";2026-10-07
"1575";"Tasa  de  desempleo  (porcentaje)";"2020-6-1";12,2;2020;NA;6;"desempleo";2026-10-07
"1576";"Tasa  de  desempleo  (porcentaje)";"2020-7-1";13,1;2020;NA;7;"desempleo";2026-10-07
"1577";"Tasa  de  desempleo  (porcentaje)";"2020-8-1";12,9;2020;NA;8;"desempleo";2026-10-07
"1578";"Tasa  de  desempleo  (porcentaje)";"2020-9-1";12,3;2020;NA;9;"desempleo";2026-10-07
"1579";"Tasa  de  desempleo  (porcentaje)";"2020-10-1";11,6;2020;NA;10;"desempleo";2026-10-07
"1580";"Tasa  de  desempleo  (porcentaje)";"2020-11-1";10,8;2020;NA;11;"desempleo";2026-10-07
"1581";"Tasa  de  desempleo  (porcentaje)";"2020-12-1";10,3;2020;NA;12;"desempleo";2026-10-07
"1582";"Tasa  de  desempleo  (porcentaje)";"2021-1-1";10,2;2021;NA;1;"desempleo";2026-10-07
"1583";"Tasa  de  desempleo  (porcentaje)";"2021-2-1";10,3;2021;NA;2;"desempleo";2026-10-07
"1584";"Tasa  de  desempleo  (porcentaje)";"2021-3-1";10,4;2021;NA;3;"desempleo";2026-10-07
"1585";"Tasa  de  desempleo  (porcentaje)";"2021-4-1";10,2;2021;NA;4;"desempleo";2026-10-07
"1586";"Tasa  de  desempleo  (porcentaje)";"2021-5-1";10;2021;NA;5;"desempleo";2026-10-07
"1587";"Tasa  de  desempleo  (porcentaje)";"2021-6-1";9,5;2021;NA;6;"desempleo";2026-10-07
"1588";"Tasa  de  desempleo  (porcentaje)";"2021-7-1";8,9;2021;NA;7;"desempleo";2026-10-07
"1589";"Tasa  de  desempleo  (porcentaje)";"2021-8-1";8,5;2021;NA;8;"desempleo";2026-10-07
"1590";"Tasa  de  desempleo  (porcentaje)";"2021-9-1";8,4;2021;NA;9;"desempleo";2026-10-07
"1591";"Tasa  de  desempleo  (porcentaje)";"2021-10-1";8,1;2021;NA;10;"desempleo";2026-10-07
"1592";"Tasa  de  desempleo  (porcentaje)";"2021-11-1";7,5;2021;NA;11;"desempleo";2026-10-07
"1593";"Tasa  de  desempleo  (porcentaje)";"2021-12-1";7,2;2021;NA;12;"desempleo";2026-10-07
"1594";"Tasa  de  desempleo  (porcentaje)";"2022-1-1";7,3;2022;NA;1;"desempleo";2026-10-07
"1595";"Tasa  de  desempleo  (porcentaje)";"2022-2-1";7,5;2022;NA;2;"desempleo";2026-10-07
"1596";"Tasa  de  desempleo  (porcentaje)";"2022-3-1";7,8;2022;NA;3;"desempleo";2026-10-07
"1597";"Tasa  de  desempleo  (porcentaje)";"2022-4-1";7,7;2022;NA;4;"desempleo";2026-10-07
"1598";"Tasa  de  desempleo  (porcentaje)";"2022-5-1";7,8;2022;NA;5;"desempleo";2026-10-07
"1599";"Tasa  de  desempleo  (porcentaje)";"2022-6-1";7,8;2022;NA;6;"desempleo";2026-10-07
"1600";"Tasa  de  desempleo  (porcentaje)";"2022-7-1";7,9;2022;NA;7;"desempleo";2026-10-07
"1601";"Tasa  de  desempleo  (porcentaje)";"2022-8-1";7,9;2022;NA;8;"desempleo";2026-10-07
"1602";"Tasa  de  desempleo  (porcentaje)";"2022-9-1";8;2022;NA;9;"desempleo";2026-10-07
"1603";"Tasa  de  desempleo  (porcentaje)";"2022-10-1";8;2022;NA;10;"desempleo";2026-10-07
"1604";"Tasa  de  desempleo  (porcentaje)";"2022-11-1";7,9;2022;NA;11;"desempleo";2026-10-07
"1605";"Tasa  de  desempleo  (porcentaje)";"2022-12-1";7,9;2022;NA;12;"desempleo";2026-10-07
"1606";"Tasa  de  desempleo  (porcentaje)";"2023-1-1";8;2023;NA;1;"desempleo";2026-10-07
"1607";"Tasa  de  desempleo  (porcentaje)";"2023-2-1";8,4;2023;NA;2;"desempleo";2026-10-07
"1608";"Tasa  de  desempleo  (porcentaje)";"2023-3-1";8,8;2023;NA;3;"desempleo";2026-10-07
"1609";"Tasa  de  desempleo  (porcentaje)";"2023-4-1";8,7;2023;NA;4;"desempleo";2026-10-07
"1610";"Tasa  de  desempleo  (porcentaje)";"2023-5-1";8,5;2023;NA;5;"desempleo";2026-10-07
"1611";"Tasa  de  desempleo  (porcentaje)";"2023-6-1";8,5;2023;NA;6;"desempleo";2026-10-07
"1612";"Tasa  de  desempleo  (porcentaje)";"2023-7-1";8,8;2023;NA;7;"desempleo";2026-10-07
"1613";"Tasa  de  desempleo  (porcentaje)";"2023-8-1";9;2023;NA;8;"desempleo";2026-10-07
"1614";"Tasa  de  desempleo  (porcentaje)";"2023-9-1";8,9;2023;NA;9;"desempleo";2026-10-07
"1615";"Tasa  de  desempleo  (porcentaje)";"2023-10-1";8,9;2023;NA;10;"desempleo";2026-10-07
"1616";"Tasa  de  desempleo  (porcentaje)";"2023-11-1";8,7;2023;NA;11;"desempleo";2026-10-07
"1617";"Tasa  de  desempleo  (porcentaje)";"2023-12-1";8,5;2023;NA;12;"desempleo";2026-10-07
"1618";"Tasa  de  desempleo  (porcentaje)";"2024-1-1";8,4;2024;NA;1;"desempleo";2026-10-07
"1619";"Tasa  de  desempleo  (porcentaje)";"2024-2-1";8,5;2024;NA;2;"desempleo";2026-10-07
"1620";"Tasa  de  desempleo  (porcentaje)";"2024-3-1";8,7;2024;NA;3;"desempleo";2026-10-07
"1621";"Tasa  de  desempleo  (porcentaje)";"2024-4-1";8,5;2024;NA;4;"desempleo";2026-10-07
"1622";"Tasa  de  desempleo  (porcentaje)";"2024-5-1";8,3;2024;NA;5;"desempleo";2026-10-07
"1623";"Tasa  de  desempleo  (porcentaje)";"2024-6-1";8,3;2024;NA;6;"desempleo";2026-10-07
"1624";"Tasa  de  desempleo  (porcentaje)";"2024-7-1";8,7;2024;NA;7;"desempleo";2026-10-07
"1625";"Tasa  de  desempleo  (porcentaje)";"2024-8-1";8,9;2024;NA;8;"desempleo";2026-10-07
"1626";"Tasa  de  desempleo  (porcentaje)";"2024-9-1";8,7;2024;NA;9;"desempleo";2026-10-07
"1627";"Tasa  de  desempleo  (porcentaje)";"2024-10-1";8,6;2024;NA;10;"desempleo";2026-10-07
"1628";"Tasa  de  desempleo  (porcentaje)";"2024-11-1";8,2;2024;NA;11;"desempleo";2026-10-07
"1629";"Tasa  de  desempleo  (porcentaje)";"2024-12-1";8,1;2024;NA;12;"desempleo";2026-10-07
"1630";"Tasa  de  desempleo  (porcentaje)";"2025-1-1";8;2025;NA;1;"desempleo";2026-10-07
"1631";"Tasa  de  desempleo  (porcentaje)";"2025-2-1";8,4;2025;NA;2;"desempleo";2026-10-07
"1632";"Tasa  de  desempleo  (porcentaje)";"2025-3-1";8,7;2025;NA;3;"desempleo";2026-10-07
"1633";"Tasa  de  desempleo  (porcentaje)";"2025-4-1";8,8;2025;NA;4;"desempleo";2026-10-07
"1634";"Tasa  de  desempleo  (porcentaje)";"2025-5-1";8,9;2025;NA;5;"desempleo";2026-10-07
"1635";"Tasa  de  desempleo  (porcentaje)";"2025-6-1";8,9;2025;NA;6;"desempleo";2026-10-07
"1636";"Tasa  de  desempleo  (porcentaje)";"2025-7-1";8,7;2025;NA;7;"desempleo";2026-10-07
"1637";"Tasa  de  desempleo  (porcentaje)";"2025-8-1";8,6;2025;NA;8;"desempleo";2026-10-07
"1638";"Tasa  de  desempleo  (porcentaje)";"2025-9-1";8,5;2025;NA;9;"desempleo";2026-10-07
"1639";"Tasa  de  desempleo  (porcentaje)";"2025-10-1";8,4;2025;NA;10;"desempleo";2026-10-07
"1640";"Tasa  de  desempleo  (porcentaje)";"2025-11-1";8,4;2025;NA;11;"desempleo";2026-10-07
"1641";"Tasa  de  desempleo  (porcentaje)";"2025-12-1";8;2025;NA;12;"desempleo";2026-10-07
"1642";"Tasa  de  desempleo  (porcentaje)";"2026-1-1";8,3;2026;NA;1;"desempleo";2026-10-07
"1643";"Tasa  de  desempleo  (porcentaje)";"2026-2-1";8,3;2026;NA;2;"desempleo";2026-10-07
"1644";"Tasa  de  desempleo  (porcentaje)";"2026-3-1";8,9;2026;NA;3;"desempleo";2026-10-07
"1645";"Tasa  de  desempleo  (porcentaje)";"2026-4-1";9,1;2026;NA;4;"desempleo";2026-10-07
"1646";"Tasa  de  desempleo  (porcentaje)";"2026-5-1";9,4;2026;NA;5;"desempleo";2026-10-07
"1647";"Tasa  de  desempleo  (porcentaje)";"2026-6-1";9,4;2026;NA;6;"desempleo";2026-10-07
"1648";"Tasa  de  desempleo  (porcentaje)";"2026-7-1";9,5;2026;NA;7;"desempleo";2026-10-07
"1649";"Tasa  de  desempleo  (porcentaje)";"2026-8-1";9,6;2026;NA;8;"desempleo";2026-10-07
"1650";"Unidad de fomento (UF)";"2010-1-1";20899,82;2010;NA;1;"uf";2026-10-07
"1651";"Unidad de fomento (UF)";"2010-2-1";20877,51;2010;NA;2;"uf";2026-10-07
"1652";"Unidad de fomento (UF)";"2010-3-1";20966,13;2010;NA;3;"uf";2026-10-07
"1653";"Unidad de fomento (UF)";"2010-4-1";21019,75;2010;NA;4;"uf";2026-10-07
"1654";"Unidad de fomento (UF)";"2010-5-1";21064,65;2010;NA;5;"uf";2026-10-07
"1655";"Unidad de fomento (UF)";"2010-6-1";21160,6;2010;NA;6;"uf";2026-10-07
"1656";"Unidad de fomento (UF)";"2010-7-1";21224,29;2010;NA;7;"uf";2026-10-07
"1657";"Unidad de fomento (UF)";"2010-8-1";21261,05;2010;NA;8;"uf";2026-10-07
"1658";"Unidad de fomento (UF)";"2010-9-1";21344,51;2010;NA;9;"uf";2026-10-07
"1659";"Unidad de fomento (UF)";"2010-10-1";21356,86;2010;NA;10;"uf";2026-10-07
"1660";"Unidad de fomento (UF)";"2010-11-1";21421,11;2010;NA;11;"uf";2026-10-07
"1661";"Unidad de fomento (UF)";"2010-12-1";21445,15;2010;NA;12;"uf";2026-10-07
"1662";"Unidad de fomento (UF)";"2011-1-1";21466,63;2011;NA;1;"uf";2026-10-07
"1663";"Unidad de fomento (UF)";"2011-2-1";21497,96;2011;NA;2;"uf";2026-10-07
"1664";"Unidad de fomento (UF)";"2011-3-1";21556,35;2011;NA;3;"uf";2026-10-07
"1665";"Unidad de fomento (UF)";"2011-4-1";21633,36;2011;NA;4;"uf";2026-10-07
"1666";"Unidad de fomento (UF)";"2011-5-1";21773,99;2011;NA;5;"uf";2026-10-07
"1667";"Unidad de fomento (UF)";"2011-6-1";21848,67;2011;NA;6;"uf";2026-10-07
"1668";"Unidad de fomento (UF)";"2011-7-1";21924,28;2011;NA;7;"uf";2026-10-07
"1669";"Unidad de fomento (UF)";"2011-8-1";21964,1;2011;NA;8;"uf";2026-10-07
"1670";"Unidad de fomento (UF)";"2011-9-1";21992,35;2011;NA;9;"uf";2026-10-07
"1671";"Unidad de fomento (UF)";"2011-10-1";22053,13;2011;NA;10;"uf";2026-10-07
"1672";"Unidad de fomento (UF)";"2011-11-1";22160,11;2011;NA;11;"uf";2026-10-07
"1673";"Unidad de fomento (UF)";"2011-12-1";22259,95;2011;NA;12;"uf";2026-10-07
"1674";"Unidad de fomento (UF)";"2012-1-1";22346,12;2012;NA;1;"uf";2026-10-07
"1675";"Unidad de fomento (UF)";"2012-2-1";22447,54;2012;NA;2;"uf";2026-10-07
"1676";"Unidad de fomento (UF)";"2012-3-1";22492,5;2012;NA;3;"uf";2026-10-07
"1677";"Unidad de fomento (UF)";"2012-4-1";22567,73;2012;NA;4;"uf";2026-10-07
"1678";"Unidad de fomento (UF)";"2012-5-1";22608,96;2012;NA;5;"uf";2026-10-07
"1679";"Unidad de fomento (UF)";"2012-6-1";22626,49;2012;NA;6;"uf";2026-10-07
"1680";"Unidad de fomento (UF)";"2012-7-1";22609,47;2012;NA;7;"uf";2026-10-07
"1681";"Unidad de fomento (UF)";"2012-8-1";22562,02;2012;NA;8;"uf";2026-10-07
"1682";"Unidad de fomento (UF)";"2012-9-1";22571,05;2012;NA;9;"uf";2026-10-07
"1683";"Unidad de fomento (UF)";"2012-10-1";22650,36;2012;NA;10;"uf";2026-10-07
"1684";"Unidad de fomento (UF)";"2012-11-1";22813,45;2012;NA;11;"uf";2026-10-07
"1685";"Unidad de fomento (UF)";"2012-12-1";22886,63;2012;NA;12;"uf";2026-10-07
"1686";"Unidad de fomento (UF)";"2013-1-1";22811,83;2013;NA;1;"uf";2026-10-07
"1687";"Unidad de fomento (UF)";"2013-2-1";22818,59;2013;NA;2;"uf";2026-10-07
"1688";"Unidad de fomento (UF)";"2013-3-1";22857,28;2013;NA;3;"uf";2026-10-07
"1689";"Unidad de fomento (UF)";"2013-4-1";22898,59;2013;NA;4;"uf";2026-10-07
"1690";"Unidad de fomento (UF)";"2013-5-1";22933,69;2013;NA;5;"uf";2026-10-07
"1691";"Unidad de fomento (UF)";"2013-6-1";22857,11;2013;NA;6;"uf";2026-10-07
"1692";"Unidad de fomento (UF)";"2013-7-1";22888,71;2013;NA;7;"uf";2026-10-07
"1693";"Unidad de fomento (UF)";"2013-8-1";23002,78;2013;NA;8;"uf";2026-10-07
"1694";"Unidad de fomento (UF)";"2013-9-1";23067,92;2013;NA;9;"uf";2026-10-07
"1695";"Unidad de fomento (UF)";"2013-10-1";23133,47;2013;NA;10;"uf";2026-10-07
"1696";"Unidad de fomento (UF)";"2013-11-1";23221,88;2013;NA;11;"uf";2026-10-07
"1697";"Unidad de fomento (UF)";"2013-12-1";23267,17;2013;NA;12;"uf";2026-10-07
"1698";"Unidad de fomento (UF)";"2014-1-1";23369,91;2014;NA;1;"uf";2026-10-07
"1699";"Unidad de fomento (UF)";"2014-2-1";23482,16;2014;NA;2;"uf";2026-10-07
"1700";"Unidad de fomento (UF)";"2014-3-1";23552,54;2014;NA;3;"uf";2026-10-07
"1701";"Unidad de fomento (UF)";"2014-4-1";23685,06;2014;NA;4;"uf";2026-10-07
"1702";"Unidad de fomento (UF)";"2014-5-1";23860,55;2014;NA;5;"uf";2026-10-07
"1703";"Unidad de fomento (UF)";"2014-6-1";23986,19;2014;NA;6;"uf";2026-10-07
"1704";"Unidad de fomento (UF)";"2014-7-1";24048,75;2014;NA;7;"uf";2026-10-07
"1705";"Unidad de fomento (UF)";"2014-8-1";24081,02;2014;NA;8;"uf";2026-10-07
"1706";"Unidad de fomento (UF)";"2014-9-1";24134,09;2014;NA;9;"uf";2026-10-07
"1707";"Unidad de fomento (UF)";"2014-10-1";24237,79;2014;NA;10;"uf";2026-10-07
"1708";"Unidad de fomento (UF)";"2014-11-1";24438,18;2014;NA;11;"uf";2026-10-07
"1709";"Unidad de fomento (UF)";"2014-12-1";24617,62;2014;NA;12;"uf";2026-10-07
"1710";"Unidad de fomento (UF)";"2015-1-1";24601,14;2015;NA;1;"uf";2026-10-07
"1711";"Unidad de fomento (UF)";"2015-2-1";24538,61;2015;NA;2;"uf";2026-10-07
"1712";"Unidad de fomento (UF)";"2015-3-1";24577,93;2015;NA;3;"uf";2026-10-07
"1713";"Unidad de fomento (UF)";"2015-4-1";24685,43;2015;NA;4;"uf";2026-10-07
"1714";"Unidad de fomento (UF)";"2015-5-1";24832,61;2015;NA;5;"uf";2026-10-07
"1715";"Unidad de fomento (UF)";"2015-6-1";24955,07;2015;NA;6;"uf";2026-10-07
"1716";"Unidad de fomento (UF)";"2015-7-1";25028,87;2015;NA;7;"uf";2026-10-07
"1717";"Unidad de fomento (UF)";"2015-8-1";25144,67;2015;NA;8;"uf";2026-10-07
"1718";"Unidad de fomento (UF)";"2015-9-1";25264,76;2015;NA;9;"uf";2026-10-07
"1719";"Unidad de fomento (UF)";"2015-10-1";25426,52;2015;NA;10;"uf";2026-10-07
"1720";"Unidad de fomento (UF)";"2015-11-1";25548,23;2015;NA;11;"uf";2026-10-07
"1721";"Unidad de fomento (UF)";"2015-12-1";25625,13;2015;NA;12;"uf";2026-10-07
"1722";"Unidad de fomento (UF)";"2016-1-1";25629,09;2016;NA;1;"uf";2026-10-07
"1723";"Unidad de fomento (UF)";"2016-2-1";25661,05;2016;NA;2;"uf";2026-10-07
"1724";"Unidad de fomento (UF)";"2016-3-1";25772,43;2016;NA;3;"uf";2026-10-07
"1725";"Unidad de fomento (UF)";"2016-4-1";25858,01;2016;NA;4;"uf";2026-10-07
"1726";"Unidad de fomento (UF)";"2016-5-1";25954,31;2016;NA;5;"uf";2026-10-07
"1727";"Unidad de fomento (UF)";"2016-6-1";26025,99;2016;NA;6;"uf";2026-10-07
"1728";"Unidad de fomento (UF)";"2016-7-1";26093,1;2016;NA;7;"uf";2026-10-07
"1729";"Unidad de fomento (UF)";"2016-8-1";26181,82;2016;NA;8;"uf";2026-10-07
"1730";"Unidad de fomento (UF)";"2016-9-1";26222,27;2016;NA;9;"uf";2026-10-07
"1731";"Unidad de fomento (UF)";"2016-10-1";26238,1;2016;NA;10;"uf";2026-10-07
"1732";"Unidad de fomento (UF)";"2016-11-1";26288,2;2016;NA;11;"uf";2026-10-07
"1733";"Unidad de fomento (UF)";"2016-12-1";26334,19;2016;NA;12;"uf";2026-10-07
"1734";"Unidad de fomento (UF)";"2017-1-1";26340,76;2017;NA;1;"uf";2026-10-07
"1735";"Unidad de fomento (UF)";"2017-2-1";26336,93;2017;NA;2;"uf";2026-10-07
"1736";"Unidad de fomento (UF)";"2017-3-1";26442,88;2017;NA;3;"uf";2026-10-07
"1737";"Unidad de fomento (UF)";"2017-4-1";26512,42;2017;NA;4;"uf";2026-10-07
"1738";"Unidad de fomento (UF)";"2017-5-1";26603,14;2017;NA;5;"uf";2026-10-07
"1739";"Unidad de fomento (UF)";"2017-6-1";26651,22;2017;NA;6;"uf";2026-10-07
"1740";"Unidad de fomento (UF)";"2017-7-1";26643,94;2017;NA;7;"uf";2026-10-07
"1741";"Unidad de fomento (UF)";"2017-8-1";26584,37;2017;NA;8;"uf";2026-10-07
"1742";"Unidad de fomento (UF)";"2017-9-1";26631,13;2017;NA;9;"uf";2026-10-07
"1743";"Unidad de fomento (UF)";"2017-10-1";26656,66;2017;NA;10;"uf";2026-10-07
"1744";"Unidad de fomento (UF)";"2017-11-1";26662,41;2017;NA;11;"uf";2026-10-07
"1745";"Unidad de fomento (UF)";"2017-12-1";26779,99;2017;NA;12;"uf";2026-10-07
"1746";"Unidad de fomento (UF)";"2018-1-1";26811,97;2018;NA;1;"uf";2026-10-07
"1747";"Unidad de fomento (UF)";"2018-2-1";26864,09;2018;NA;2;"uf";2026-10-07
"1748";"Unidad de fomento (UF)";"2018-3-1";26961,32;2018;NA;3;"uf";2026-10-07
"1749";"Unidad de fomento (UF)";"2018-4-1";26980,73;2018;NA;4;"uf";2026-10-07
"1750";"Unidad de fomento (UF)";"2018-5-1";27040,06;2018;NA;5;"uf";2026-10-07
"1751";"Unidad de fomento (UF)";"2018-6-1";27119,59;2018;NA;6;"uf";2026-10-07
"1752";"Unidad de fomento (UF)";"2018-7-1";27187,19;2018;NA;7;"uf";2026-10-07
"1753";"Unidad de fomento (UF)";"2018-8-1";27237,98;2018;NA;8;"uf";2026-10-07
"1754";"Unidad de fomento (UF)";"2018-9-1";27329,01;2018;NA;9;"uf";2026-10-07
"1755";"Unidad de fomento (UF)";"2018-10-1";27393,34;2018;NA;10;"uf";2026-10-07
"1756";"Unidad de fomento (UF)";"2018-11-1";27480,95;2018;NA;11;"uf";2026-10-07
"1757";"Unidad de fomento (UF)";"2018-12-1";27561,53;2018;NA;12;"uf";2026-10-07
"1758";"Unidad de fomento (UF)";"2019-1-1";27558,53;2019;NA;1;"uf";2026-10-07
"1759";"Unidad de fomento (UF)";"2019-2-1";27546,04;2019;NA;2;"uf";2026-10-07
"1760";"Unidad de fomento (UF)";"2019-3-1";27564,62;2019;NA;3;"uf";2026-10-07
"1761";"Unidad de fomento (UF)";"2019-4-1";27601,09;2019;NA;4;"uf";2026-10-07
"1762";"Unidad de fomento (UF)";"2019-5-1";27720,11;2019;NA;5;"uf";2026-10-07
"1763";"Unidad de fomento (UF)";"2019-6-1";27826,2;2019;NA;6;"uf";2026-10-07
"1764";"Unidad de fomento (UF)";"2019-7-1";27946,95;2019;NA;7;"uf";2026-10-07
"1765";"Unidad de fomento (UF)";"2019-8-1";27968,13;2019;NA;8;"uf";2026-10-07
"1766";"Unidad de fomento (UF)";"2019-9-1";28021,53;2019;NA;9;"uf";2026-10-07
"1767";"Unidad de fomento (UF)";"2019-10-1";28063,18;2019;NA;10;"uf";2026-10-07
"1768";"Unidad de fomento (UF)";"2019-11-1";28122,86;2019;NA;11;"uf";2026-10-07
"1769";"Unidad de fomento (UF)";"2019-12-1";28288,6;2019;NA;12;"uf";2026-10-07
"1770";"Unidad de fomento (UF)";"2020-1-1";28324,55;2020;NA;1;"uf";2026-10-07
"1771";"Unidad de fomento (UF)";"2020-2-1";28387,75;2020;NA;2;"uf";2026-10-07
"1772";"Unidad de fomento (UF)";"2020-3-1";28539,73;2020;NA;3;"uf";2026-10-07
"1773";"Unidad de fomento (UF)";"2020-4-1";28648,24;2020;NA;4;"uf";2026-10-07
"1774";"Unidad de fomento (UF)";"2020-5-1";28713,19;2020;NA;5;"uf";2026-10-07
"1775";"Unidad de fomento (UF)";"2020-6-1";28709,15;2020;NA;6;"uf";2026-10-07
"1776";"Unidad de fomento (UF)";"2020-7-1";28681,36;2020;NA;7;"uf";2026-10-07
"1777";"Unidad de fomento (UF)";"2020-8-1";28667,73;2020;NA;8;"uf";2026-10-07
"1778";"Unidad de fomento (UF)";"2020-9-1";28694,02;2020;NA;9;"uf";2026-10-07
"1779";"Unidad de fomento (UF)";"2020-10-1";28760,64;2020;NA;10;"uf";2026-10-07
"1780";"Unidad de fomento (UF)";"2020-11-1";28933,88;2020;NA;11;"uf";2026-10-07
"1781";"Unidad de fomento (UF)";"2020-12-1";29075,47;2020;NA;12;"uf";2026-10-07
"1782";"Unidad de fomento (UF)";"2021-1-1";29085,91;2021;NA;1;"uf";2026-10-07
"1783";"Unidad de fomento (UF)";"2021-2-1";29194,81;2021;NA;2;"uf";2026-10-07
"1784";"Unidad de fomento (UF)";"2021-3-1";29360,08;2021;NA;3;"uf";2026-10-07
"1785";"Unidad de fomento (UF)";"2021-4-1";29439,72;2021;NA;4;"uf";2026-10-07
"1786";"Unidad de fomento (UF)";"2021-5-1";29555,98;2021;NA;5;"uf";2026-10-07
"1787";"Unidad de fomento (UF)";"2021-6-1";29665,83;2021;NA;6;"uf";2026-10-07
"1788";"Unidad de fomento (UF)";"2021-7-1";29740,92;2021;NA;7;"uf";2026-10-07
"1789";"Unidad de fomento (UF)";"2021-8-1";29827,73;2021;NA;8;"uf";2026-10-07
"1790";"Unidad de fomento (UF)";"2021-9-1";30025,93;2021;NA;9;"uf";2026-10-07
"1791";"Unidad de fomento (UF)";"2021-10-1";30214,65;2021;NA;10;"uf";2026-10-07
"1792";"Unidad de fomento (UF)";"2021-11-1";30573,24;2021;NA;11;"uf";2026-10-07
"1793";"Unidad de fomento (UF)";"2021-12-1";30907,42;2021;NA;12;"uf";2026-10-07
"1794";"Unidad de fomento (UF)";"2022-1-1";31096,09;2022;NA;1;"uf";2026-10-07
"1795";"Unidad de fomento (UF)";"2022-2-1";31365,3;2022;NA;2;"uf";2026-10-07
"1796";"Unidad de fomento (UF)";"2022-3-1";31669,7;2022;NA;3;"uf";2026-10-07
"1797";"Unidad de fomento (UF)";"2022-4-1";31905,76;2022;NA;4;"uf";2026-10-07
"1798";"Unidad de fomento (UF)";"2022-5-1";32453,99;2022;NA;5;"uf";2026-10-07
"1799";"Unidad de fomento (UF)";"2022-6-1";32894,82;2022;NA;6;"uf";2026-10-07
"1800";"Unidad de fomento (UF)";"2022-7-1";33268,63;2022;NA;7;"uf";2026-10-07
"1801";"Unidad de fomento (UF)";"2022-8-1";33616,11;2022;NA;8;"uf";2026-10-07
"1802";"Unidad de fomento (UF)";"2022-9-1";34059,41;2022;NA;9;"uf";2026-10-07
"1803";"Unidad de fomento (UF)";"2022-10-1";34446,46;2022;NA;10;"uf";2026-10-07
"1804";"Unidad de fomento (UF)";"2022-11-1";34722,91;2022;NA;11;"uf";2026-10-07
"1805";"Unidad de fomento (UF)";"2022-12-1";34948,74;2022;NA;12;"uf";2026-10-07
"1806";"Unidad de fomento (UF)";"2023-1-1";35227,24;2023;NA;1;"uf";2026-10-07
"1807";"Unidad de fomento (UF)";"2023-2-1";35382,14;2023;NA;2;"uf";2026-10-07
"1808";"Unidad de fomento (UF)";"2023-3-1";35579,62;2023;NA;3;"uf";2026-10-07
"1809";"Unidad de fomento (UF)";"2023-4-1";35666,65;2023;NA;4;"uf";2026-10-07
"1810";"Unidad de fomento (UF)";"2023-5-1";35969,53;2023;NA;5;"uf";2026-10-07
"1811";"Unidad de fomento (UF)";"2023-6-1";36069,31;2023;NA;6;"uf";2026-10-07
"1812";"Unidad de fomento (UF)";"2023-7-1";36079,89;2023;NA;7;"uf";2026-10-07
"1813";"Unidad de fomento (UF)";"2023-8-1";36068,7;2023;NA;8;"uf";2026-10-07
"1814";"Unidad de fomento (UF)";"2023-9-1";36175,9;2023;NA;9;"uf";2026-10-07
"1815";"Unidad de fomento (UF)";"2023-10-1";36273,59;2023;NA;10;"uf";2026-10-07
"1816";"Unidad de fomento (UF)";"2023-11-1";36489,4;2023;NA;11;"uf";2026-10-07
"1817";"Unidad de fomento (UF)";"2023-12-1";36669,38;2023;NA;12;"uf";2026-10-07
"1818";"Unidad de fomento (UF)";"2024-1-1";36805,73;2024;NA;1;"uf";2026-10-07
"1819";"Unidad de fomento (UF)";"2024-2-1";36750,98;2024;NA;2;"uf";2026-10-07
"1820";"Unidad de fomento (UF)";"2024-3-1";36984,32;2024;NA;3;"uf";2026-10-07
"1821";"Unidad de fomento (UF)";"2024-4-1";37187,51;2024;NA;4;"uf";2026-10-07
"1822";"Unidad de fomento (UF)";"2024-5-1";37349,91;2024;NA;5;"uf";2026-10-07
"1823";"Unidad de fomento (UF)";"2024-6-1";37514,77;2024;NA;6;"uf";2026-10-07
"1824";"Unidad de fomento (UF)";"2024-7-1";37591,38;2024;NA;7;"uf";2026-10-07
"1825";"Unidad de fomento (UF)";"2024-8-1";37638,55;2024;NA;8;"uf";2026-10-07
"1826";"Unidad de fomento (UF)";"2024-9-1";37849,91;2024;NA;9;"uf";2026-10-07
"1827";"Unidad de fomento (UF)";"2024-10-1";37950,09;2024;NA;10;"uf";2026-10-07
"1828";"Unidad de fomento (UF)";"2024-11-1";38078,21;2024;NA;11;"uf";2026-10-07
"1829";"Unidad de fomento (UF)";"2024-12-1";38367,69;2024;NA;12;"uf";2026-10-07
"1830";"Unidad de fomento (UF)";"2025-1-1";38415,85;2025;NA;1;"uf";2026-10-07
"1831";"Unidad de fomento (UF)";"2025-2-1";38467,25;2025;NA;2;"uf";2026-10-07
"1832";"Unidad de fomento (UF)";"2025-3-1";38807,3;2025;NA;3;"uf";2026-10-07
"1833";"Unidad de fomento (UF)";"2025-4-1";38983,11;2025;NA;4;"uf";2026-10-07
"1834";"Unidad de fomento (UF)";"2025-5-1";39146,96;2025;NA;5;"uf";2026-10-07
"1835";"Unidad de fomento (UF)";"2025-6-1";39229,28;2025;NA;6;"uf";2026-10-07
"1836";"Unidad de fomento (UF)";"2025-7-1";39246,15;2025;NA;7;"uf";2026-10-07
"1837";"Unidad de fomento (UF)";"2025-8-1";39231,84;2025;NA;8;"uf";2026-10-07
"1838";"Unidad de fomento (UF)";"2025-9-1";39471,97;2025;NA;9;"uf";2026-10-07
"1839";"Unidad de fomento (UF)";"2025-10-1";39527,19;2025;NA;10;"uf";2026-10-07
"1840";"Unidad de fomento (UF)";"2025-11-1";39637,47;2025;NA;11;"uf";2026-10-07
"1841";"Unidad de fomento (UF)";"2025-12-1";39674,88;2025;NA;12;"uf";2026-10-07
"1842";"Unidad de fomento (UF)";"2026-1-1";39737,11;2026;NA;1;"uf";2026-10-07
"1843";"Unidad de fomento (UF)";"2026-2-1";39724,71;2026;NA;2;"uf";2026-10-07
"1844";"Unidad de fomento (UF)";"2026-3-1";39835,13;2026;NA;3;"uf";2026-10-07
"1845";"Unidad de fomento (UF)";"2026-4-1";39943,72;2026;NA;4;"uf";2026-10-07
"1846";"Unidad de fomento (UF)";"2026-5-1";40361,92;2026;NA;5;"uf";2026-10-07
"1847";"Unidad de fomento (UF)";"2026-6-1";40763,82;2026;NA;6;"uf";2026-10-07
"1848";"Unidad de fomento (UF)";"2026-7-1";40841,63;2026;NA;7;"uf";2026-10-07
"1849";"Unidad de fomento (UF)";"2026-8-1";40855,54;2026;NA;8;"uf";2026-10-07
"1850";"Unidad de fomento (UF)";"2026-9-1";40946,92;2026;NA;9;"uf";2026-10-07
"1851";"Indice de valor promedio (IVP)";"2010-1-1";21861,9;2010;NA;1;"uf";2026-10-07
"1852";"Indice de valor promedio (IVP)";"2010-2-1";21850,2;2010;NA;2;"uf";2026-10-07
"1853";"Indice de valor promedio (IVP)";"2010-3-1";21870,12;2010;NA;3;"uf";2026-10-07
"1854";"Indice de valor promedio (IVP)";"2010-4-1";21901,4;2010;NA;4;"uf";2026-10-07
"1855";"Indice de valor promedio (IVP)";"2010-5-1";21910,94;2010;NA;5;"uf";2026-10-07
"1856";"Indice de valor promedio (IVP)";"2010-6-1";21938,19;2010;NA;6;"uf";2026-10-07
"1857";"Indice de valor promedio (IVP)";"2010-7-1";21989,64;2010;NA;7;"uf";2026-10-07
"1858";"Indice de valor promedio (IVP)";"2010-8-1";22054,54;2010;NA;8;"uf";2026-10-07
"1859";"Indice de valor promedio (IVP)";"2010-9-1";22118,44;2010;NA;9;"uf";2026-10-07
"1860";"Indice de valor promedio (IVP)";"2010-10-1";22175,34;2010;NA;10;"uf";2026-10-07
"1861";"Indice de valor promedio (IVP)";"2010-11-1";22236,76;2010;NA;11;"uf";2026-10-07
"1862";"Indice de valor promedio (IVP)";"2010-12-1";22286,11;2010;NA;12;"uf";2026-10-07
"1863";"Indice de valor promedio (IVP)";"2011-1-1";22329,56;2011;NA;1;"uf";2026-10-07
"1864";"Indice de valor promedio (IVP)";"2011-2-1";22370,43;2011;NA;2;"uf";2026-10-07
"1865";"Indice de valor promedio (IVP)";"2011-3-1";22405,5;2011;NA;3;"uf";2026-10-07
"1866";"Indice de valor promedio (IVP)";"2011-4-1";22453,08;2011;NA;4;"uf";2026-10-07
"1867";"Indice de valor promedio (IVP)";"2011-5-1";22513,05;2011;NA;5;"uf";2026-10-07
"1868";"Indice de valor promedio (IVP)";"2011-6-1";22582,83;2011;NA;6;"uf";2026-10-07
"1869";"Indice de valor promedio (IVP)";"2011-7-1";22662,56;2011;NA;7;"uf";2026-10-07
"1870";"Indice de valor promedio (IVP)";"2011-8-1";22744,56;2011;NA;8;"uf";2026-10-07
"1871";"Indice de valor promedio (IVP)";"2011-9-1";22820,54;2011;NA;9;"uf";2026-10-07
"1872";"Indice de valor promedio (IVP)";"2011-10-1";22891,61;2011;NA;10;"uf";2026-10-07
"1873";"Indice de valor promedio (IVP)";"2011-11-1";22957,38;2011;NA;11;"uf";2026-10-07
"1874";"Indice de valor promedio (IVP)";"2011-12-1";23026,41;2011;NA;12;"uf";2026-10-07
"1875";"Indice de valor promedio (IVP)";"2012-1-1";23099,44;2012;NA;1;"uf";2026-10-07
"1876";"Indice de valor promedio (IVP)";"2012-2-1";23181,14;2012;NA;2;"uf";2026-10-07
"1877";"Indice de valor promedio (IVP)";"2012-3-1";23265,31;2012;NA;3;"uf";2026-10-07
"1878";"Indice de valor promedio (IVP)";"2012-4-1";23354,51;2012;NA;4;"uf";2026-10-07
"1879";"Indice de valor promedio (IVP)";"2012-5-1";23430,42;2012;NA;5;"uf";2026-10-07
"1880";"Indice de valor promedio (IVP)";"2012-6-1";23491,69;2012;NA;6;"uf";2026-10-07
"1881";"Indice de valor promedio (IVP)";"2012-7-1";23534,64;2012;NA;7;"uf";2026-10-07
"1882";"Indice de valor promedio (IVP)";"2012-8-1";23551,83;2012;NA;8;"uf";2026-10-07
"1883";"Indice de valor promedio (IVP)";"2012-9-1";23563,06;2012;NA;9;"uf";2026-10-07
"1884";"Indice de valor promedio (IVP)";"2012-10-1";23575,56;2012;NA;10;"uf";2026-10-07
"1885";"Indice de valor promedio (IVP)";"2012-11-1";23609,42;2012;NA;11;"uf";2026-10-07
"1886";"Indice de valor promedio (IVP)";"2012-12-1";23653,17;2012;NA;12;"uf";2026-10-07
"1887";"Indice de valor promedio (IVP)";"2013-1-1";23688,17;2013;NA;1;"uf";2026-10-07
"1888";"Indice de valor promedio (IVP)";"2013-2-1";23729,49;2013;NA;2;"uf";2026-10-07
"1889";"Indice de valor promedio (IVP)";"2013-3-1";23775,58;2013;NA;3;"uf";2026-10-07
"1890";"Indice de valor promedio (IVP)";"2013-4-1";23817,69;2013;NA;4;"uf";2026-10-07
"1891";"Indice de valor promedio (IVP)";"2013-5-1";23837,52;2013;NA;5;"uf";2026-10-07
"1892";"Indice de valor promedio (IVP)";"2013-6-1";23832,15;2013;NA;6;"uf";2026-10-07
"1893";"Indice de valor promedio (IVP)";"2013-7-1";23844,9;2013;NA;7;"uf";2026-10-07
"1894";"Indice de valor promedio (IVP)";"2013-8-1";23878,47;2013;NA;8;"uf";2026-10-07
"1895";"Indice de valor promedio (IVP)";"2013-9-1";23915,93;2013;NA;9;"uf";2026-10-07
"1896";"Indice de valor promedio (IVP)";"2013-10-1";23958,37;2013;NA;10;"uf";2026-10-07
"1897";"Indice de valor promedio (IVP)";"2013-11-1";24011,55;2013;NA;11;"uf";2026-10-07
"1898";"Indice de valor promedio (IVP)";"2013-12-1";24086,74;2013;NA;12;"uf";2026-10-07
"1899";"Indice de valor promedio (IVP)";"2014-1-1";24175,02;2014;NA;1;"uf";2026-10-07
"1900";"Indice de valor promedio (IVP)";"2014-2-1";24257,57;2014;NA;2;"uf";2026-10-07
"1901";"Indice de valor promedio (IVP)";"2014-3-1";24341,22;2014;NA;3;"uf";2026-10-07
"1902";"Indice de valor promedio (IVP)";"2014-4-1";24438,65;2014;NA;4;"uf";2026-10-07
"1903";"Indice de valor promedio (IVP)";"2014-5-1";24550,89;2014;NA;5;"uf";2026-10-07
"1904";"Indice de valor promedio (IVP)";"2014-6-1";24677,61;2014;NA;6;"uf";2026-10-07
"1905";"Indice de valor promedio (IVP)";"2014-7-1";24798,32;2014;NA;7;"uf";2026-10-07
"1906";"Indice de valor promedio (IVP)";"2014-8-1";24906,2;2014;NA;8;"uf";2026-10-07
"1907";"Indice de valor promedio (IVP)";"2014-9-1";25011,43;2014;NA;9;"uf";2026-10-07
"1908";"Indice de valor promedio (IVP)";"2014-10-1";25111,51;2014;NA;10;"uf";2026-10-07
"1909";"Indice de valor promedio (IVP)";"2014-11-1";25216,3;2014;NA;11;"uf";2026-10-07
"1910";"Indice de valor promedio (IVP)";"2014-12-1";25330,14;2014;NA;12;"uf";2026-10-07
"1911";"Indice de valor promedio (IVP)";"2015-1-1";25432,63;2015;NA;1;"uf";2026-10-07
"1912";"Indice de valor promedio (IVP)";"2015-2-1";25515,05;2015;NA;2;"uf";2026-10-07
"1913";"Indice de valor promedio (IVP)";"2015-3-1";25593,08;2015;NA;3;"uf";2026-10-07
"1914";"Indice de valor promedio (IVP)";"2015-4-1";25673,14;2015;NA;4;"uf";2026-10-07
"1915";"Indice de valor promedio (IVP)";"2015-5-1";25741,54;2015;NA;5;"uf";2026-10-07
"1916";"Indice de valor promedio (IVP)";"2015-6-1";25797,74;2015;NA;6;"uf";2026-10-07
"1917";"Indice de valor promedio (IVP)";"2015-7-1";25868,44;2015;NA;7;"uf";2026-10-07
"1918";"Indice de valor promedio (IVP)";"2015-8-1";25972,65;2015;NA;8;"uf";2026-10-07
"1919";"Indice de valor promedio (IVP)";"2015-9-1";26090,73;2015;NA;9;"uf";2026-10-07
"1920";"Indice de valor promedio (IVP)";"2015-10-1";26217,2;2015;NA;10;"uf";2026-10-07
"1921";"Indice de valor promedio (IVP)";"2015-11-1";26339,62;2015;NA;11;"uf";2026-10-07
"1922";"Indice de valor promedio (IVP)";"2015-12-1";26454,48;2015;NA;12;"uf";2026-10-07
"1923";"Indice de valor promedio (IVP)";"2016-1-1";26559,81;2016;NA;1;"uf";2026-10-07
"1924";"Indice de valor promedio (IVP)";"2016-2-1";26647,64;2016;NA;2;"uf";2026-10-07
"1925";"Indice de valor promedio (IVP)";"2016-3-1";26731,86;2016;NA;3;"uf";2026-10-07
"1926";"Indice de valor promedio (IVP)";"2016-4-1";26804,69;2016;NA;4;"uf";2026-10-07
"1927";"Indice de valor promedio (IVP)";"2016-5-1";26871,92;2016;NA;5;"uf";2026-10-07
"1928";"Indice de valor promedio (IVP)";"2016-6-1";26939,47;2016;NA;6;"uf";2026-10-07
"1929";"Indice de valor promedio (IVP)";"2016-7-1";27020,4;2016;NA;7;"uf";2026-10-07
"1930";"Indice de valor promedio (IVP)";"2016-8-1";27114,88;2016;NA;8;"uf";2026-10-07
"1931";"Indice de valor promedio (IVP)";"2016-9-1";27198,97;2016;NA;9;"uf";2026-10-07
"1932";"Indice de valor promedio (IVP)";"2016-10-1";27273,21;2016;NA;10;"uf";2026-10-07
"1933";"Indice de valor promedio (IVP)";"2016-11-1";27341,27;2016;NA;11;"uf";2026-10-07
"1934";"Indice de valor promedio (IVP)";"2016-12-1";27401,96;2016;NA;12;"uf";2026-10-07
"1935";"Indice de valor promedio (IVP)";"2017-1-1";27450,05;2017;NA;1;"uf";2026-10-07
"1936";"Indice de valor promedio (IVP)";"2017-2-1";27478,51;2017;NA;2;"uf";2026-10-07
"1937";"Indice de valor promedio (IVP)";"2017-3-1";27517,62;2017;NA;3;"uf";2026-10-07
"1938";"Indice de valor promedio (IVP)";"2017-4-1";27566,75;2017;NA;4;"uf";2026-10-07
"1939";"Indice de valor promedio (IVP)";"2017-5-1";27621,64;2017;NA;5;"uf";2026-10-07
"1940";"Indice de valor promedio (IVP)";"2017-6-1";27680,37;2017;NA;6;"uf";2026-10-07
"1941";"Indice de valor promedio (IVP)";"2017-7-1";27739,43;2017;NA;7;"uf";2026-10-07
"1942";"Indice de valor promedio (IVP)";"2017-8-1";27789,97;2017;NA;8;"uf";2026-10-07
"1943";"Indice de valor promedio (IVP)";"2017-9-1";27829,15;2017;NA;9;"uf";2026-10-07
"1944";"Indice de valor promedio (IVP)";"2017-10-1";27859,85;2017;NA;10;"uf";2026-10-07
"1945";"Indice de valor promedio (IVP)";"2017-11-1";27877,27;2017;NA;11;"uf";2026-10-07
"1946";"Indice de valor promedio (IVP)";"2017-12-1";27904,48;2017;NA;12;"uf";2026-10-07
"1947";"Indice de valor promedio (IVP)";"2018-1-1";27938,08;2018;NA;1;"uf";2026-10-07
"1948";"Indice de valor promedio (IVP)";"2018-2-1";27989,04;2018;NA;2;"uf";2026-10-07
"1949";"Indice de valor promedio (IVP)";"2018-3-1";28046,69;2018;NA;3;"uf";2026-10-07
"1950";"Indice de valor promedio (IVP)";"2018-4-1";28106,45;2018;NA;4;"uf";2026-10-07
"1951";"Indice de valor promedio (IVP)";"2018-5-1";28174,56;2018;NA;5;"uf";2026-10-07
"1952";"Indice de valor promedio (IVP)";"2018-6-1";28237,03;2018;NA;6;"uf";2026-10-07
"1953";"Indice de valor promedio (IVP)";"2018-7-1";28304,97;2018;NA;7;"uf";2026-10-07
"1954";"Indice de valor promedio (IVP)";"2018-8-1";28371,94;2018;NA;8;"uf";2026-10-07
"1955";"Indice de valor promedio (IVP)";"2018-9-1";28435,56;2018;NA;9;"uf";2026-10-07
"1956";"Indice de valor promedio (IVP)";"2018-10-1";28504,49;2018;NA;10;"uf";2026-10-07
"1957";"Indice de valor promedio (IVP)";"2018-11-1";28579,11;2018;NA;11;"uf";2026-10-07
"1958";"Indice de valor promedio (IVP)";"2018-12-1";28651,96;2018;NA;12;"uf";2026-10-07
"1959";"Indice de valor promedio (IVP)";"2019-1-1";28714,42;2019;NA;1;"uf";2026-10-07
"1960";"Indice de valor promedio (IVP)";"2019-2-1";28764,23;2019;NA;2;"uf";2026-10-07
"1961";"Indice de valor promedio (IVP)";"2019-3-1";28804,03;2019;NA;3;"uf";2026-10-07
"1962";"Indice de valor promedio (IVP)";"2019-4-1";28842,14;2019;NA;4;"uf";2026-10-07
"1963";"Indice de valor promedio (IVP)";"2019-5-1";28883,46;2019;NA;5;"uf";2026-10-07
"1964";"Indice de valor promedio (IVP)";"2019-6-1";28929,42;2019;NA;6;"uf";2026-10-07
"1965";"Indice de valor promedio (IVP)";"2019-7-1";28997,78;2019;NA;7;"uf";2026-10-07
"1966";"Indice de valor promedio (IVP)";"2019-8-1";29075,5;2019;NA;8;"uf";2026-10-07
"1967";"Indice de valor promedio (IVP)";"2019-9-1";29157,87;2019;NA;9;"uf";2026-10-07
"1968";"Indice de valor promedio (IVP)";"2019-10-1";29238,8;2019;NA;10;"uf";2026-10-07
"1969";"Indice de valor promedio (IVP)";"2019-11-1";29311,37;2019;NA;11;"uf";2026-10-07
"1970";"Indice de valor promedio (IVP)";"2019-12-1";29395,26;2019;NA;12;"uf";2026-10-07
"1971";"Indice de valor promedio (IVP)";"2020-1-1";29464,73;2020;NA;1;"uf";2026-10-07
"1972";"Indice de valor promedio (IVP)";"2020-2-1";29537,62;2020;NA;2;"uf";2026-10-07
"1973";"Indice de valor promedio (IVP)";"2020-3-1";29627,75;2020;NA;3;"uf";2026-10-07
"1974";"Indice de valor promedio (IVP)";"2020-4-1";29731,55;2020;NA;4;"uf";2026-10-07
"1975";"Indice de valor promedio (IVP)";"2020-5-1";29835,74;2020;NA;5;"uf";2026-10-07
"1976";"Indice de valor promedio (IVP)";"2020-6-1";29909,65;2020;NA;6;"uf";2026-10-07
"1977";"Indice de valor promedio (IVP)";"2020-7-1";29975,18;2020;NA;7;"uf";2026-10-07
"1978";"Indice de valor promedio (IVP)";"2020-8-1";30028,52;2020;NA;8;"uf";2026-10-07
"1979";"Indice de valor promedio (IVP)";"2020-9-1";30058,69;2020;NA;9;"uf";2026-10-07
"1980";"Indice de valor promedio (IVP)";"2020-10-1";30083,2;2020;NA;10;"uf";2026-10-07
"1981";"Indice de valor promedio (IVP)";"2020-11-1";30126,93;2020;NA;11;"uf";2026-10-07
"1982";"Indice de valor promedio (IVP)";"2020-12-1";30195,87;2020;NA;12;"uf";2026-10-07
"1983";"Indice de valor promedio (IVP)";"2021-1-1";30270,17;2021;NA;1;"uf";2026-10-07
"1984";"Indice de valor promedio (IVP)";"2021-2-1";30361,15;2021;NA;2;"uf";2026-10-07
"1985";"Indice de valor promedio (IVP)";"2021-3-1";30475,88;2021;NA;3;"uf";2026-10-07
"1986";"Indice de valor promedio (IVP)";"2021-4-1";30595,91;2021;NA;4;"uf";2026-10-07
"1987";"Indice de valor promedio (IVP)";"2021-5-1";30702,48;2021;NA;5;"uf";2026-10-07
"1988";"Indice de valor promedio (IVP)";"2021-6-1";30803,54;2021;NA;6;"uf";2026-10-07
"1989";"Indice de valor promedio (IVP)";"2021-7-1";30915,22;2021;NA;7;"uf";2026-10-07
"1990";"Indice de valor promedio (IVP)";"2021-8-1";31022,45;2021;NA;8;"uf";2026-10-07
"1991";"Indice de valor promedio (IVP)";"2021-9-1";31133,43;2021;NA;9;"uf";2026-10-07
"1992";"Indice de valor promedio (IVP)";"2021-10-1";31261,31;2021;NA;10;"uf";2026-10-07
"1993";"Indice de valor promedio (IVP)";"2021-11-1";31431,87;2021;NA;11;"uf";2026-10-07
"1994";"Indice de valor promedio (IVP)";"2021-12-1";31643,27;2021;NA;12;"uf";2026-10-07
"1995";"Indice de valor promedio (IVP)";"2022-1-1";31880,67;2022;NA;1;"uf";2026-10-07
"1996";"Indice de valor promedio (IVP)";"2022-2-1";32137,33;2022;NA;2;"uf";2026-10-07
"1997";"Indice de valor promedio (IVP)";"2022-3-1";32412,55;2022;NA;3;"uf";2026-10-07
"1998";"Indice de valor promedio (IVP)";"2022-4-1";32710,02;2022;NA;4;"uf";2026-10-07
"1999";"Indice de valor promedio (IVP)";"2022-5-1";33036,72;2022;NA;5;"uf";2026-10-07
"2000";"Indice de valor promedio (IVP)";"2022-6-1";33380,88;2022;NA;6;"uf";2026-10-07
"2001";"Indice de valor promedio (IVP)";"2022-7-1";33758,07;2022;NA;7;"uf";2026-10-07
"2002";"Indice de valor promedio (IVP)";"2022-8-1";34157,59;2022;NA;8;"uf";2026-10-07
"2003";"Indice de valor promedio (IVP)";"2022-9-1";34574,04;2022;NA;9;"uf";2026-10-07
"2004";"Indice de valor promedio (IVP)";"2022-10-1";35014,35;2022;NA;10;"uf";2026-10-07
"2005";"Indice de valor promedio (IVP)";"2022-11-1";35409,96;2022;NA;11;"uf";2026-10-07
"2006";"Indice de valor promedio (IVP)";"2022-12-1";35766,89;2022;NA;12;"uf";2026-10-07
"2007";"Indice de valor promedio (IVP)";"2023-1-1";36112,24;2023;NA;1;"uf";2026-10-07
"2008";"Indice de valor promedio (IVP)";"2023-2-1";36408,56;2023;NA;2;"uf";2026-10-07
"2009";"Indice de valor promedio (IVP)";"2023-3-1";36661,79;2023;NA;3;"uf";2026-10-07
"2010";"Indice de valor promedio (IVP)";"2023-4-1";36876,25;2023;NA;4;"uf";2026-10-07
"2011";"Indice de valor promedio (IVP)";"2023-5-1";37094,98;2023;NA;5;"uf";2026-10-07
"2012";"Indice de valor promedio (IVP)";"2023-6-1";37293,5;2023;NA;6;"uf";2026-10-07
"2013";"Indice de valor promedio (IVP)";"2023-7-1";37446,62;2023;NA;7;"uf";2026-10-07
"2014";"Indice de valor promedio (IVP)";"2023-8-1";37574,12;2023;NA;8;"uf";2026-10-07
"2015";"Indice de valor promedio (IVP)";"2023-9-1";37681,48;2023;NA;9;"uf";2026-10-07
"2016";"Indice de valor promedio (IVP)";"2023-10-1";37787,91;2023;NA;10;"uf";2026-10-07
"2017";"Indice de valor promedio (IVP)";"2023-11-1";37879,33;2023;NA;11;"uf";2026-10-07
"2018";"Indice de valor promedio (IVP)";"2023-12-1";37985,98;2023;NA;12;"uf";2026-10-07
"2019";"Indice de valor promedio (IVP)";"2024-1-1";38116,94;2024;NA;1;"uf";2026-10-07
"2020";"Indice de valor promedio (IVP)";"2024-2-1";38233,23;2024;NA;2;"uf";2026-10-07
"2021";"Indice de valor promedio (IVP)";"2024-3-1";38371,92;2024;NA;3;"uf";2026-10-07
"2022";"Indice de valor promedio (IVP)";"2024-4-1";38531,48;2024;NA;4;"uf";2026-10-07
"2023";"Indice de valor promedio (IVP)";"2024-5-1";38680,2;2024;NA;5;"uf";2026-10-07
"2024";"Indice de valor promedio (IVP)";"2024-6-1";38824,85;2024;NA;6;"uf";2026-10-07
"2025";"Indice de valor promedio (IVP)";"2024-7-1";38956,03;2024;NA;7;"uf";2026-10-07
"2026";"Indice de valor promedio (IVP)";"2024-8-1";39110,94;2024;NA;8;"uf";2026-10-07
"2027";"Indice de valor promedio (IVP)";"2024-9-1";39262,32;2024;NA;9;"uf";2026-10-07
"2028";"Indice de valor promedio (IVP)";"2024-10-1";39392,77;2024;NA;10;"uf";2026-10-07
"2029";"Indice de valor promedio (IVP)";"2024-11-1";39517,45;2024;NA;11;"uf";2026-10-07
"2030";"Indice de valor promedio (IVP)";"2024-12-1";39662,1;2024;NA;12;"uf";2026-10-07
"2031";"Indice de valor promedio (IVP)";"2025-1-1";39808,65;2025;NA;1;"uf";2026-10-07
"2032";"Indice de valor promedio (IVP)";"2025-2-1";39948,12;2025;NA;2;"uf";2026-10-07
"2033";"Indice de valor promedio (IVP)";"2025-3-1";40105,72;2025;NA;3;"uf";2026-10-07
"2034";"Indice de valor promedio (IVP)";"2025-4-1";40285,59;2025;NA;4;"uf";2026-10-07
"2035";"Indice de valor promedio (IVP)";"2025-5-1";40472,19;2025;NA;5;"uf";2026-10-07
"2036";"Indice de valor promedio (IVP)";"2025-6-1";40623,34;2025;NA;6;"uf";2026-10-07
"2037";"Indice de valor promedio (IVP)";"2025-7-1";40765,91;2025;NA;7;"uf";2026-10-07
"2038";"Indice de valor promedio (IVP)";"2025-8-1";40898,09;2025;NA;8;"uf";2026-10-07
"2039";"Indice de valor promedio (IVP)";"2025-9-1";41012,47;2025;NA;9;"uf";2026-10-07
"2040";"Indice de valor promedio (IVP)";"2025-10-1";41107,11;2025;NA;10;"uf";2026-10-07
"2041";"Indice de valor promedio (IVP)";"2025-11-1";41195,65;2025;NA;11;"uf";2026-10-07
"2042";"Indice de valor promedio (IVP)";"2025-12-1";41277,93;2025;NA;12;"uf";2026-10-07
"2043";"Indice de valor promedio (IVP)";"2026-1-1";41368,45;2026;NA;1;"uf";2026-10-07
"2044";"Indice de valor promedio (IVP)";"2026-2-1";41457,62;2026;NA;2;"uf";2026-10-07
"2045";"Indice de valor promedio (IVP)";"2026-3-1";41524,81;2026;NA;3;"uf";2026-10-07
"2046";"Indice de valor promedio (IVP)";"2026-4-1";41600,52;2026;NA;4;"uf";2026-10-07
"2047";"Indice de valor promedio (IVP)";"2026-5-1";41724,78;2026;NA;5;"uf";2026-10-07
"2048";"Indice de valor promedio (IVP)";"2026-6-1";41910,01;2026;NA;6;"uf";2026-10-07
"2049";"Indice de valor promedio (IVP)";"2026-7-1";42097,92;2026;NA;7;"uf";2026-10-07
"2050";"Indice de valor promedio (IVP)";"2026-8-1";42292,82;2026;NA;8;"uf";2026-10-07
"2051";"Indice de valor promedio (IVP)";"2026-9-1";42480,34;2026;NA;9;"uf";2026-10-07
"2052";"Unidad tributaria mensual (UTM)";"2010-1-1";36679;2010;NA;1;"uf";2026-10-07
"2053";"Unidad tributaria mensual (UTM)";"2010-2-1";36569;2010;NA;2;"uf";2026-10-07
"2054";"Unidad tributaria mensual (UTM)";"2010-3-1";36752;2010;NA;3;"uf";2026-10-07
"2055";"Unidad tributaria mensual (UTM)";"2010-4-1";36862;2010;NA;4;"uf";2026-10-07
"2056";"Unidad tributaria mensual (UTM)";"2010-5-1";36899;2010;NA;5;"uf";2026-10-07
"2057";"Unidad tributaria mensual (UTM)";"2010-6-1";37083;2010;NA;6;"uf";2026-10-07
"2058";"Unidad tributaria mensual (UTM)";"2010-7-1";37231;2010;NA;7;"uf";2026-10-07
"2059";"Unidad tributaria mensual (UTM)";"2010-8-1";37231;2010;NA;8;"uf";2026-10-07
"2060";"Unidad tributaria mensual (UTM)";"2010-9-1";37454;2010;NA;9;"uf";2026-10-07
"2061";"Unidad tributaria mensual (UTM)";"2010-10-1";37417;2010;NA;10;"uf";2026-10-07
"2062";"Unidad tributaria mensual (UTM)";"2010-11-1";37567;2010;NA;11;"uf";2026-10-07
"2063";"Unidad tributaria mensual (UTM)";"2010-12-1";37605;2010;NA;12;"uf";2026-10-07
"2064";"Unidad tributaria mensual (UTM)";"2011-1-1";37643;2011;NA;1;"uf";2026-10-07
"2065";"Unidad tributaria mensual (UTM)";"2011-2-1";37681;2011;NA;2;"uf";2026-10-07
"2066";"Unidad tributaria mensual (UTM)";"2011-3-1";37794;2011;NA;3;"uf";2026-10-07
"2067";"Unidad tributaria mensual (UTM)";"2011-4-1";37870;2011;NA;4;"uf";2026-10-07
"2068";"Unidad tributaria mensual (UTM)";"2011-5-1";38173;2011;NA;5;"uf";2026-10-07
"2069";"Unidad tributaria mensual (UTM)";"2011-6-1";38288;2011;NA;6;"uf";2026-10-07
"2070";"Unidad tributaria mensual (UTM)";"2011-7-1";38441;2011;NA;7;"uf";2026-10-07
"2071";"Unidad tributaria mensual (UTM)";"2011-8-1";38518;2011;NA;8;"uf";2026-10-07
"2072";"Unidad tributaria mensual (UTM)";"2011-9-1";38557;2011;NA;9;"uf";2026-10-07
"2073";"Unidad tributaria mensual (UTM)";"2011-10-1";38634;2011;NA;10;"uf";2026-10-07
"2074";"Unidad tributaria mensual (UTM)";"2011-11-1";38827;2011;NA;11;"uf";2026-10-07
"2075";"Unidad tributaria mensual (UTM)";"2011-12-1";39021;2011;NA;12;"uf";2026-10-07
"2076";"Unidad tributaria mensual (UTM)";"2012-1-1";39138;2012;NA;1;"uf";2026-10-07
"2077";"Unidad tributaria mensual (UTM)";"2012-2-1";39373;2012;NA;2;"uf";2026-10-07
"2078";"Unidad tributaria mensual (UTM)";"2012-3-1";39412;2012;NA;3;"uf";2026-10-07
"2079";"Unidad tributaria mensual (UTM)";"2012-4-1";39570;2012;NA;4;"uf";2026-10-07
"2080";"Unidad tributaria mensual (UTM)";"2012-5-1";39649;2012;NA;5;"uf";2026-10-07
"2081";"Unidad tributaria mensual (UTM)";"2012-6-1";39689;2012;NA;6;"uf";2026-10-07
"2082";"Unidad tributaria mensual (UTM)";"2012-7-1";39689;2012;NA;7;"uf";2026-10-07
"2083";"Unidad tributaria mensual (UTM)";"2012-8-1";39570;2012;NA;8;"uf";2026-10-07
"2084";"Unidad tributaria mensual (UTM)";"2012-9-1";39570;2012;NA;9;"uf";2026-10-07
"2085";"Unidad tributaria mensual (UTM)";"2012-10-1";39649;2012;NA;10;"uf";2026-10-07
"2086";"Unidad tributaria mensual (UTM)";"2012-11-1";39966;2012;NA;11;"uf";2026-10-07
"2087";"Unidad tributaria mensual (UTM)";"2012-12-1";40206;2012;NA;12;"uf";2026-10-07
"2088";"Unidad tributaria mensual (UTM)";"2013-1-1";40005;2013;NA;1;"uf";2026-10-07
"2089";"Unidad tributaria mensual (UTM)";"2013-2-1";40005;2013;NA;2;"uf";2026-10-07
"2090";"Unidad tributaria mensual (UTM)";"2013-3-1";40085;2013;NA;3;"uf";2026-10-07
"2091";"Unidad tributaria mensual (UTM)";"2013-4-1";40125;2013;NA;4;"uf";2026-10-07
"2092";"Unidad tributaria mensual (UTM)";"2013-5-1";40286;2013;NA;5;"uf";2026-10-07
"2093";"Unidad tributaria mensual (UTM)";"2013-6-1";40085;2013;NA;6;"uf";2026-10-07
"2094";"Unidad tributaria mensual (UTM)";"2013-7-1";40085;2013;NA;7;"uf";2026-10-07
"2095";"Unidad tributaria mensual (UTM)";"2013-8-1";40326;2013;NA;8;"uf";2026-10-07
"2096";"Unidad tributaria mensual (UTM)";"2013-9-1";40447;2013;NA;9;"uf";2026-10-07
"2097";"Unidad tributaria mensual (UTM)";"2013-10-1";40528;2013;NA;10;"uf";2026-10-07
"2098";"Unidad tributaria mensual (UTM)";"2013-11-1";40731;2013;NA;11;"uf";2026-10-07
"2099";"Unidad tributaria mensual (UTM)";"2013-12-1";40772;2013;NA;12;"uf";2026-10-07
"2100";"Unidad tributaria mensual (UTM)";"2014-1-1";40935;2014;NA;1;"uf";2026-10-07
"2101";"Unidad tributaria mensual (UTM)";"2014-2-1";41181;2014;NA;2;"uf";2026-10-07
"2102";"Unidad tributaria mensual (UTM)";"2014-3-1";41263;2014;NA;3;"uf";2026-10-07
"2103";"Unidad tributaria mensual (UTM)";"2014-4-1";41469;2014;NA;4;"uf";2026-10-07
"2104";"Unidad tributaria mensual (UTM)";"2014-5-1";41801;2014;NA;5;"uf";2026-10-07
"2105";"Unidad tributaria mensual (UTM)";"2014-6-1";42052;2014;NA;6;"uf";2026-10-07
"2106";"Unidad tributaria mensual (UTM)";"2014-7-1";42178;2014;NA;7;"uf";2026-10-07
"2107";"Unidad tributaria mensual (UTM)";"2014-8-1";42220;2014;NA;8;"uf";2026-10-07
"2108";"Unidad tributaria mensual (UTM)";"2014-9-1";42304;2014;NA;9;"uf";2026-10-07
"2109";"Unidad tributaria mensual (UTM)";"2014-10-1";42431;2014;NA;10;"uf";2026-10-07
"2110";"Unidad tributaria mensual (UTM)";"2014-11-1";42770;2014;NA;11;"uf";2026-10-07
"2111";"Unidad tributaria mensual (UTM)";"2014-12-1";43198;2014;NA;12;"uf";2026-10-07
"2112";"Unidad tributaria mensual (UTM)";"2015-1-1";43198;2015;NA;1;"uf";2026-10-07
"2113";"Unidad tributaria mensual (UTM)";"2015-2-1";43025;2015;NA;2;"uf";2026-10-07
"2114";"Unidad tributaria mensual (UTM)";"2015-3-1";43068;2015;NA;3;"uf";2026-10-07
"2115";"Unidad tributaria mensual (UTM)";"2015-4-1";43240;2015;NA;4;"uf";2026-10-07
"2116";"Unidad tributaria mensual (UTM)";"2015-5-1";43499;2015;NA;5;"uf";2026-10-07
"2117";"Unidad tributaria mensual (UTM)";"2015-6-1";43760;2015;NA;6;"uf";2026-10-07
"2118";"Unidad tributaria mensual (UTM)";"2015-7-1";43848;2015;NA;7;"uf";2026-10-07
"2119";"Unidad tributaria mensual (UTM)";"2015-8-1";44067;2015;NA;8;"uf";2026-10-07
"2120";"Unidad tributaria mensual (UTM)";"2015-9-1";44243;2015;NA;9;"uf";2026-10-07
"2121";"Unidad tributaria mensual (UTM)";"2015-10-1";44553;2015;NA;10;"uf";2026-10-07
"2122";"Unidad tributaria mensual (UTM)";"2015-11-1";44776;2015;NA;11;"uf";2026-10-07
"2123";"Unidad tributaria mensual (UTM)";"2015-12-1";44955;2015;NA;12;"uf";2026-10-07
"2124";"Unidad tributaria mensual (UTM)";"2016-1-1";44955;2016;NA;1;"uf";2026-10-07
"2125";"Unidad tributaria mensual (UTM)";"2016-2-1";44955;2016;NA;2;"uf";2026-10-07
"2126";"Unidad tributaria mensual (UTM)";"2016-3-1";45180;2016;NA;3;"uf";2026-10-07
"2127";"Unidad tributaria mensual (UTM)";"2016-4-1";45316;2016;NA;4;"uf";2026-10-07
"2128";"Unidad tributaria mensual (UTM)";"2016-5-1";45497;2016;NA;5;"uf";2026-10-07
"2129";"Unidad tributaria mensual (UTM)";"2016-6-1";45633;2016;NA;6;"uf";2026-10-07
"2130";"Unidad tributaria mensual (UTM)";"2016-7-1";45724;2016;NA;7;"uf";2026-10-07
"2131";"Unidad tributaria mensual (UTM)";"2016-8-1";45907;2016;NA;8;"uf";2026-10-07
"2132";"Unidad tributaria mensual (UTM)";"2016-9-1";45999;2016;NA;9;"uf";2026-10-07
"2133";"Unidad tributaria mensual (UTM)";"2016-10-1";45999;2016;NA;10;"uf";2026-10-07
"2134";"Unidad tributaria mensual (UTM)";"2016-11-1";46091;2016;NA;11;"uf";2026-10-07
"2135";"Unidad tributaria mensual (UTM)";"2016-12-1";46183;2016;NA;12;"uf";2026-10-07
"2136";"Unidad tributaria mensual (UTM)";"2017-1-1";46229;2017;NA;1;"uf";2026-10-07
"2137";"Unidad tributaria mensual (UTM)";"2017-2-1";46137;2017;NA;2;"uf";2026-10-07
"2138";"Unidad tributaria mensual (UTM)";"2017-3-1";46368;2017;NA;3;"uf";2026-10-07
"2139";"Unidad tributaria mensual (UTM)";"2017-4-1";46461;2017;NA;4;"uf";2026-10-07
"2140";"Unidad tributaria mensual (UTM)";"2017-5-1";46647;2017;NA;5;"uf";2026-10-07
"2141";"Unidad tributaria mensual (UTM)";"2017-6-1";46740;2017;NA;6;"uf";2026-10-07
"2142";"Unidad tributaria mensual (UTM)";"2017-7-1";46787;2017;NA;7;"uf";2026-10-07
"2143";"Unidad tributaria mensual (UTM)";"2017-8-1";46600;2017;NA;8;"uf";2026-10-07
"2144";"Unidad tributaria mensual (UTM)";"2017-9-1";46693;2017;NA;9;"uf";2026-10-07
"2145";"Unidad tributaria mensual (UTM)";"2017-10-1";46786;2017;NA;10;"uf";2026-10-07
"2146";"Unidad tributaria mensual (UTM)";"2017-11-1";46692;2017;NA;11;"uf";2026-10-07
"2147";"Unidad tributaria mensual (UTM)";"2017-12-1";46972;2017;NA;12;"uf";2026-10-07
"2148";"Unidad tributaria mensual (UTM)";"2018-1-1";47019;2018;NA;1;"uf";2026-10-07
"2149";"Unidad tributaria mensual (UTM)";"2018-2-1";47066;2018;NA;2;"uf";2026-10-07
"2150";"Unidad tributaria mensual (UTM)";"2018-3-1";47301;2018;NA;3;"uf";2026-10-07
"2151";"Unidad tributaria mensual (UTM)";"2018-4-1";47301;2018;NA;4;"uf";2026-10-07
"2152";"Unidad tributaria mensual (UTM)";"2018-5-1";47396;2018;NA;5;"uf";2026-10-07
"2153";"Unidad tributaria mensual (UTM)";"2018-6-1";47538;2018;NA;6;"uf";2026-10-07
"2154";"Unidad tributaria mensual (UTM)";"2018-7-1";47681;2018;NA;7;"uf";2026-10-07
"2155";"Unidad tributaria mensual (UTM)";"2018-8-1";47729;2018;NA;8;"uf";2026-10-07
"2156";"Unidad tributaria mensual (UTM)";"2018-9-1";47920;2018;NA;9;"uf";2026-10-07
"2157";"Unidad tributaria mensual (UTM)";"2018-10-1";48016;2018;NA;10;"uf";2026-10-07
"2158";"Unidad tributaria mensual (UTM)";"2018-11-1";48160;2018;NA;11;"uf";2026-10-07
"2159";"Unidad tributaria mensual (UTM)";"2018-12-1";48353;2018;NA;12;"uf";2026-10-07
"2160";"Unidad tributaria mensual (UTM)";"2019-1-1";48353;2019;NA;1;"uf";2026-10-07
"2161";"Unidad tributaria mensual (UTM)";"2019-2-1";48305;2019;NA;2;"uf";2026-10-07
"2162";"Unidad tributaria mensual (UTM)";"2019-3-1";48353;2019;NA;3;"uf";2026-10-07
"2163";"Unidad tributaria mensual (UTM)";"2019-4-1";48353;2019;NA;4;"uf";2026-10-07
"2164";"Unidad tributaria mensual (UTM)";"2019-5-1";48595;2019;NA;5;"uf";2026-10-07
"2165";"Unidad tributaria mensual (UTM)";"2019-6-1";48741;2019;NA;6;"uf";2026-10-07
"2166";"Unidad tributaria mensual (UTM)";"2019-7-1";49033;2019;NA;7;"uf";2026-10-07
"2167";"Unidad tributaria mensual (UTM)";"2019-8-1";49033;2019;NA;8;"uf";2026-10-07
"2168";"Unidad tributaria mensual (UTM)";"2019-9-1";49131;2019;NA;9;"uf";2026-10-07
"2169";"Unidad tributaria mensual (UTM)";"2019-10-1";49229;2019;NA;10;"uf";2026-10-07
"2170";"Unidad tributaria mensual (UTM)";"2019-11-1";49229;2019;NA;11;"uf";2026-10-07
"2171";"Unidad tributaria mensual (UTM)";"2019-12-1";49623;2019;NA;12;"uf";2026-10-07
"2172";"Unidad tributaria mensual (UTM)";"2020-1-1";49673;2020;NA;1;"uf";2026-10-07
"2173";"Unidad tributaria mensual (UTM)";"2020-2-1";49723;2020;NA;2;"uf";2026-10-07
"2174";"Unidad tributaria mensual (UTM)";"2020-3-1";50021;2020;NA;3;"uf";2026-10-07
"2175";"Unidad tributaria mensual (UTM)";"2020-4-1";50221;2020;NA;4;"uf";2026-10-07
"2176";"Unidad tributaria mensual (UTM)";"2020-5-1";50372;2020;NA;5;"uf";2026-10-07
"2177";"Unidad tributaria mensual (UTM)";"2020-6-1";50372;2020;NA;6;"uf";2026-10-07
"2178";"Unidad tributaria mensual (UTM)";"2020-7-1";50322;2020;NA;7;"uf";2026-10-07
"2179";"Unidad tributaria mensual (UTM)";"2020-8-1";50272;2020;NA;8;"uf";2026-10-07
"2180";"Unidad tributaria mensual (UTM)";"2020-9-1";50322;2020;NA;9;"uf";2026-10-07
"2181";"Unidad tributaria mensual (UTM)";"2020-10-1";50372;2020;NA;10;"uf";2026-10-07
"2182";"Unidad tributaria mensual (UTM)";"2020-11-1";50674;2020;NA;11;"uf";2026-10-07
"2183";"Unidad tributaria mensual (UTM)";"2020-12-1";51029;2020;NA;12;"uf";2026-10-07
"2184";"Unidad tributaria mensual (UTM)";"2021-1-1";50978;2021;NA;1;"uf";2026-10-07
"2185";"Unidad tributaria mensual (UTM)";"2021-2-1";51131;2021;NA;2;"uf";2026-10-07
"2186";"Unidad tributaria mensual (UTM)";"2021-3-1";51489;2021;NA;3;"uf";2026-10-07
"2187";"Unidad tributaria mensual (UTM)";"2021-4-1";51592;2021;NA;4;"uf";2026-10-07
"2188";"Unidad tributaria mensual (UTM)";"2021-5-1";51798;2021;NA;5;"uf";2026-10-07
"2189";"Unidad tributaria mensual (UTM)";"2021-6-1";52005;2021;NA;6;"uf";2026-10-07
"2190";"Unidad tributaria mensual (UTM)";"2021-7-1";52161;2021;NA;7;"uf";2026-10-07
"2191";"Unidad tributaria mensual (UTM)";"2021-8-1";52213;2021;NA;8;"uf";2026-10-07
"2192";"Unidad tributaria mensual (UTM)";"2021-9-1";52631;2021;NA;9;"uf";2026-10-07
"2193";"Unidad tributaria mensual (UTM)";"2021-10-1";52842;2021;NA;10;"uf";2026-10-07
"2194";"Unidad tributaria mensual (UTM)";"2021-11-1";53476;2021;NA;11;"uf";2026-10-07
"2195";"Unidad tributaria mensual (UTM)";"2021-12-1";54171;2021;NA;12;"uf";2026-10-07
"2196";"Unidad tributaria mensual (UTM)";"2022-1-1";54442;2022;NA;1;"uf";2026-10-07
"2197";"Unidad tributaria mensual (UTM)";"2022-2-1";54878;2022;NA;2;"uf";2026-10-07
"2198";"Unidad tributaria mensual (UTM)";"2022-3-1";55537;2022;NA;3;"uf";2026-10-07
"2199";"Unidad tributaria mensual (UTM)";"2022-4-1";55704;2022;NA;4;"uf";2026-10-07
"2200";"Unidad tributaria mensual (UTM)";"2022-5-1";56762;2022;NA;5;"uf";2026-10-07
"2201";"Unidad tributaria mensual (UTM)";"2022-6-1";57557;2022;NA;6;"uf";2026-10-07
"2202";"Unidad tributaria mensual (UTM)";"2022-7-1";58248;2022;NA;7;"uf";2026-10-07
"2203";"Unidad tributaria mensual (UTM)";"2022-8-1";58772;2022;NA;8;"uf";2026-10-07
"2204";"Unidad tributaria mensual (UTM)";"2022-9-1";59595;2022;NA;9;"uf";2026-10-07
"2205";"Unidad tributaria mensual (UTM)";"2022-10-1";60310;2022;NA;10;"uf";2026-10-07
"2206";"Unidad tributaria mensual (UTM)";"2022-11-1";60853;2022;NA;11;"uf";2026-10-07
"2207";"Unidad tributaria mensual (UTM)";"2022-12-1";61157;2022;NA;12;"uf";2026-10-07
"2208";"Unidad tributaria mensual (UTM)";"2023-1-1";61769;2023;NA;1;"uf";2026-10-07
"2209";"Unidad tributaria mensual (UTM)";"2023-2-1";61954;2023;NA;2;"uf";2026-10-07
"2210";"Unidad tributaria mensual (UTM)";"2023-3-1";62450;2023;NA;3;"uf";2026-10-07
"2211";"Unidad tributaria mensual (UTM)";"2023-4-1";62388;2023;NA;4;"uf";2026-10-07
"2212";"Unidad tributaria mensual (UTM)";"2023-5-1";63074;2023;NA;5;"uf";2026-10-07
"2213";"Unidad tributaria mensual (UTM)";"2023-6-1";63263;2023;NA;6;"uf";2026-10-07
"2214";"Unidad tributaria mensual (UTM)";"2023-7-1";63326;2023;NA;7;"uf";2026-10-07
"2215";"Unidad tributaria mensual (UTM)";"2023-8-1";63199;2023;NA;8;"uf";2026-10-07
"2216";"Unidad tributaria mensual (UTM)";"2023-9-1";63452;2023;NA;9;"uf";2026-10-07
"2217";"Unidad tributaria mensual (UTM)";"2023-10-1";63515;2023;NA;10;"uf";2026-10-07
"2218";"Unidad tributaria mensual (UTM)";"2023-11-1";63960;2023;NA;11;"uf";2026-10-07
"2219";"Unidad tributaria mensual (UTM)";"2023-12-1";64216;2023;NA;12;"uf";2026-10-07
"2220";"Unidad tributaria mensual (UTM)";"2024-1-1";64666;2024;NA;1;"uf";2026-10-07
"2221";"Unidad tributaria mensual (UTM)";"2024-2-1";64343;2024;NA;2;"uf";2026-10-07
"2222";"Unidad tributaria mensual (UTM)";"2024-3-1";64793;2024;NA;3;"uf";2026-10-07
"2223";"Unidad tributaria mensual (UTM)";"2024-4-1";65182;2024;NA;4;"uf";2026-10-07
"2224";"Unidad tributaria mensual (UTM)";"2024-5-1";65443;2024;NA;5;"uf";2026-10-07
"2225";"Unidad tributaria mensual (UTM)";"2024-6-1";65770;2024;NA;6;"uf";2026-10-07
"2226";"Unidad tributaria mensual (UTM)";"2024-7-1";65967;2024;NA;7;"uf";2026-10-07
"2227";"Unidad tributaria mensual (UTM)";"2024-8-1";65901;2024;NA;8;"uf";2026-10-07
"2228";"Unidad tributaria mensual (UTM)";"2024-9-1";66362;2024;NA;9;"uf";2026-10-07
"2229";"Unidad tributaria mensual (UTM)";"2024-10-1";66561;2024;NA;10;"uf";2026-10-07
"2230";"Unidad tributaria mensual (UTM)";"2024-11-1";66628;2024;NA;11;"uf";2026-10-07
"2231";"Unidad tributaria mensual (UTM)";"2024-12-1";67294;2024;NA;12;"uf";2026-10-07
"2232";"Unidad tributaria mensual (UTM)";"2025-1-1";67429;2025;NA;1;"uf";2026-10-07
"2233";"Unidad tributaria mensual (UTM)";"2025-2-1";67294;2025;NA;2;"uf";2026-10-07
"2234";"Unidad tributaria mensual (UTM)";"2025-3-1";68034;2025;NA;3;"uf";2026-10-07
"2235";"Unidad tributaria mensual (UTM)";"2025-4-1";68306;2025;NA;4;"uf";2026-10-07
"2236";"Unidad tributaria mensual (UTM)";"2025-5-1";68648;2025;NA;5;"uf";2026-10-07
"2237";"Unidad tributaria mensual (UTM)";"2025-6-1";68785;2025;NA;6;"uf";2026-10-07
"2238";"Unidad tributaria mensual (UTM)";"2025-7-1";68923;2025;NA;7;"uf";2026-10-07
"2239";"Unidad tributaria mensual (UTM)";"2025-8-1";68647;2025;NA;8;"uf";2026-10-07
"2240";"Unidad tributaria mensual (UTM)";"2025-9-1";69265;2025;NA;9;"uf";2026-10-07
"2241";"Unidad tributaria mensual (UTM)";"2025-10-1";69265;2025;NA;10;"uf";2026-10-07
"2242";"Unidad tributaria mensual (UTM)";"2025-11-1";69542;2025;NA;11;"uf";2026-10-07
"2243";"Unidad tributaria mensual (UTM)";"2025-12-1";69542;2025;NA;12;"uf";2026-10-07
"2244";"Unidad tributaria mensual (UTM)";"2026-1-1";69751;2026;NA;1;"uf";2026-10-07
"2245";"Unidad tributaria mensual (UTM)";"2026-2-1";69611;2026;NA;2;"uf";2026-10-07
"2246";"Unidad tributaria mensual (UTM)";"2026-3-1";69889;2026;NA;3;"uf";2026-10-07
"2247";"Unidad tributaria mensual (UTM)";"2026-4-1";69889;2026;NA;4;"uf";2026-10-07
"2248";"Unidad tributaria mensual (UTM)";"2026-5-1";70588;2026;NA;5;"uf";2026-10-07
"2249";"Unidad tributaria mensual (UTM)";"2026-6-1";71506;2026;NA;6;"uf";2026-10-07
"2250";"Unidad tributaria mensual (UTM)";"2026-7-1";71649;2026;NA;7;"uf";2026-10-07
"2251";"Unidad tributaria mensual (UTM)";"2026-8-1";71649;2026;NA;8;"uf";2026-10-07
"2252";"Unidad tributaria mensual (UTM)";"2026-9-1";71721;2026;NA;9;"uf";2026-10-07
"2253";"Unidad tributaria mensual (UTM)";"2026-10-1";72151;2026;NA;10;"uf";2026-10-07
"2254";"Índice de remuneraciones";"2023-1-1";98,01;2023;NA;1;"remuneraciones";2026-10-07
"2255";"Índice de remuneraciones";"2023-2-1";97,47;2023;NA;2;"remuneraciones";2026-10-07
"2256";"Índice de remuneraciones";"2023-3-1";98,07;2023;NA;3;"remuneraciones";2026-10-07
"2257";"Índice de remuneraciones";"2023-4-1";98,73;2023;NA;4;"remuneraciones";2026-10-07
"2258";"Índice de remuneraciones";"2023-5-1";98,94;2023;NA;5;"remuneraciones";2026-10-07
"2259";"Índice de remuneraciones";"2023-6-1";99,89;2023;NA;6;"remuneraciones";2026-10-07
"2260";"Índice de remuneraciones";"2023-7-1";100,29;2023;NA;7;"remuneraciones";2026-10-07
"2261";"Índice de remuneraciones";"2023-8-1";100,34;2023;NA;8;"remuneraciones";2026-10-07
"2262";"Índice de remuneraciones";"2023-9-1";101,83;2023;NA;9;"remuneraciones";2026-10-07
"2263";"Índice de remuneraciones";"2023-10-1";101,52;2023;NA;10;"remuneraciones";2026-10-07
"2264";"Índice de remuneraciones";"2023-11-1";101,58;2023;NA;11;"remuneraciones";2026-10-07
"2265";"Índice de remuneraciones";"2023-12-1";103,3;2023;NA;12;"remuneraciones";2026-10-07
"2266";"Índice de remuneraciones";"2024-1-1";104,08;2024;NA;1;"remuneraciones";2026-10-07
"2267";"Índice de remuneraciones";"2024-2-1";103,77;2024;NA;2;"remuneraciones";2026-10-07
"2268";"Índice de remuneraciones";"2024-3-1";104,82;2024;NA;3;"remuneraciones";2026-10-07
"2269";"Índice de remuneraciones";"2024-4-1";105,27;2024;NA;4;"remuneraciones";2026-10-07
"2270";"Índice de remuneraciones";"2024-5-1";105,7;2024;NA;5;"remuneraciones";2026-10-07
"2271";"Índice de remuneraciones";"2024-6-1";106,97;2024;NA;6;"remuneraciones";2026-10-07
"2272";"Índice de remuneraciones";"2024-7-1";108,68;2024;NA;7;"remuneraciones";2026-10-07
"2273";"Índice de remuneraciones";"2024-8-1";109,1;2024;NA;8;"remuneraciones";2026-10-07
"2274";"Índice de remuneraciones";"2024-9-1";109,84;2024;NA;9;"remuneraciones";2026-10-07
"2275";"Índice de remuneraciones";"2024-10-1";109,97;2024;NA;10;"remuneraciones";2026-10-07
"2276";"Índice de remuneraciones";"2024-11-1";110,24;2024;NA;11;"remuneraciones";2026-10-07
"2277";"Índice de remuneraciones";"2024-12-1";111,01;2024;NA;12;"remuneraciones";2026-10-07
"2278";"Índice de remuneraciones";"2025-1-1";112,8;2025;NA;1;"remuneraciones";2026-10-07
"2279";"Índice de remuneraciones";"2025-2-1";112,91;2025;NA;2;"remuneraciones";2026-10-07
"2280";"Índice de remuneraciones";"2025-3-1";113,48;2025;NA;3;"remuneraciones";2026-10-07
"2281";"Índice de remuneraciones";"2025-4-1";113,85;2025;NA;4;"remuneraciones";2026-10-07
"2282";"Índice de remuneraciones";"2025-5-1";114,22;2025;NA;5;"remuneraciones";2026-10-07
"2283";"Índice de remuneraciones";"2025-6-1";115;2025;NA;6;"remuneraciones";2026-10-07
"2284";"Índice de remuneraciones";"2025-7-1";115,57;2025;NA;7;"remuneraciones";2026-10-07
"2285";"Índice de remuneraciones";"2025-8-1";115,79;2025;NA;8;"remuneraciones";2026-10-07
"2286";"Índice de remuneraciones";"2025-9-1";116,28;2025;NA;9;"remuneraciones";2026-10-07
"2287";"Índice de remuneraciones";"2025-10-1";116,5;2025;NA;10;"remuneraciones";2026-10-07
"2288";"Índice de remuneraciones";"2025-11-1";116,86;2025;NA;11;"remuneraciones";2026-10-07
"2289";"Índice de remuneraciones";"2025-12-1";117,74;2025;NA;12;"remuneraciones";2026-10-07
"2290";"Índice de remuneraciones";"2026-1-1";118,35;2026;NA;1;"remuneraciones";2026-10-07
"2291";"Índice de remuneraciones";"2026-2-1";118,55;2026;NA;2;"remuneraciones";2026-10-07
"2292";"Índice de remuneraciones";"2026-3-1";119,33;2026;NA;3;"remuneraciones";2026-10-07
"2293";"Índice de remuneraciones";"2026-4-1";120,29;2026;NA;4;"remuneraciones";2026-10-07
"2294";"Índice de remuneraciones";"2026-5-1";122,6;2026;NA;5;"remuneraciones";2026-10-07
"2295";"Índice de remuneraciones";"2026-6-1";123,91;2026;NA;6;"remuneraciones";2026-10-07
"2296";"Índice de remuneraciones";"2026-7-1";124,59;2026;NA;7;"remuneraciones";2026-10-07
"2297";"Índice de remuneraciones";"2026-8-1";124,64;2026;NA;8;"remuneraciones";2026-10-07
"2298";"Índice real de remuneraciones";"2023-1-1";100,02;2023;NA;1;"remuneraciones";2026-10-07
"2299";"Índice real de remuneraciones";"2023-2-1";99,53;2023;NA;2;"remuneraciones";2026-10-07
"2300";"Índice real de remuneraciones";"2023-3-1";99,06;2023;NA;3;"remuneraciones";2026-10-07
"2301";"Índice real de remuneraciones";"2023-4-1";99,43;2023;NA;4;"remuneraciones";2026-10-07
"2302";"Índice real de remuneraciones";"2023-5-1";99,53;2023;NA;5;"remuneraciones";2026-10-07
"2303";"Índice real de remuneraciones";"2023-6-1";100,64;2023;NA;6;"remuneraciones";2026-10-07
"2304";"Índice real de remuneraciones";"2023-7-1";100,69;2023;NA;7;"remuneraciones";2026-10-07
"2305";"Índice real de remuneraciones";"2023-8-1";100,62;2023;NA;8;"remuneraciones";2026-10-07
"2306";"Índice real de remuneraciones";"2023-9-1";101,43;2023;NA;9;"remuneraciones";2026-10-07
"2307";"Índice real de remuneraciones";"2023-10-1";100,68;2023;NA;10;"remuneraciones";2026-10-07
"2308";"Índice real de remuneraciones";"2023-11-1";99,99;2023;NA;11;"remuneraciones";2026-10-07
"2309";"Índice real de remuneraciones";"2023-12-1";102,23;2023;NA;12;"remuneraciones";2026-10-07
"2310";"Índice real de remuneraciones";"2024-1-1";102,32;2024;NA;1;"remuneraciones";2026-10-07
"2311";"Índice real de remuneraciones";"2024-2-1";101,42;2024;NA;2;"remuneraciones";2026-10-07
"2312";"Índice real de remuneraciones";"2024-3-1";102,07;2024;NA;3;"remuneraciones";2026-10-07
"2313";"Índice real de remuneraciones";"2024-4-1";101,96;2024;NA;4;"remuneraciones";2026-10-07
"2314";"Índice real de remuneraciones";"2024-5-1";102,11;2024;NA;5;"remuneraciones";2026-10-07
"2315";"Índice real de remuneraciones";"2024-6-1";103,43;2024;NA;6;"remuneraciones";2026-10-07
"2316";"Índice real de remuneraciones";"2024-7-1";104,32;2024;NA;7;"remuneraciones";2026-10-07
"2317";"Índice real de remuneraciones";"2024-8-1";104,45;2024;NA;8;"remuneraciones";2026-10-07
"2318";"Índice real de remuneraciones";"2024-9-1";105,07;2024;NA;9;"remuneraciones";2026-10-07
"2319";"Índice real de remuneraciones";"2024-10-1";104,17;2024;NA;10;"remuneraciones";2026-10-07
"2320";"Índice real de remuneraciones";"2024-11-1";104,17;2024;NA;11;"remuneraciones";2026-10-07
"2321";"Índice real de remuneraciones";"2024-12-1";105,11;2024;NA;12;"remuneraciones";2026-10-07
"2322";"Índice real de remuneraciones";"2025-1-1";105,68;2025;NA;1;"remuneraciones";2026-10-07
"2323";"Índice real de remuneraciones";"2025-2-1";105,36;2025;NA;2;"remuneraciones";2026-10-07
"2324";"Índice real de remuneraciones";"2025-3-1";105,36;2025;NA;3;"remuneraciones";2026-10-07
"2325";"Índice real de remuneraciones";"2025-4-1";105,51;2025;NA;4;"remuneraciones";2026-10-07
"2326";"Índice real de remuneraciones";"2025-5-1";105,64;2025;NA;5;"remuneraciones";2026-10-07
"2327";"Índice real de remuneraciones";"2025-6-1";106,8;2025;NA;6;"remuneraciones";2026-10-07
"2328";"Índice real de remuneraciones";"2025-7-1";106,39;2025;NA;7;"remuneraciones";2026-10-07
"2329";"Índice real de remuneraciones";"2025-8-1";106,56;2025;NA;8;"remuneraciones";2026-10-07
"2330";"Índice real de remuneraciones";"2025-9-1";106,54;2025;NA;9;"remuneraciones";2026-10-07
"2331";"Índice real de remuneraciones";"2025-10-1";106,69;2025;NA;10;"remuneraciones";2026-10-07
"2332";"Índice real de remuneraciones";"2025-11-1";106,75;2025;NA;11;"remuneraciones";2026-10-07
"2333";"Índice real de remuneraciones";"2025-12-1";107,76;2025;NA;12;"remuneraciones";2026-10-07
"2334";"Índice real de remuneraciones";"2026-1-1";107,87;2026;NA;1;"remuneraciones";2026-10-07
"2335";"Índice real de remuneraciones";"2026-2-1";108,07;2026;NA;2;"remuneraciones";2026-10-07
"2336";"Índice real de remuneraciones";"2026-3-1";107,74;2026;NA;3;"remuneraciones";2026-10-07
"2337";"Índice real de remuneraciones";"2026-4-1";107,23;2026;NA;4;"remuneraciones";2026-10-07
"2338";"Índice real de remuneraciones";"2026-5-1";109,11;2026;NA;5;"remuneraciones";2026-10-07
"2339";"Índice real de remuneraciones";"2026-6-1";110,29;2026;NA;6;"remuneraciones";2026-10-07
"2340";"Índice real de remuneraciones";"2026-7-1";110,8;2026;NA;7;"remuneraciones";2026-10-07
"2341";"Índice real de remuneraciones";"2026-8-1";110,16;2026;NA;8;"remuneraciones";2026-10-07
"2342";"Índice de Costos Laborales";"2023-1-1";97,77;2023;NA;1;"remuneraciones";2026-10-07
"2343";"Índice de Costos Laborales";"2023-2-1";97,1;2023;NA;2;"remuneraciones";2026-10-07
"2344";"Índice de Costos Laborales";"2023-3-1";97,99;2023;NA;3;"remuneraciones";2026-10-07
"2345";"Índice de Costos Laborales";"2023-4-1";98,67;2023;NA;4;"remuneraciones";2026-10-07
"2346";"Índice de Costos Laborales";"2023-5-1";98,92;2023;NA;5;"remuneraciones";2026-10-07
"2347";"Índice de Costos Laborales";"2023-6-1";99,86;2023;NA;6;"remuneraciones";2026-10-07
"2348";"Índice de Costos Laborales";"2023-7-1";100,39;2023;NA;7;"remuneraciones";2026-10-07
"2349";"Índice de Costos Laborales";"2023-8-1";100,51;2023;NA;8;"remuneraciones";2026-10-07
"2350";"Índice de Costos Laborales";"2023-9-1";102,2;2023;NA;9;"remuneraciones";2026-10-07
"2351";"Índice de Costos Laborales";"2023-10-1";101,41;2023;NA;10;"remuneraciones";2026-10-07
"2352";"Índice de Costos Laborales";"2023-11-1";101,55;2023;NA;11;"remuneraciones";2026-10-07
"2353";"Índice de Costos Laborales";"2023-12-1";103,63;2023;NA;12;"remuneraciones";2026-10-07
"2354";"Índice de Costos Laborales";"2024-1-1";103,84;2024;NA;1;"remuneraciones";2026-10-07
"2355";"Índice de Costos Laborales";"2024-2-1";103,32;2024;NA;2;"remuneraciones";2026-10-07
"2356";"Índice de Costos Laborales";"2024-3-1";104,69;2024;NA;3;"remuneraciones";2026-10-07
"2357";"Índice de Costos Laborales";"2024-4-1";105,29;2024;NA;4;"remuneraciones";2026-10-07
"2358";"Índice de Costos Laborales";"2024-5-1";105,64;2024;NA;5;"remuneraciones";2026-10-07
"2359";"Índice de Costos Laborales";"2024-6-1";106,89;2024;NA;6;"remuneraciones";2026-10-07
"2360";"Índice de Costos Laborales";"2024-7-1";109,16;2024;NA;7;"remuneraciones";2026-10-07
"2361";"Índice de Costos Laborales";"2024-8-1";109,48;2024;NA;8;"remuneraciones";2026-10-07
"2362";"Índice de Costos Laborales";"2024-9-1";110,46;2024;NA;9;"remuneraciones";2026-10-07
"2363";"Índice de Costos Laborales";"2024-10-1";110,08;2024;NA;10;"remuneraciones";2026-10-07
"2364";"Índice de Costos Laborales";"2024-11-1";110,4;2024;NA;11;"remuneraciones";2026-10-07
"2365";"Índice de Costos Laborales";"2024-12-1";111,67;2024;NA;12;"remuneraciones";2026-10-07
"2366";"Índice de Costos Laborales";"2025-1-1";112,68;2025;NA;1;"remuneraciones";2026-10-07
"2367";"Índice de Costos Laborales";"2025-2-1";112,64;2025;NA;2;"remuneraciones";2026-10-07
"2368";"Índice de Costos Laborales";"2025-3-1";113,45;2025;NA;3;"remuneraciones";2026-10-07
"2369";"Índice de Costos Laborales";"2025-4-1";114,12;2025;NA;4;"remuneraciones";2026-10-07
"2370";"Índice de Costos Laborales";"2025-5-1";114,52;2025;NA;5;"remuneraciones";2026-10-07
"2371";"Índice de Costos Laborales";"2025-6-1";115,3;2025;NA;6;"remuneraciones";2026-10-07
"2372";"Índice de Costos Laborales";"2025-7-1";115,96;2025;NA;7;"remuneraciones";2026-10-07
"2373";"Índice de Costos Laborales";"2025-8-1";116,71;2025;NA;8;"remuneraciones";2026-10-07
"2374";"Índice de Costos Laborales";"2025-9-1";117,59;2025;NA;9;"remuneraciones";2026-10-07
"2375";"Índice de Costos Laborales";"2025-10-1";117,33;2025;NA;10;"remuneraciones";2026-10-07
"2376";"Índice de Costos Laborales";"2025-11-1";117,66;2025;NA;11;"remuneraciones";2026-10-07
"2377";"Índice de Costos Laborales";"2025-12-1";119,29;2025;NA;12;"remuneraciones";2026-10-07
"2378";"Índice de Costos Laborales";"2026-1-1";119,2;2026;NA;1;"remuneraciones";2026-10-07
"2379";"Índice de Costos Laborales";"2026-2-1";119,29;2026;NA;2;"remuneraciones";2026-10-07
"2380";"Índice de Costos Laborales";"2026-3-1";120,37;2026;NA;3;"remuneraciones";2026-10-07
"2381";"Índice de Costos Laborales";"2026-4-1";121,38;2026;NA;4;"remuneraciones";2026-10-07
"2382";"Índice de Costos Laborales";"2026-5-1";123,59;2026;NA;5;"remuneraciones";2026-10-07
"2383";"Índice de Costos Laborales";"2026-6-1";125,05;2026;NA;6;"remuneraciones";2026-10-07
"2384";"Índice de Costos Laborales";"2026-7-1";126,07;2026;NA;7;"remuneraciones";2026-10-07
"2385";"Índice de Costos Laborales";"2026-8-1";126,4;2026;NA;8;"remuneraciones";2026-10-07
"2386";"Inversión extranjera directa (pasivos)";"2003-1-1";600,173758457111;2003;NA;1;"inversion_extranjera";2026-10-07
"2387";"Inversión extranjera directa (pasivos)";"2003-2-1";357,016149982226;2003;NA;2;"inversion_extranjera";2026-10-07
"2388";"Inversión extranjera directa (pasivos)";"2003-3-1";208,352952883904;2003;NA;3;"inversion_extranjera";2026-10-07
"2389";"Inversión extranjera directa (pasivos)";"2003-4-1";415,354859815014;2003;NA;4;"inversion_extranjera";2026-10-07
"2390";"Inversión extranjera directa (pasivos)";"2003-5-1";300,63004825212;2003;NA;5;"inversion_extranjera";2026-10-07
"2391";"Inversión extranjera directa (pasivos)";"2003-6-1";403,885189587902;2003;NA;6;"inversion_extranjera";2026-10-07
"2392";"Inversión extranjera directa (pasivos)";"2003-7-1";372,296292363174;2003;NA;7;"inversion_extranjera";2026-10-07
"2393";"Inversión extranjera directa (pasivos)";"2003-8-1";378,643560722004;2003;NA;8;"inversion_extranjera";2026-10-07
"2394";"Inversión extranjera directa (pasivos)";"2003-9-1";142,428650163666;2003;NA;9;"inversion_extranjera";2026-10-07
"2395";"Inversión extranjera directa (pasivos)";"2003-10-1";13,9150520936701;2003;NA;10;"inversion_extranjera";2026-10-07
"2396";"Inversión extranjera directa (pasivos)";"2003-11-1";11,0544450422759;2003;NA;11;"inversion_extranjera";2026-10-07
"2397";"Inversión extranjera directa (pasivos)";"2003-12-1";281,977462387203;2003;NA;12;"inversion_extranjera";2026-10-07
"2398";"Inversión extranjera directa (pasivos)";"2004-1-1";252,085151457021;2004;NA;1;"inversion_extranjera";2026-10-07
"2399";"Inversión extranjera directa (pasivos)";"2004-2-1";645,113286829611;2004;NA;2;"inversion_extranjera";2026-10-07
"2400";"Inversión extranjera directa (pasivos)";"2004-3-1";460,392363102661;2004;NA;3;"inversion_extranjera";2026-10-07
"2401";"Inversión extranjera directa (pasivos)";"2004-4-1";365,23731805337;2004;NA;4;"inversion_extranjera";2026-10-07
"2402";"Inversión extranjera directa (pasivos)";"2004-5-1";-82,569256824227;2004;NA;5;"inversion_extranjera";2026-10-07
"2403";"Inversión extranjera directa (pasivos)";"2004-6-1";-84,690299354268;2004;NA;6;"inversion_extranjera";2026-10-07
"2404";"Inversión extranjera directa (pasivos)";"2004-7-1";1778,54132731414;2004;NA;7;"inversion_extranjera";2026-10-07
"2405";"Inversión extranjera directa (pasivos)";"2004-8-1";489,110977758384;2004;NA;8;"inversion_extranjera";2026-10-07
"2406";"Inversión extranjera directa (pasivos)";"2004-9-1";606,035404984991;2004;NA;9;"inversion_extranjera";2026-10-07
"2407";"Inversión extranjera directa (pasivos)";"2004-10-1";-59,715784789053;2004;NA;10;"inversion_extranjera";2026-10-07
"2408";"Inversión extranjera directa (pasivos)";"2004-11-1";133,075516734431;2004;NA;11;"inversion_extranjera";2026-10-07
"2409";"Inversión extranjera directa (pasivos)";"2004-12-1";466,115402356985;2004;NA;12;"inversion_extranjera";2026-10-07
"2410";"Inversión extranjera directa (pasivos)";"2005-1-1";340,14984160383;2005;NA;1;"inversion_extranjera";2026-10-07
"2411";"Inversión extranjera directa (pasivos)";"2005-2-1";620,945372031606;2005;NA;2;"inversion_extranjera";2026-10-07
"2412";"Inversión extranjera directa (pasivos)";"2005-3-1";-37,152814953395;2005;NA;3;"inversion_extranjera";2026-10-07
"2413";"Inversión extranjera directa (pasivos)";"2005-4-1";733,518325100587;2005;NA;4;"inversion_extranjera";2026-10-07
"2414";"Inversión extranjera directa (pasivos)";"2005-5-1";607,17419150244;2005;NA;5;"inversion_extranjera";2026-10-07
"2415";"Inversión extranjera directa (pasivos)";"2005-6-1";687,221039147193;2005;NA;6;"inversion_extranjera";2026-10-07
"2416";"Inversión extranjera directa (pasivos)";"2005-7-1";920,333316041288;2005;NA;7;"inversion_extranjera";2026-10-07
"2417";"Inversión extranjera directa (pasivos)";"2005-8-1";660,015663726441;2005;NA;8;"inversion_extranjera";2026-10-07
"2418";"Inversión extranjera directa (pasivos)";"2005-9-1";512,822735476975;2005;NA;9;"inversion_extranjera";2026-10-07
"2419";"Inversión extranjera directa (pasivos)";"2005-10-1";781,777357073195;2005;NA;10;"inversion_extranjera";2026-10-07
"2420";"Inversión extranjera directa (pasivos)";"2005-11-1";247,399514693644;2005;NA;11;"inversion_extranjera";2026-10-07
"2421";"Inversión extranjera directa (pasivos)";"2005-12-1";-83,3727124907;2005;NA;12;"inversion_extranjera";2026-10-07
"2422";"Inversión extranjera directa (pasivos)";"2006-1-1";799,822123283498;2006;NA;1;"inversion_extranjera";2026-10-07
"2423";"Inversión extranjera directa (pasivos)";"2006-2-1";1303,55214740778;2006;NA;2;"inversion_extranjera";2026-10-07
"2424";"Inversión extranjera directa (pasivos)";"2006-3-1";1781,2425365567;2006;NA;3;"inversion_extranjera";2026-10-07
"2425";"Inversión extranjera directa (pasivos)";"2006-4-1";127,566522240418;2006;NA;4;"inversion_extranjera";2026-10-07
"2426";"Inversión extranjera directa (pasivos)";"2006-5-1";151,472440330416;2006;NA;5;"inversion_extranjera";2026-10-07
"2427";"Inversión extranjera directa (pasivos)";"2006-6-1";-1045,7714093953;2006;NA;6;"inversion_extranjera";2026-10-07
"2428";"Inversión extranjera directa (pasivos)";"2006-7-1";344,019192871236;2006;NA;7;"inversion_extranjera";2026-10-07
"2429";"Inversión extranjera directa (pasivos)";"2006-8-1";880,913692006676;2006;NA;8;"inversion_extranjera";2026-10-07
"2430";"Inversión extranjera directa (pasivos)";"2006-9-1";1389,56483409444;2006;NA;9;"inversion_extranjera";2026-10-07
"2431";"Inversión extranjera directa (pasivos)";"2006-10-1";-861,20954382944;2006;NA;10;"inversion_extranjera";2026-10-07
"2432";"Inversión extranjera directa (pasivos)";"2006-11-1";-524,90770227472;2006;NA;11;"inversion_extranjera";2026-10-07
"2433";"Inversión extranjera directa (pasivos)";"2006-12-1";409,068650074882;2006;NA;12;"inversion_extranjera";2026-10-07
"2434";"Inversión extranjera directa (pasivos)";"2007-1-1";874,836549788698;2007;NA;1;"inversion_extranjera";2026-10-07
"2435";"Inversión extranjera directa (pasivos)";"2007-2-1";1470,40841218662;2007;NA;2;"inversion_extranjera";2026-10-07
"2436";"Inversión extranjera directa (pasivos)";"2007-3-1";1409,18371938301;2007;NA;3;"inversion_extranjera";2026-10-07
"2437";"Inversión extranjera directa (pasivos)";"2007-4-1";1084,9629822632;2007;NA;4;"inversion_extranjera";2026-10-07
"2438";"Inversión extranjera directa (pasivos)";"2007-5-1";971,466152203044;2007;NA;5;"inversion_extranjera";2026-10-07
"2439";"Inversión extranjera directa (pasivos)";"2007-6-1";409,897383768831;2007;NA;6;"inversion_extranjera";2026-10-07
"2440";"Inversión extranjera directa (pasivos)";"2007-7-1";1315,5600629288;2007;NA;7;"inversion_extranjera";2026-10-07
"2441";"Inversión extranjera directa (pasivos)";"2007-8-1";972,72560759955;2007;NA;8;"inversion_extranjera";2026-10-07
"2442";"Inversión extranjera directa (pasivos)";"2007-9-1";623,85006040681;2007;NA;9;"inversion_extranjera";2026-10-07
"2443";"Inversión extranjera directa (pasivos)";"2007-10-1";1541,86203570429;2007;NA;10;"inversion_extranjera";2026-10-07
"2444";"Inversión extranjera directa (pasivos)";"2007-11-1";993,351435292845;2007;NA;11;"inversion_extranjera";2026-10-07
"2445";"Inversión extranjera directa (pasivos)";"2007-12-1";-1122,8798130481;2007;NA;12;"inversion_extranjera";2026-10-07
"2446";"Inversión extranjera directa (pasivos)";"2008-1-1";1982,29923996591;2008;NA;1;"inversion_extranjera";2026-10-07
"2447";"Inversión extranjera directa (pasivos)";"2008-2-1";2007,27195363146;2008;NA;2;"inversion_extranjera";2026-10-07
"2448";"Inversión extranjera directa (pasivos)";"2008-3-1";1491,05013836741;2008;NA;3;"inversion_extranjera";2026-10-07
"2449";"Inversión extranjera directa (pasivos)";"2008-4-1";1914,61217656158;2008;NA;4;"inversion_extranjera";2026-10-07
"2450";"Inversión extranjera directa (pasivos)";"2008-5-1";1455,74420392924;2008;NA;5;"inversion_extranjera";2026-10-07
"2451";"Inversión extranjera directa (pasivos)";"2008-6-1";-40,718332621169;2008;NA;6;"inversion_extranjera";2026-10-07
"2452";"Inversión extranjera directa (pasivos)";"2008-7-1";1151,04861624017;2008;NA;7;"inversion_extranjera";2026-10-07
"2453";"Inversión extranjera directa (pasivos)";"2008-8-1";1345,35886108871;2008;NA;8;"inversion_extranjera";2026-10-07
"2454";"Inversión extranjera directa (pasivos)";"2008-9-1";2335,90939301552;2008;NA;9;"inversion_extranjera";2026-10-07
"2455";"Inversión extranjera directa (pasivos)";"2008-10-1";1345,33486404074;2008;NA;10;"inversion_extranjera";2026-10-07
"2456";"Inversión extranjera directa (pasivos)";"2008-11-1";2502,35735383498;2008;NA;11;"inversion_extranjera";2026-10-07
"2457";"Inversión extranjera directa (pasivos)";"2008-12-1";1321,50948331431;2008;NA;12;"inversion_extranjera";2026-10-07
"2458";"Inversión extranjera directa (pasivos)";"2009-1-1";2576,4588002496;2009;NA;1;"inversion_extranjera";2026-10-07
"2459";"Inversión extranjera directa (pasivos)";"2009-2-1";-285,02528911449;2009;NA;2;"inversion_extranjera";2026-10-07
"2460";"Inversión extranjera directa (pasivos)";"2009-3-1";1362,48400859016;2009;NA;3;"inversion_extranjera";2026-10-07
"2461";"Inversión extranjera directa (pasivos)";"2009-4-1";1308,06885936257;2009;NA;4;"inversion_extranjera";2026-10-07
"2462";"Inversión extranjera directa (pasivos)";"2009-5-1";-813,62506529059;2009;NA;5;"inversion_extranjera";2026-10-07
"2463";"Inversión extranjera directa (pasivos)";"2009-6-1";778,810788840626;2009;NA;6;"inversion_extranjera";2026-10-07
"2464";"Inversión extranjera directa (pasivos)";"2009-7-1";1293,13198272229;2009;NA;7;"inversion_extranjera";2026-10-07
"2465";"Inversión extranjera directa (pasivos)";"2009-8-1";1282,92970914773;2009;NA;8;"inversion_extranjera";2026-10-07
"2466";"Inversión extranjera directa (pasivos)";"2009-9-1";521,619866500132;2009;NA;9;"inversion_extranjera";2026-10-07
"2467";"Inversión extranjera directa (pasivos)";"2009-10-1";1099,06160890044;2009;NA;10;"inversion_extranjera";2026-10-07
"2468";"Inversión extranjera directa (pasivos)";"2009-11-1";1066,12626960651;2009;NA;11;"inversion_extranjera";2026-10-07
"2469";"Inversión extranjera directa (pasivos)";"2009-12-1";2560,28045937404;2009;NA;12;"inversion_extranjera";2026-10-07
"2470";"Inversión extranjera directa (pasivos)";"2010-1-1";1947,03666826158;2010;NA;1;"inversion_extranjera";2026-10-07
"2471";"Inversión extranjera directa (pasivos)";"2010-2-1";2079,21779745657;2010;NA;2;"inversion_extranjera";2026-10-07
"2472";"Inversión extranjera directa (pasivos)";"2010-3-1";1107,81846205848;2010;NA;3;"inversion_extranjera";2026-10-07
"2473";"Inversión extranjera directa (pasivos)";"2010-4-1";755,042134103814;2010;NA;4;"inversion_extranjera";2026-10-07
"2474";"Inversión extranjera directa (pasivos)";"2010-5-1";682,637631847059;2010;NA;5;"inversion_extranjera";2026-10-07
"2475";"Inversión extranjera directa (pasivos)";"2010-6-1";376,568989415747;2010;NA;6;"inversion_extranjera";2026-10-07
"2476";"Inversión extranjera directa (pasivos)";"2010-7-1";1785,82039316207;2010;NA;7;"inversion_extranjera";2026-10-07
"2477";"Inversión extranjera directa (pasivos)";"2010-8-1";1971,80388116135;2010;NA;8;"inversion_extranjera";2026-10-07
"2478";"Inversión extranjera directa (pasivos)";"2010-9-1";1729,8976880189;2010;NA;9;"inversion_extranjera";2026-10-07
"2479";"Inversión extranjera directa (pasivos)";"2010-10-1";915,475314269939;2010;NA;10;"inversion_extranjera";2026-10-07
"2480";"Inversión extranjera directa (pasivos)";"2010-11-1";802,642690569443;2010;NA;11;"inversion_extranjera";2026-10-07
"2481";"Inversión extranjera directa (pasivos)";"2010-12-1";695,481506700025;2010;NA;12;"inversion_extranjera";2026-10-07
"2482";"Inversión extranjera directa (pasivos)";"2011-1-1";2458,9054550271;2011;NA;1;"inversion_extranjera";2026-10-07
"2483";"Inversión extranjera directa (pasivos)";"2011-2-1";2102,51561924844;2011;NA;2;"inversion_extranjera";2026-10-07
"2484";"Inversión extranjera directa (pasivos)";"2011-3-1";2276,23934480667;2011;NA;3;"inversion_extranjera";2026-10-07
"2485";"Inversión extranjera directa (pasivos)";"2011-4-1";1213,90303846637;2011;NA;4;"inversion_extranjera";2026-10-07
"2486";"Inversión extranjera directa (pasivos)";"2011-5-1";758,77160427664;2011;NA;5;"inversion_extranjera";2026-10-07
"2487";"Inversión extranjera directa (pasivos)";"2011-6-1";201,092016578778;2011;NA;6;"inversion_extranjera";2026-10-07
"2488";"Inversión extranjera directa (pasivos)";"2011-7-1";1128,62864665936;2011;NA;7;"inversion_extranjera";2026-10-07
"2489";"Inversión extranjera directa (pasivos)";"2011-8-1";1617,31867044847;2011;NA;8;"inversion_extranjera";2026-10-07
"2490";"Inversión extranjera directa (pasivos)";"2011-9-1";1980,19458108916;2011;NA;9;"inversion_extranjera";2026-10-07
"2491";"Inversión extranjera directa (pasivos)";"2011-10-1";2608,45114445065;2011;NA;10;"inversion_extranjera";2026-10-07
"2492";"Inversión extranjera directa (pasivos)";"2011-11-1";8064,90066562834;2011;NA;11;"inversion_extranjera";2026-10-07
"2493";"Inversión extranjera directa (pasivos)";"2011-12-1";1958,54260214733;2011;NA;12;"inversion_extranjera";2026-10-07
"2494";"Inversión extranjera directa (pasivos)";"2012-1-1";1562,62830524535;2012;NA;1;"inversion_extranjera";2026-10-07
"2495";"Inversión extranjera directa (pasivos)";"2012-2-1";1410,81578072495;2012;NA;2;"inversion_extranjera";2026-10-07
"2496";"Inversión extranjera directa (pasivos)";"2012-3-1";1689,45002702828;2012;NA;3;"inversion_extranjera";2026-10-07
"2497";"Inversión extranjera directa (pasivos)";"2012-4-1";2160,07527650477;2012;NA;4;"inversion_extranjera";2026-10-07
"2498";"Inversión extranjera directa (pasivos)";"2012-5-1";2117,04637802815;2012;NA;5;"inversion_extranjera";2026-10-07
"2499";"Inversión extranjera directa (pasivos)";"2012-6-1";3897,53982773139;2012;NA;6;"inversion_extranjera";2026-10-07
"2500";"Inversión extranjera directa (pasivos)";"2012-7-1";1603,14642314922;2012;NA;7;"inversion_extranjera";2026-10-07
"2501";"Inversión extranjera directa (pasivos)";"2012-8-1";2153,89889221172;2012;NA;8;"inversion_extranjera";2026-10-07
"2502";"Inversión extranjera directa (pasivos)";"2012-9-1";3182,7002082999;2012;NA;9;"inversion_extranjera";2026-10-07
"2503";"Inversión extranjera directa (pasivos)";"2012-10-1";3573,41013268253;2012;NA;10;"inversion_extranjera";2026-10-07
"2504";"Inversión extranjera directa (pasivos)";"2012-11-1";3029,26208317094;2012;NA;11;"inversion_extranjera";2026-10-07
"2505";"Inversión extranjera directa (pasivos)";"2012-12-1";5421,99734128365;2012;NA;12;"inversion_extranjera";2026-10-07
"2506";"Inversión extranjera directa (pasivos)";"2013-1-1";1278,30988291723;2013;NA;1;"inversion_extranjera";2026-10-07
"2507";"Inversión extranjera directa (pasivos)";"2013-2-1";1690,85775860681;2013;NA;2;"inversion_extranjera";2026-10-07
"2508";"Inversión extranjera directa (pasivos)";"2013-3-1";4699,83352187367;2013;NA;3;"inversion_extranjera";2026-10-07
"2509";"Inversión extranjera directa (pasivos)";"2013-4-1";-3678,2454292724;2013;NA;4;"inversion_extranjera";2026-10-07
"2510";"Inversión extranjera directa (pasivos)";"2013-5-1";1904,23838217808;2013;NA;5;"inversion_extranjera";2026-10-07
"2511";"Inversión extranjera directa (pasivos)";"2013-6-1";2274,95491262918;2013;NA;6;"inversion_extranjera";2026-10-07
"2512";"Inversión extranjera directa (pasivos)";"2013-7-1";3958,35245912282;2013;NA;7;"inversion_extranjera";2026-10-07
"2513";"Inversión extranjera directa (pasivos)";"2013-8-1";2089,30773865631;2013;NA;8;"inversion_extranjera";2026-10-07
"2514";"Inversión extranjera directa (pasivos)";"2013-9-1";357,519139576409;2013;NA;9;"inversion_extranjera";2026-10-07
"2515";"Inversión extranjera directa (pasivos)";"2013-10-1";2656,65588630274;2013;NA;10;"inversion_extranjera";2026-10-07
"2516";"Inversión extranjera directa (pasivos)";"2013-11-1";1608,00689019747;2013;NA;11;"inversion_extranjera";2026-10-07
"2517";"Inversión extranjera directa (pasivos)";"2013-12-1";2280,96570122971;2013;NA;12;"inversion_extranjera";2026-10-07
"2518";"Inversión extranjera directa (pasivos)";"2014-1-1";1477,89188674283;2014;NA;1;"inversion_extranjera";2026-10-07
"2519";"Inversión extranjera directa (pasivos)";"2014-2-1";2626,88040389601;2014;NA;2;"inversion_extranjera";2026-10-07
"2520";"Inversión extranjera directa (pasivos)";"2014-3-1";1536,22157209779;2014;NA;3;"inversion_extranjera";2026-10-07
"2521";"Inversión extranjera directa (pasivos)";"2014-4-1";2329,19304237194;2014;NA;4;"inversion_extranjera";2026-10-07
"2522";"Inversión extranjera directa (pasivos)";"2014-5-1";307,32338626738;2014;NA;5;"inversion_extranjera";2026-10-07
"2523";"Inversión extranjera directa (pasivos)";"2014-6-1";1818,87672571806;2014;NA;6;"inversion_extranjera";2026-10-07
"2524";"Inversión extranjera directa (pasivos)";"2014-7-1";1221,95297223043;2014;NA;7;"inversion_extranjera";2026-10-07
"2525";"Inversión extranjera directa (pasivos)";"2014-8-1";1564,64691547474;2014;NA;8;"inversion_extranjera";2026-10-07
"2526";"Inversión extranjera directa (pasivos)";"2014-9-1";4704,15789205326;2014;NA;9;"inversion_extranjera";2026-10-07
"2527";"Inversión extranjera directa (pasivos)";"2014-10-1";3045,27928693566;2014;NA;10;"inversion_extranjera";2026-10-07
"2528";"Inversión extranjera directa (pasivos)";"2014-11-1";3375,00031847934;2014;NA;11;"inversion_extranjera";2026-10-07
"2529";"Inversión extranjera directa (pasivos)";"2014-12-1";1520,40744668717;2014;NA;12;"inversion_extranjera";2026-10-07
"2530";"Inversión extranjera directa (pasivos)";"2015-1-1";506,425802441622;2015;NA;1;"inversion_extranjera";2026-10-07
"2531";"Inversión extranjera directa (pasivos)";"2015-2-1";589,266493738173;2015;NA;2;"inversion_extranjera";2026-10-07
"2532";"Inversión extranjera directa (pasivos)";"2015-3-1";1217,72437715568;2015;NA;3;"inversion_extranjera";2026-10-07
"2533";"Inversión extranjera directa (pasivos)";"2015-4-1";290,090557755435;2015;NA;4;"inversion_extranjera";2026-10-07
"2534";"Inversión extranjera directa (pasivos)";"2015-5-1";1273,50314718728;2015;NA;5;"inversion_extranjera";2026-10-07
"2535";"Inversión extranjera directa (pasivos)";"2015-6-1";1587,9376439624;2015;NA;6;"inversion_extranjera";2026-10-07
"2536";"Inversión extranjera directa (pasivos)";"2015-7-1";-288,18036410461;2015;NA;7;"inversion_extranjera";2026-10-07
"2537";"Inversión extranjera directa (pasivos)";"2015-8-1";579,541726052094;2015;NA;8;"inversion_extranjera";2026-10-07
"2538";"Inversión extranjera directa (pasivos)";"2015-9-1";9504,31822704359;2015;NA;9;"inversion_extranjera";2026-10-07
"2539";"Inversión extranjera directa (pasivos)";"2015-10-1";1155,84795676927;2015;NA;10;"inversion_extranjera";2026-10-07
"2540";"Inversión extranjera directa (pasivos)";"2015-11-1";1179,09816044231;2015;NA;11;"inversion_extranjera";2026-10-07
"2541";"Inversión extranjera directa (pasivos)";"2015-12-1";170,711900649386;2015;NA;12;"inversion_extranjera";2026-10-07
"2542";"Inversión extranjera directa (pasivos)";"2016-1-1";1545,99860622748;2016;NA;1;"inversion_extranjera";2026-10-07
"2543";"Inversión extranjera directa (pasivos)";"2016-2-1";857,029450084958;2016;NA;2;"inversion_extranjera";2026-10-07
"2544";"Inversión extranjera directa (pasivos)";"2016-3-1";1596,74690922142;2016;NA;3;"inversion_extranjera";2026-10-07
"2545";"Inversión extranjera directa (pasivos)";"2016-4-1";917,743326455926;2016;NA;4;"inversion_extranjera";2026-10-07
"2546";"Inversión extranjera directa (pasivos)";"2016-5-1";942,51088917217;2016;NA;5;"inversion_extranjera";2026-10-07
"2547";"Inversión extranjera directa (pasivos)";"2016-6-1";959,958049888189;2016;NA;6;"inversion_extranjera";2026-10-07
"2548";"Inversión extranjera directa (pasivos)";"2016-7-1";994,141080504939;2016;NA;7;"inversion_extranjera";2026-10-07
"2549";"Inversión extranjera directa (pasivos)";"2016-8-1";1033,78126615616;2016;NA;8;"inversion_extranjera";2026-10-07
"2550";"Inversión extranjera directa (pasivos)";"2016-9-1";845,008667977733;2016;NA;9;"inversion_extranjera";2026-10-07
"2551";"Inversión extranjera directa (pasivos)";"2016-10-1";1128,65189354208;2016;NA;10;"inversion_extranjera";2026-10-07
"2552";"Inversión extranjera directa (pasivos)";"2016-11-1";484,273450357879;2016;NA;11;"inversion_extranjera";2026-10-07
"2553";"Inversión extranjera directa (pasivos)";"2016-12-1";56,9885729002194;2016;NA;12;"inversion_extranjera";2026-10-07
"2554";"Inversión extranjera directa (pasivos)";"2017-1-1";1250,11525066673;2017;NA;1;"inversion_extranjera";2026-10-07
"2555";"Inversión extranjera directa (pasivos)";"2017-2-1";1127,08836621286;2017;NA;2;"inversion_extranjera";2026-10-07
"2556";"Inversión extranjera directa (pasivos)";"2017-3-1";-123,75027380392;2017;NA;3;"inversion_extranjera";2026-10-07
"2557";"Inversión extranjera directa (pasivos)";"2017-4-1";-1248,9175783992;2017;NA;4;"inversion_extranjera";2026-10-07
"2558";"Inversión extranjera directa (pasivos)";"2017-5-1";668,345299151577;2017;NA;5;"inversion_extranjera";2026-10-07
"2559";"Inversión extranjera directa (pasivos)";"2017-6-1";-154,90116976811;2017;NA;6;"inversion_extranjera";2026-10-07
"2560";"Inversión extranjera directa (pasivos)";"2017-7-1";608,031958138454;2017;NA;7;"inversion_extranjera";2026-10-07
"2561";"Inversión extranjera directa (pasivos)";"2017-8-1";1004,18295912584;2017;NA;8;"inversion_extranjera";2026-10-07
"2562";"Inversión extranjera directa (pasivos)";"2017-9-1";390,321907777516;2017;NA;9;"inversion_extranjera";2026-10-07
"2563";"Inversión extranjera directa (pasivos)";"2017-10-1";1354,81865489122;2017;NA;10;"inversion_extranjera";2026-10-07
"2564";"Inversión extranjera directa (pasivos)";"2017-11-1";501,629420281323;2017;NA;11;"inversion_extranjera";2026-10-07
"2565";"Inversión extranjera directa (pasivos)";"2017-12-1";-139,78127606184;2017;NA;12;"inversion_extranjera";2026-10-07
"2566";"Inversión extranjera directa (pasivos)";"2018-1-1";4301,66839023238;2018;NA;1;"inversion_extranjera";2026-10-07
"2567";"Inversión extranjera directa (pasivos)";"2018-2-1";385,413135086763;2018;NA;2;"inversion_extranjera";2026-10-07
"2568";"Inversión extranjera directa (pasivos)";"2018-3-1";1485,47480212801;2018;NA;3;"inversion_extranjera";2026-10-07
"2569";"Inversión extranjera directa (pasivos)";"2018-4-1";1645,20881416869;2018;NA;4;"inversion_extranjera";2026-10-07
"2570";"Inversión extranjera directa (pasivos)";"2018-5-1";677,305702651135;2018;NA;5;"inversion_extranjera";2026-10-07
"2571";"Inversión extranjera directa (pasivos)";"2018-6-1";-4048,4139469251;2018;NA;6;"inversion_extranjera";2026-10-07
"2572";"Inversión extranjera directa (pasivos)";"2018-7-1";1462,51233740029;2018;NA;7;"inversion_extranjera";2026-10-07
"2573";"Inversión extranjera directa (pasivos)";"2018-8-1";918,954916976738;2018;NA;8;"inversion_extranjera";2026-10-07
"2574";"Inversión extranjera directa (pasivos)";"2018-9-1";301,047546473826;2018;NA;9;"inversion_extranjera";2026-10-07
"2575";"Inversión extranjera directa (pasivos)";"2018-10-1";1429,08819036491;2018;NA;10;"inversion_extranjera";2026-10-07
"2576";"Inversión extranjera directa (pasivos)";"2018-11-1";3840,76608904779;2018;NA;11;"inversion_extranjera";2026-10-07
"2577";"Inversión extranjera directa (pasivos)";"2018-12-1";-4456,3940425566;2018;NA;12;"inversion_extranjera";2026-10-07
"2578";"Inversión extranjera directa (pasivos)";"2019-1-1";1387,16485924519;2019;NA;1;"inversion_extranjera";2026-10-07
"2579";"Inversión extranjera directa (pasivos)";"2019-2-1";-332,87615011046;2019;NA;2;"inversion_extranjera";2026-10-07
"2580";"Inversión extranjera directa (pasivos)";"2019-3-1";1416,56472935199;2019;NA;3;"inversion_extranjera";2026-10-07
"2581";"Inversión extranjera directa (pasivos)";"2019-4-1";3115,50568724783;2019;NA;4;"inversion_extranjera";2026-10-07
"2582";"Inversión extranjera directa (pasivos)";"2019-5-1";-804,25809454152;2019;NA;5;"inversion_extranjera";2026-10-07
"2583";"Inversión extranjera directa (pasivos)";"2019-6-1";2117,33555190486;2019;NA;6;"inversion_extranjera";2026-10-07
"2584";"Inversión extranjera directa (pasivos)";"2019-7-1";2969,07931203184;2019;NA;7;"inversion_extranjera";2026-10-07
"2585";"Inversión extranjera directa (pasivos)";"2019-8-1";417,64050867011;2019;NA;8;"inversion_extranjera";2026-10-07
"2586";"Inversión extranjera directa (pasivos)";"2019-9-1";1478,41755128278;2019;NA;9;"inversion_extranjera";2026-10-07
"2587";"Inversión extranjera directa (pasivos)";"2019-10-1";1367,72538202354;2019;NA;10;"inversion_extranjera";2026-10-07
"2588";"Inversión extranjera directa (pasivos)";"2019-11-1";249,571875244364;2019;NA;11;"inversion_extranjera";2026-10-07
"2589";"Inversión extranjera directa (pasivos)";"2019-12-1";197,219766409375;2019;NA;12;"inversion_extranjera";2026-10-07
"2590";"Inversión extranjera directa (pasivos)";"2020-1-1";4555,22129466307;2020;NA;1;"inversion_extranjera";2026-10-07
"2591";"Inversión extranjera directa (pasivos)";"2020-2-1";419,285726217326;2020;NA;2;"inversion_extranjera";2026-10-07
"2592";"Inversión extranjera directa (pasivos)";"2020-3-1";1762,22780863329;2020;NA;3;"inversion_extranjera";2026-10-07
"2593";"Inversión extranjera directa (pasivos)";"2020-4-1";1026,13838316809;2020;NA;4;"inversion_extranjera";2026-10-07
"2594";"Inversión extranjera directa (pasivos)";"2020-5-1";288,820979864879;2020;NA;5;"inversion_extranjera";2026-10-07
"2595";"Inversión extranjera directa (pasivos)";"2020-6-1";1392,15598040116;2020;NA;6;"inversion_extranjera";2026-10-07
"2596";"Inversión extranjera directa (pasivos)";"2020-7-1";1464,02336441094;2020;NA;7;"inversion_extranjera";2026-10-07
"2597";"Inversión extranjera directa (pasivos)";"2020-8-1";485,413482191673;2020;NA;8;"inversion_extranjera";2026-10-07
"2598";"Inversión extranjera directa (pasivos)";"2020-9-1";-707,87806831937;2020;NA;9;"inversion_extranjera";2026-10-07
"2599";"Inversión extranjera directa (pasivos)";"2020-10-1";1094,18829702597;2020;NA;10;"inversion_extranjera";2026-10-07
"2600";"Inversión extranjera directa (pasivos)";"2020-11-1";300,291687263969;2020;NA;11;"inversion_extranjera";2026-10-07
"2601";"Inversión extranjera directa (pasivos)";"2020-12-1";-632,49164690303;2020;NA;12;"inversion_extranjera";2026-10-07
"2602";"Inversión extranjera directa (pasivos)";"2021-1-1";1124,20465914417;2021;NA;1;"inversion_extranjera";2026-10-07
"2603";"Inversión extranjera directa (pasivos)";"2021-2-1";6398,00065089725;2021;NA;2;"inversion_extranjera";2026-10-07
"2604";"Inversión extranjera directa (pasivos)";"2021-3-1";1939,78798383767;2021;NA;3;"inversion_extranjera";2026-10-07
"2605";"Inversión extranjera directa (pasivos)";"2021-4-1";3347,39594645749;2021;NA;4;"inversion_extranjera";2026-10-07
"2606";"Inversión extranjera directa (pasivos)";"2021-5-1";-788,6943065412;2021;NA;5;"inversion_extranjera";2026-10-07
"2607";"Inversión extranjera directa (pasivos)";"2021-6-1";2323,60656274998;2021;NA;6;"inversion_extranjera";2026-10-07
"2608";"Inversión extranjera directa (pasivos)";"2021-7-1";3448,79561264887;2021;NA;7;"inversion_extranjera";2026-10-07
"2609";"Inversión extranjera directa (pasivos)";"2021-8-1";1412,71673840439;2021;NA;8;"inversion_extranjera";2026-10-07
"2610";"Inversión extranjera directa (pasivos)";"2021-9-1";-799,82677352751;2021;NA;9;"inversion_extranjera";2026-10-07
"2611";"Inversión extranjera directa (pasivos)";"2021-10-1";1596,69636914183;2021;NA;10;"inversion_extranjera";2026-10-07
"2612";"Inversión extranjera directa (pasivos)";"2021-11-1";-3129,1795949985;2021;NA;11;"inversion_extranjera";2026-10-07
"2613";"Inversión extranjera directa (pasivos)";"2021-12-1";-1696,6015296606;2021;NA;12;"inversion_extranjera";2026-10-07
"2614";"Inversión extranjera directa (pasivos)";"2022-1-1";2235,37022674401;2022;NA;1;"inversion_extranjera";2026-10-07
"2615";"Inversión extranjera directa (pasivos)";"2022-2-1";935,071356245615;2022;NA;2;"inversion_extranjera";2026-10-07
"2616";"Inversión extranjera directa (pasivos)";"2022-3-1";2179,38921719292;2022;NA;3;"inversion_extranjera";2026-10-07
"2617";"Inversión extranjera directa (pasivos)";"2022-4-1";3634,63913261559;2022;NA;4;"inversion_extranjera";2026-10-07
"2618";"Inversión extranjera directa (pasivos)";"2022-5-1";1506,71061434845;2022;NA;5;"inversion_extranjera";2026-10-07
"2619";"Inversión extranjera directa (pasivos)";"2022-6-1";816,359950173689;2022;NA;6;"inversion_extranjera";2026-10-07
"2620";"Inversión extranjera directa (pasivos)";"2022-7-1";654,324919009874;2022;NA;7;"inversion_extranjera";2026-10-07
"2621";"Inversión extranjera directa (pasivos)";"2022-8-1";1115,83763004853;2022;NA;8;"inversion_extranjera";2026-10-07
"2622";"Inversión extranjera directa (pasivos)";"2022-9-1";1369,29893500205;2022;NA;9;"inversion_extranjera";2026-10-07
"2623";"Inversión extranjera directa (pasivos)";"2022-10-1";1429,26052659788;2022;NA;10;"inversion_extranjera";2026-10-07
"2624";"Inversión extranjera directa (pasivos)";"2022-11-1";2150,57907012772;2022;NA;11;"inversion_extranjera";2026-10-07
"2625";"Inversión extranjera directa (pasivos)";"2022-12-1";745,148891255254;2022;NA;12;"inversion_extranjera";2026-10-07
"2626";"Inversión extranjera directa (pasivos)";"2023-1-1";1080,37033940675;2023;NA;1;"inversion_extranjera";2026-10-07
"2627";"Inversión extranjera directa (pasivos)";"2023-2-1";1128,37743956807;2023;NA;2;"inversion_extranjera";2026-10-07
"2628";"Inversión extranjera directa (pasivos)";"2023-3-1";1706,54075007656;2023;NA;3;"inversion_extranjera";2026-10-07
"2629";"Inversión extranjera directa (pasivos)";"2023-4-1";3292,9999204121;2023;NA;4;"inversion_extranjera";2026-10-07
"2630";"Inversión extranjera directa (pasivos)";"2023-5-1";1379,68958769042;2023;NA;5;"inversion_extranjera";2026-10-07
"2631";"Inversión extranjera directa (pasivos)";"2023-6-1";2132,95834026435;2023;NA;6;"inversion_extranjera";2026-10-07
"2632";"Inversión extranjera directa (pasivos)";"2023-7-1";2400,42652683469;2023;NA;7;"inversion_extranjera";2026-10-07
"2633";"Inversión extranjera directa (pasivos)";"2023-8-1";2534,98448382196;2023;NA;8;"inversion_extranjera";2026-10-07
"2634";"Inversión extranjera directa (pasivos)";"2023-9-1";1602,75633723354;2023;NA;9;"inversion_extranjera";2026-10-07
"2635";"Inversión extranjera directa (pasivos)";"2023-10-1";1629,64833370651;2023;NA;10;"inversion_extranjera";2026-10-07
"2636";"Inversión extranjera directa (pasivos)";"2023-11-1";1679,5207410524;2023;NA;11;"inversion_extranjera";2026-10-07
"2637";"Inversión extranjera directa (pasivos)";"2023-12-1";-1348,9157731304;2023;NA;12;"inversion_extranjera";2026-10-07
"2638";"Inversión extranjera directa (pasivos)";"2024-1-1";1763,37092107842;2024;NA;1;"inversion_extranjera";2026-10-07
"2639";"Inversión extranjera directa (pasivos)";"2024-2-1";1202,33743843068;2024;NA;2;"inversion_extranjera";2026-10-07
"2640";"Inversión extranjera directa (pasivos)";"2024-3-1";1595,21883234117;2024;NA;3;"inversion_extranjera";2026-10-07
"2641";"Inversión extranjera directa (pasivos)";"2024-4-1";2298,06624623426;2024;NA;4;"inversion_extranjera";2026-10-07
"2642";"Inversión extranjera directa (pasivos)";"2024-5-1";1167,24232154027;2024;NA;5;"inversion_extranjera";2026-10-07
"2643";"Inversión extranjera directa (pasivos)";"2024-6-1";-125,48121014888;2024;NA;6;"inversion_extranjera";2026-10-07
"2644";"Inversión extranjera directa (pasivos)";"2024-7-1";1103,28160442289;2024;NA;7;"inversion_extranjera";2026-10-07
"2645";"Inversión extranjera directa (pasivos)";"2024-8-1";1763,54990553982;2024;NA;8;"inversion_extranjera";2026-10-07
"2646";"Inversión extranjera directa (pasivos)";"2024-9-1";291,40950592493;2024;NA;9;"inversion_extranjera";2026-10-07
"2647";"Inversión extranjera directa (pasivos)";"2024-10-1";446,718762660351;2024;NA;10;"inversion_extranjera";2026-10-07
"2648";"Inversión extranjera directa (pasivos)";"2024-11-1";1406,27601889408;2024;NA;11;"inversion_extranjera";2026-10-07
"2649";"Inversión extranjera directa (pasivos)";"2024-12-1";192,235737803649;2024;NA;12;"inversion_extranjera";2026-10-07
"2650";"Inversión extranjera directa (pasivos)";"2025-1-1";854,345409550114;2025;NA;1;"inversion_extranjera";2026-10-07
"2651";"Inversión extranjera directa (pasivos)";"2025-2-1";1909,31791453963;2025;NA;2;"inversion_extranjera";2026-10-07
"2652";"Inversión extranjera directa (pasivos)";"2025-3-1";678,713591109289;2025;NA;3;"inversion_extranjera";2026-10-07
"2653";"Inversión extranjera directa (pasivos)";"2025-4-1";2045,66126844258;2025;NA;4;"inversion_extranjera";2026-10-07
"2654";"Inversión extranjera directa (pasivos)";"2025-5-1";960,003591399944;2025;NA;5;"inversion_extranjera";2026-10-07
"2655";"Inversión extranjera directa (pasivos)";"2025-6-1";654,156977149304;2025;NA;6;"inversion_extranjera";2026-10-07
"2656";"Inversión extranjera directa (pasivos)";"2025-7-1";1705,63707769709;2025;NA;7;"inversion_extranjera";2026-10-07
"2657";"Inversión extranjera directa (pasivos)";"2025-8-1";863,998572989917;2025;NA;8;"inversion_extranjera";2026-10-07
"2658";"Inversión extranjera directa (pasivos)";"2025-9-1";1133,61540869997;2025;NA;9;"inversion_extranjera";2026-10-07
"2659";"Inversión extranjera directa (pasivos)";"2025-10-1";2142,6421775888;2025;NA;10;"inversion_extranjera";2026-10-07
"2660";"Inversión extranjera directa (pasivos)";"2025-11-1";2135,72595533949;2025;NA;11;"inversion_extranjera";2026-10-07
"2661";"Inversión extranjera directa (pasivos)";"2025-12-1";-570,45178797727;2025;NA;12;"inversion_extranjera";2026-10-07
"2662";"Inversión extranjera directa (pasivos)";"2026-1-1";2134,83164127385;2026;NA;1;"inversion_extranjera";2026-10-07
"2663";"Inversión extranjera directa (pasivos)";"2026-2-1";2509,19425264893;2026;NA;2;"inversion_extranjera";2026-10-07
"2664";"Inversión extranjera directa (pasivos)";"2026-3-1";898,193214630023;2026;NA;3;"inversion_extranjera";2026-10-07
"2665";"Inversión extranjera directa (pasivos)";"2026-4-1";2338,6368377418;2026;NA;4;"inversion_extranjera";2026-10-07
"2666";"Inversión extranjera directa (pasivos)";"2026-5-1";1524,69541978341;2026;NA;5;"inversion_extranjera";2026-10-07
"2667";"Inversión extranjera directa (pasivos)";"2026-6-1";-1280,9320442974;2026;NA;6;"inversion_extranjera";2026-10-07
"2668";"Inversión extranjera directa (pasivos)";"2026-7-1";2002,13334607336;2026;NA;7;"inversion_extranjera";2026-10-07
"2669";"Inversión extranjera directa (pasivos)";"2026-8-1";2228,39181962601;2026;NA;8;"inversion_extranjera";2026-10-07
"2670";"Precio del cobre";"2023-01-03";3,8145;2023;NA;1;"precio_cobre";2026-10-07
"2671";"Precio del cobre";"2023-01-04";3,7942;2023;NA;1;"precio_cobre";2026-10-07
"2672";"Precio del cobre";"2023-01-05";3,768;2023;NA;1;"precio_cobre";2026-10-07
"2673";"Precio del cobre";"2023-01-06";3,7358;2023;NA;1;"precio_cobre";2026-10-07
"2674";"Precio del cobre";"2023-01-07";3,7358;2023;NA;1;"precio_cobre";2026-10-07
"2675";"Precio del cobre";"2023-01-08";3,7358;2023;NA;1;"precio_cobre";2026-10-07
"2676";"Precio del cobre";"2023-01-09";3,7928;2023;NA;1;"precio_cobre";2026-10-07
"2677";"Precio del cobre";"2023-01-10";3,8873;2023;NA;1;"precio_cobre";2026-10-07
"2678";"Precio del cobre";"2023-01-11";4,0066;2023;NA;1;"precio_cobre";2026-10-07
"2679";"Precio del cobre";"2023-01-12";4,0327;2023;NA;1;"precio_cobre";2026-10-07
"2680";"Precio del cobre";"2023-01-13";4,1311;2023;NA;1;"precio_cobre";2026-10-07
"2681";"Precio del cobre";"2023-01-14";4,1311;2023;NA;1;"precio_cobre";2026-10-07
"2682";"Precio del cobre";"2023-01-15";4,1311;2023;NA;1;"precio_cobre";2026-10-07
"2683";"Precio del cobre";"2023-01-16";4,1591;2023;NA;1;"precio_cobre";2026-10-07
"2684";"Precio del cobre";"2023-01-17";4,1588;2023;NA;1;"precio_cobre";2026-10-07
"2685";"Precio del cobre";"2023-01-18";4,1224;2023;NA;1;"precio_cobre";2026-10-07
"2686";"Precio del cobre";"2023-01-19";4,2107;2023;NA;1;"precio_cobre";2026-10-07
"2687";"Precio del cobre";"2023-01-20";4,2302;2023;NA;1;"precio_cobre";2026-10-07
"2688";"Precio del cobre";"2023-01-21";4,2302;2023;NA;1;"precio_cobre";2026-10-07
"2689";"Precio del cobre";"2023-01-22";4,2302;2023;NA;1;"precio_cobre";2026-10-07
"2690";"Precio del cobre";"2023-01-23";4,2189;2023;NA;1;"precio_cobre";2026-10-07
"2691";"Precio del cobre";"2023-01-24";4,222;2023;NA;1;"precio_cobre";2026-10-07
"2692";"Precio del cobre";"2023-01-25";4,2324;2023;NA;1;"precio_cobre";2026-10-07
"2693";"Precio del cobre";"2023-01-26";4,2144;2023;NA;1;"precio_cobre";2026-10-07
"2694";"Precio del cobre";"2023-01-27";4,2137;2023;NA;1;"precio_cobre";2026-10-07
"2695";"Precio del cobre";"2023-01-28";4,2137;2023;NA;1;"precio_cobre";2026-10-07
"2696";"Precio del cobre";"2023-01-29";4,2137;2023;NA;1;"precio_cobre";2026-10-07
"2697";"Precio del cobre";"2023-01-30";4,2214;2023;NA;1;"precio_cobre";2026-10-07
"2698";"Precio del cobre";"2023-01-31";4,1923;2023;NA;1;"precio_cobre";2026-10-07
"2699";"Precio del cobre";"2023-02-01";4,1678;2023;NA;2;"precio_cobre";2026-10-07
"2700";"Precio del cobre";"2023-02-02";4,1729;2023;NA;2;"precio_cobre";2026-10-07
"2701";"Precio del cobre";"2023-02-03";4,1098;2023;NA;2;"precio_cobre";2026-10-07
"2702";"Precio del cobre";"2023-02-04";4,1098;2023;NA;2;"precio_cobre";2026-10-07
"2703";"Precio del cobre";"2023-02-05";4,1098;2023;NA;2;"precio_cobre";2026-10-07
"2704";"Precio del cobre";"2023-02-06";4,0952;2023;NA;2;"precio_cobre";2026-10-07
"2705";"Precio del cobre";"2023-02-07";4,0603;2023;NA;2;"precio_cobre";2026-10-07
"2706";"Precio del cobre";"2023-02-08";4,0089;2023;NA;2;"precio_cobre";2026-10-07
"2707";"Precio del cobre";"2023-02-09";4,0338;2023;NA;2;"precio_cobre";2026-10-07
"2708";"Precio del cobre";"2023-02-10";4,0206;2023;NA;2;"precio_cobre";2026-10-07
"2709";"Precio del cobre";"2023-02-11";4,0206;2023;NA;2;"precio_cobre";2026-10-07
"2710";"Precio del cobre";"2023-02-12";4,0206;2023;NA;2;"precio_cobre";2026-10-07
"2711";"Precio del cobre";"2023-02-13";4,0607;2023;NA;2;"precio_cobre";2026-10-07
"2712";"Precio del cobre";"2023-02-14";4,0047;2023;NA;2;"precio_cobre";2026-10-07
"2713";"Precio del cobre";"2023-02-15";4,0445;2023;NA;2;"precio_cobre";2026-10-07
"2714";"Precio del cobre";"2023-02-16";4,0465;2023;NA;2;"precio_cobre";2026-10-07
"2715";"Precio del cobre";"2023-02-17";4,0038;2023;NA;2;"precio_cobre";2026-10-07
"2716";"Precio del cobre";"2023-02-18";4,0038;2023;NA;2;"precio_cobre";2026-10-07
"2717";"Precio del cobre";"2023-02-19";4,0038;2023;NA;2;"precio_cobre";2026-10-07
"2718";"Precio del cobre";"2023-02-20";4,0785;2023;NA;2;"precio_cobre";2026-10-07
"2719";"Precio del cobre";"2023-02-21";4,0598;2023;NA;2;"precio_cobre";2026-10-07
"2720";"Precio del cobre";"2023-02-22";4,1348;2023;NA;2;"precio_cobre";2026-10-07
"2721";"Precio del cobre";"2023-02-23";4,1656;2023;NA;2;"precio_cobre";2026-10-07
"2722";"Precio del cobre";"2023-02-24";4,1291;2023;NA;2;"precio_cobre";2026-10-07
"2723";"Precio del cobre";"2023-02-25";4,1291;2023;NA;2;"precio_cobre";2026-10-07
"2724";"Precio del cobre";"2023-02-26";4,1291;2023;NA;2;"precio_cobre";2026-10-07
"2725";"Precio del cobre";"2023-02-27";4,0302;2023;NA;2;"precio_cobre";2026-10-07
"2726";"Precio del cobre";"2023-02-28";3,9413;2023;NA;2;"precio_cobre";2026-10-07
"2727";"Precio del cobre";"2023-03-01";3,9839;2023;NA;3;"precio_cobre";2026-10-07
"2728";"Precio del cobre";"2023-03-02";4,0601;2023;NA;3;"precio_cobre";2026-10-07
"2729";"Precio del cobre";"2023-03-03";4,1205;2023;NA;3;"precio_cobre";2026-10-07
"2730";"Precio del cobre";"2023-03-04";4,1205;2023;NA;3;"precio_cobre";2026-10-07
"2731";"Precio del cobre";"2023-03-05";4,1205;2023;NA;3;"precio_cobre";2026-10-07
"2732";"Precio del cobre";"2023-03-06";4,0498;2023;NA;3;"precio_cobre";2026-10-07
"2733";"Precio del cobre";"2023-03-07";4,0617;2023;NA;3;"precio_cobre";2026-10-07
"2734";"Precio del cobre";"2023-03-08";4,034;2023;NA;3;"precio_cobre";2026-10-07
"2735";"Precio del cobre";"2023-03-09";3,9633;2023;NA;3;"precio_cobre";2026-10-07
"2736";"Precio del cobre";"2023-03-10";4,0307;2023;NA;3;"precio_cobre";2026-10-07
"2737";"Precio del cobre";"2023-03-11";4,0307;2023;NA;3;"precio_cobre";2026-10-07
"2738";"Precio del cobre";"2023-03-12";4,0307;2023;NA;3;"precio_cobre";2026-10-07
"2739";"Precio del cobre";"2023-03-13";4,0063;2023;NA;3;"precio_cobre";2026-10-07
"2740";"Precio del cobre";"2023-03-14";4,013;2023;NA;3;"precio_cobre";2026-10-07
"2741";"Precio del cobre";"2023-03-15";4,0453;2023;NA;3;"precio_cobre";2026-10-07
"2742";"Precio del cobre";"2023-03-16";3,9957;2023;NA;3;"precio_cobre";2026-10-07
"2743";"Precio del cobre";"2023-03-17";3,8468;2023;NA;3;"precio_cobre";2026-10-07
"2744";"Precio del cobre";"2023-03-18";3,8468;2023;NA;3;"precio_cobre";2026-10-07
"2745";"Precio del cobre";"2023-03-19";3,8468;2023;NA;3;"precio_cobre";2026-10-07
"2746";"Precio del cobre";"2023-03-20";3,8595;2023;NA;3;"precio_cobre";2026-10-07
"2747";"Precio del cobre";"2023-03-21";3,8888;2023;NA;3;"precio_cobre";2026-10-07
"2748";"Precio del cobre";"2023-03-22";3,9469;2023;NA;3;"precio_cobre";2026-10-07
"2749";"Precio del cobre";"2023-03-23";3,974;2023;NA;3;"precio_cobre";2026-10-07
"2750";"Precio del cobre";"2023-03-24";4,0372;2023;NA;3;"precio_cobre";2026-10-07
"2751";"Precio del cobre";"2023-03-25";4,0372;2023;NA;3;"precio_cobre";2026-10-07
"2752";"Precio del cobre";"2023-03-26";4,0372;2023;NA;3;"precio_cobre";2026-10-07
"2753";"Precio del cobre";"2023-03-27";4,0973;2023;NA;3;"precio_cobre";2026-10-07
"2754";"Precio del cobre";"2023-03-28";4,0423;2023;NA;3;"precio_cobre";2026-10-07
"2755";"Precio del cobre";"2023-03-29";4,0603;2023;NA;3;"precio_cobre";2026-10-07
"2756";"Precio del cobre";"2023-03-30";4,068;2023;NA;3;"precio_cobre";2026-10-07
"2757";"Precio del cobre";"2023-03-31";4,0863;2023;NA;3;"precio_cobre";2026-10-07
"2758";"Precio del cobre";"2023-04-01";4,0863;2023;NA;4;"precio_cobre";2026-10-07
"2759";"Precio del cobre";"2023-04-02";4,0863;2023;NA;4;"precio_cobre";2026-10-07
"2760";"Precio del cobre";"2023-04-03";4,0838;2023;NA;4;"precio_cobre";2026-10-07
"2761";"Precio del cobre";"2023-04-04";4,084;2023;NA;4;"precio_cobre";2026-10-07
"2762";"Precio del cobre";"2023-04-05";4,0447;2023;NA;4;"precio_cobre";2026-10-07
"2763";"Precio del cobre";"2023-04-06";3,9646;2023;NA;4;"precio_cobre";2026-10-07
"2764";"Precio del cobre";"2023-04-07";3,9646;2023;NA;4;"precio_cobre";2026-10-07
"2765";"Precio del cobre";"2023-04-08";3,9646;2023;NA;4;"precio_cobre";2026-10-07
"2766";"Precio del cobre";"2023-04-09";3,9646;2023;NA;4;"precio_cobre";2026-10-07
"2767";"Precio del cobre";"2023-04-10";3,9847;2023;NA;4;"precio_cobre";2026-10-07
"2768";"Precio del cobre";"2023-04-11";3,9947;2023;NA;4;"precio_cobre";2026-10-07
"2769";"Precio del cobre";"2023-04-12";3,9947;2023;NA;4;"precio_cobre";2026-10-07
"2770";"Precio del cobre";"2023-04-13";4,015;2023;NA;4;"precio_cobre";2026-10-07
"2771";"Precio del cobre";"2023-04-14";4,0446;2023;NA;4;"precio_cobre";2026-10-07
"2772";"Precio del cobre";"2023-04-15";4,0446;2023;NA;4;"precio_cobre";2026-10-07
"2773";"Precio del cobre";"2023-04-16";4,0446;2023;NA;4;"precio_cobre";2026-10-07
"2774";"Precio del cobre";"2023-04-17";4,1122;2023;NA;4;"precio_cobre";2026-10-07
"2775";"Precio del cobre";"2023-04-18";4,0961;2023;NA;4;"precio_cobre";2026-10-07
"2776";"Precio del cobre";"2023-04-19";4,0656;2023;NA;4;"precio_cobre";2026-10-07
"2777";"Precio del cobre";"2023-04-20";4,0844;2023;NA;4;"precio_cobre";2026-10-07
"2778";"Precio del cobre";"2023-04-21";4,0587;2023;NA;4;"precio_cobre";2026-10-07
"2779";"Precio del cobre";"2023-04-22";4,0587;2023;NA;4;"precio_cobre";2026-10-07
"2780";"Precio del cobre";"2023-04-23";4,0587;2023;NA;4;"precio_cobre";2026-10-07
"2781";"Precio del cobre";"2023-04-24";4,0213;2023;NA;4;"precio_cobre";2026-10-07
"2782";"Precio del cobre";"2023-04-25";3,9819;2023;NA;4;"precio_cobre";2026-10-07
"2783";"Precio del cobre";"2023-04-26";3,9508;2023;NA;4;"precio_cobre";2026-10-07
"2784";"Precio del cobre";"2023-04-27";3,8583;2023;NA;4;"precio_cobre";2026-10-07
"2785";"Precio del cobre";"2023-04-28";3,8716;2023;NA;4;"precio_cobre";2026-10-07
"2786";"Precio del cobre";"2023-04-29";3,8716;2023;NA;4;"precio_cobre";2026-10-07
"2787";"Precio del cobre";"2023-04-30";3,8716;2023;NA;4;"precio_cobre";2026-10-07
"2788";"Precio del cobre";"2023-05-01";3,8716;2023;NA;5;"precio_cobre";2026-10-07
"2789";"Precio del cobre";"2023-05-02";3,8871;2023;NA;5;"precio_cobre";2026-10-07
"2790";"Precio del cobre";"2023-05-03";3,8905;2023;NA;5;"precio_cobre";2026-10-07
"2791";"Precio del cobre";"2023-05-04";3,851;2023;NA;5;"precio_cobre";2026-10-07
"2792";"Precio del cobre";"2023-05-05";3,8296;2023;NA;5;"precio_cobre";2026-10-07
"2793";"Precio del cobre";"2023-05-06";3,8296;2023;NA;5;"precio_cobre";2026-10-07
"2794";"Precio del cobre";"2023-05-07";3,8296;2023;NA;5;"precio_cobre";2026-10-07
"2795";"Precio del cobre";"2023-05-08";3,844;2023;NA;5;"precio_cobre";2026-10-07
"2796";"Precio del cobre";"2023-05-09";3,8829;2023;NA;5;"precio_cobre";2026-10-07
"2797";"Precio del cobre";"2023-05-10";3,8829;2023;NA;5;"precio_cobre";2026-10-07
"2798";"Precio del cobre";"2023-05-11";3,8838;2023;NA;5;"precio_cobre";2026-10-07
"2799";"Precio del cobre";"2023-05-12";3,8267;2023;NA;5;"precio_cobre";2026-10-07
"2800";"Precio del cobre";"2023-05-13";3,8267;2023;NA;5;"precio_cobre";2026-10-07
"2801";"Precio del cobre";"2023-05-14";3,8267;2023;NA;5;"precio_cobre";2026-10-07
"2802";"Precio del cobre";"2023-05-15";3,6892;2023;NA;5;"precio_cobre";2026-10-07
"2803";"Precio del cobre";"2023-05-16";3,7298;2023;NA;5;"precio_cobre";2026-10-07
"2804";"Precio del cobre";"2023-05-17";3,7278;2023;NA;5;"precio_cobre";2026-10-07
"2805";"Precio del cobre";"2023-05-18";3,6625;2023;NA;5;"precio_cobre";2026-10-07
"2806";"Precio del cobre";"2023-05-19";3,748;2023;NA;5;"precio_cobre";2026-10-07
"2807";"Precio del cobre";"2023-05-20";3,748;2023;NA;5;"precio_cobre";2026-10-07
"2808";"Precio del cobre";"2023-05-21";3,748;2023;NA;5;"precio_cobre";2026-10-07
"2809";"Precio del cobre";"2023-05-22";3,6871;2023;NA;5;"precio_cobre";2026-10-07
"2810";"Precio del cobre";"2023-05-23";3,7199;2023;NA;5;"precio_cobre";2026-10-07
"2811";"Precio del cobre";"2023-05-24";3,6567;2023;NA;5;"precio_cobre";2026-10-07
"2812";"Precio del cobre";"2023-05-25";3,645;2023;NA;5;"precio_cobre";2026-10-07
"2813";"Precio del cobre";"2023-05-26";3,5615;2023;NA;5;"precio_cobre";2026-10-07
"2814";"Precio del cobre";"2023-05-27";3,5615;2023;NA;5;"precio_cobre";2026-10-07
"2815";"Precio del cobre";"2023-05-28";3,5615;2023;NA;5;"precio_cobre";2026-10-07
"2816";"Precio del cobre";"2023-05-29";3,5901;2023;NA;5;"precio_cobre";2026-10-07
"2817";"Precio del cobre";"2023-05-30";3,6769;2023;NA;5;"precio_cobre";2026-10-07
"2818";"Precio del cobre";"2023-05-31";3,6769;2023;NA;5;"precio_cobre";2026-10-07
"2819";"Precio del cobre";"2023-06-01";3,6755;2023;NA;6;"precio_cobre";2026-10-07
"2820";"Precio del cobre";"2023-06-02";3,6605;2023;NA;6;"precio_cobre";2026-10-07
"2821";"Precio del cobre";"2023-06-03";3,6605;2023;NA;6;"precio_cobre";2026-10-07
"2822";"Precio del cobre";"2023-06-04";3,6605;2023;NA;6;"precio_cobre";2026-10-07
"2823";"Precio del cobre";"2023-06-05";3,7376;2023;NA;6;"precio_cobre";2026-10-07
"2824";"Precio del cobre";"2023-06-06";3,7347;2023;NA;6;"precio_cobre";2026-10-07
"2825";"Precio del cobre";"2023-06-07";3,7789;2023;NA;6;"precio_cobre";2026-10-07
"2826";"Precio del cobre";"2023-06-08";3,7803;2023;NA;6;"precio_cobre";2026-10-07
"2827";"Precio del cobre";"2023-06-09";3,7613;2023;NA;6;"precio_cobre";2026-10-07
"2828";"Precio del cobre";"2023-06-10";3,7613;2023;NA;6;"precio_cobre";2026-10-07
"2829";"Precio del cobre";"2023-06-11";3,7613;2023;NA;6;"precio_cobre";2026-10-07
"2830";"Precio del cobre";"2023-06-12";3,7812;2023;NA;6;"precio_cobre";2026-10-07
"2831";"Precio del cobre";"2023-06-13";3,7871;2023;NA;6;"precio_cobre";2026-10-07
"2832";"Precio del cobre";"2023-06-14";3,7567;2023;NA;6;"precio_cobre";2026-10-07
"2833";"Precio del cobre";"2023-06-15";3,8329;2023;NA;6;"precio_cobre";2026-10-07
"2834";"Precio del cobre";"2023-06-16";3,8598;2023;NA;6;"precio_cobre";2026-10-07
"2835";"Precio del cobre";"2023-06-17";3,8598;2023;NA;6;"precio_cobre";2026-10-07
"2836";"Precio del cobre";"2023-06-18";3,8598;2023;NA;6;"precio_cobre";2026-10-07
"2837";"Precio del cobre";"2023-06-19";3,881;2023;NA;6;"precio_cobre";2026-10-07
"2838";"Precio del cobre";"2023-06-20";3,8805;2023;NA;6;"precio_cobre";2026-10-07
"2839";"Precio del cobre";"2023-06-21";3,8805;2023;NA;6;"precio_cobre";2026-10-07
"2840";"Precio del cobre";"2023-06-22";3,8764;2023;NA;6;"precio_cobre";2026-10-07
"2841";"Precio del cobre";"2023-06-23";3,9038;2023;NA;6;"precio_cobre";2026-10-07
"2842";"Precio del cobre";"2023-06-24";3,9038;2023;NA;6;"precio_cobre";2026-10-07
"2843";"Precio del cobre";"2023-06-25";3,9038;2023;NA;6;"precio_cobre";2026-10-07
"2844";"Precio del cobre";"2023-06-26";3,9038;2023;NA;6;"precio_cobre";2026-10-07
"2845";"Precio del cobre";"2023-06-27";3,8915;2023;NA;6;"precio_cobre";2026-10-07
"2846";"Precio del cobre";"2023-06-28";3,8202;2023;NA;6;"precio_cobre";2026-10-07
"2847";"Precio del cobre";"2023-06-29";3,8021;2023;NA;6;"precio_cobre";2026-10-07
"2848";"Precio del cobre";"2023-06-30";3,7465;2023;NA;6;"precio_cobre";2026-10-07
"2849";"Precio del cobre";"2023-07-01";3,7465;2023;NA;7;"precio_cobre";2026-10-07
"2850";"Precio del cobre";"2023-07-02";3,7465;2023;NA;7;"precio_cobre";2026-10-07
"2851";"Precio del cobre";"2023-07-03";3,7091;2023;NA;7;"precio_cobre";2026-10-07
"2852";"Precio del cobre";"2023-07-04";3,7749;2023;NA;7;"precio_cobre";2026-10-07
"2853";"Precio del cobre";"2023-07-05";3,8089;2023;NA;7;"precio_cobre";2026-10-07
"2854";"Precio del cobre";"2023-07-06";3,7857;2023;NA;7;"precio_cobre";2026-10-07
"2855";"Precio del cobre";"2023-07-07";3,7667;2023;NA;7;"precio_cobre";2026-10-07
"2856";"Precio del cobre";"2023-07-08";3,7667;2023;NA;7;"precio_cobre";2026-10-07
"2857";"Precio del cobre";"2023-07-09";3,7667;2023;NA;7;"precio_cobre";2026-10-07
"2858";"Precio del cobre";"2023-07-10";3,7404;2023;NA;7;"precio_cobre";2026-10-07
"2859";"Precio del cobre";"2023-07-11";3,7923;2023;NA;7;"precio_cobre";2026-10-07
"2860";"Precio del cobre";"2023-07-12";3,7905;2023;NA;7;"precio_cobre";2026-10-07
"2861";"Precio del cobre";"2023-07-13";3,7671;2023;NA;7;"precio_cobre";2026-10-07
"2862";"Precio del cobre";"2023-07-14";3,8505;2023;NA;7;"precio_cobre";2026-10-07
"2863";"Precio del cobre";"2023-07-15";3,8505;2023;NA;7;"precio_cobre";2026-10-07
"2864";"Precio del cobre";"2023-07-16";3,8505;2023;NA;7;"precio_cobre";2026-10-07
"2865";"Precio del cobre";"2023-07-17";3,9404;2023;NA;7;"precio_cobre";2026-10-07
"2866";"Precio del cobre";"2023-07-18";3,9289;2023;NA;7;"precio_cobre";2026-10-07
"2867";"Precio del cobre";"2023-07-19";3,8411;2023;NA;7;"precio_cobre";2026-10-07
"2868";"Precio del cobre";"2023-07-20";3,8306;2023;NA;7;"precio_cobre";2026-10-07
"2869";"Precio del cobre";"2023-07-21";3,811;2023;NA;7;"precio_cobre";2026-10-07
"2870";"Precio del cobre";"2023-07-22";3,811;2023;NA;7;"precio_cobre";2026-10-07
"2871";"Precio del cobre";"2023-07-23";3,811;2023;NA;7;"precio_cobre";2026-10-07
"2872";"Precio del cobre";"2023-07-24";3,8378;2023;NA;7;"precio_cobre";2026-10-07
"2873";"Precio del cobre";"2023-07-25";3,8204;2023;NA;7;"precio_cobre";2026-10-07
"2874";"Precio del cobre";"2023-07-26";3,85;2023;NA;7;"precio_cobre";2026-10-07
"2875";"Precio del cobre";"2023-07-27";3,9196;2023;NA;7;"precio_cobre";2026-10-07
"2876";"Precio del cobre";"2023-07-28";3,8906;2023;NA;7;"precio_cobre";2026-10-07
"2877";"Precio del cobre";"2023-07-29";3,8906;2023;NA;7;"precio_cobre";2026-10-07
"2878";"Precio del cobre";"2023-07-30";3,8906;2023;NA;7;"precio_cobre";2026-10-07
"2879";"Precio del cobre";"2023-07-31";3,8683;2023;NA;7;"precio_cobre";2026-10-07
"2880";"Precio del cobre";"2023-08-01";3,9125;2023;NA;8;"precio_cobre";2026-10-07
"2881";"Precio del cobre";"2023-08-02";3,9917;2023;NA;8;"precio_cobre";2026-10-07
"2882";"Precio del cobre";"2023-08-03";3,8983;2023;NA;8;"precio_cobre";2026-10-07
"2883";"Precio del cobre";"2023-08-04";3,8416;2023;NA;8;"precio_cobre";2026-10-07
"2884";"Precio del cobre";"2023-08-05";3,8416;2023;NA;8;"precio_cobre";2026-10-07
"2885";"Precio del cobre";"2023-08-06";3,8416;2023;NA;8;"precio_cobre";2026-10-07
"2886";"Precio del cobre";"2023-08-07";3,8876;2023;NA;8;"precio_cobre";2026-10-07
"2887";"Precio del cobre";"2023-08-08";3,8661;2023;NA;8;"precio_cobre";2026-10-07
"2888";"Precio del cobre";"2023-08-09";3,8266;2023;NA;8;"precio_cobre";2026-10-07
"2889";"Precio del cobre";"2023-08-10";3,7662;2023;NA;8;"precio_cobre";2026-10-07
"2890";"Precio del cobre";"2023-08-11";3,7935;2023;NA;8;"precio_cobre";2026-10-07
"2891";"Precio del cobre";"2023-08-12";3,7935;2023;NA;8;"precio_cobre";2026-10-07
"2892";"Precio del cobre";"2023-08-13";3,7935;2023;NA;8;"precio_cobre";2026-10-07
"2893";"Precio del cobre";"2023-08-14";3,787;2023;NA;8;"precio_cobre";2026-10-07
"2894";"Precio del cobre";"2023-08-15";3,787;2023;NA;8;"precio_cobre";2026-10-07
"2895";"Precio del cobre";"2023-08-16";3,7447;2023;NA;8;"precio_cobre";2026-10-07
"2896";"Precio del cobre";"2023-08-17";3,6939;2023;NA;8;"precio_cobre";2026-10-07
"2897";"Precio del cobre";"2023-08-18";3,6811;2023;NA;8;"precio_cobre";2026-10-07
"2898";"Precio del cobre";"2023-08-19";3,6811;2023;NA;8;"precio_cobre";2026-10-07
"2899";"Precio del cobre";"2023-08-20";3,6811;2023;NA;8;"precio_cobre";2026-10-07
"2900";"Precio del cobre";"2023-08-21";3,7199;2023;NA;8;"precio_cobre";2026-10-07
"2901";"Precio del cobre";"2023-08-22";3,7257;2023;NA;8;"precio_cobre";2026-10-07
"2902";"Precio del cobre";"2023-08-23";3,7372;2023;NA;8;"precio_cobre";2026-10-07
"2903";"Precio del cobre";"2023-08-24";3,7788;2023;NA;8;"precio_cobre";2026-10-07
"2904";"Precio del cobre";"2023-08-25";3,8212;2023;NA;8;"precio_cobre";2026-10-07
"2905";"Precio del cobre";"2023-08-26";3,8212;2023;NA;8;"precio_cobre";2026-10-07
"2906";"Precio del cobre";"2023-08-27";3,8212;2023;NA;8;"precio_cobre";2026-10-07
"2907";"Precio del cobre";"2023-08-28";3,7769;2023;NA;8;"precio_cobre";2026-10-07
"2908";"Precio del cobre";"2023-08-29";3,7736;2023;NA;8;"precio_cobre";2026-10-07
"2909";"Precio del cobre";"2023-08-30";3,7736;2023;NA;8;"precio_cobre";2026-10-07
"2910";"Precio del cobre";"2023-08-31";3,8152;2023;NA;8;"precio_cobre";2026-10-07
"2911";"Precio del cobre";"2023-09-01";3,8309;2023;NA;9;"precio_cobre";2026-10-07
"2912";"Precio del cobre";"2023-09-02";3,8309;2023;NA;9;"precio_cobre";2026-10-07
"2913";"Precio del cobre";"2023-09-03";3,8309;2023;NA;9;"precio_cobre";2026-10-07
"2914";"Precio del cobre";"2023-09-04";3,8123;2023;NA;9;"precio_cobre";2026-10-07
"2915";"Precio del cobre";"2023-09-05";3,8462;2023;NA;9;"precio_cobre";2026-10-07
"2916";"Precio del cobre";"2023-09-06";3,8271;2023;NA;9;"precio_cobre";2026-10-07
"2917";"Precio del cobre";"2023-09-07";3,8476;2023;NA;9;"precio_cobre";2026-10-07
"2918";"Precio del cobre";"2023-09-08";3,7915;2023;NA;9;"precio_cobre";2026-10-07
"2919";"Precio del cobre";"2023-09-09";3,7915;2023;NA;9;"precio_cobre";2026-10-07
"2920";"Precio del cobre";"2023-09-10";3,7915;2023;NA;9;"precio_cobre";2026-10-07
"2921";"Precio del cobre";"2023-09-11";3,7691;2023;NA;9;"precio_cobre";2026-10-07
"2922";"Precio del cobre";"2023-09-12";3,7326;2023;NA;9;"precio_cobre";2026-10-07
"2923";"Precio del cobre";"2023-09-13";3,7991;2023;NA;9;"precio_cobre";2026-10-07
"2924";"Precio del cobre";"2023-09-14";3,7955;2023;NA;9;"precio_cobre";2026-10-07
"2925";"Precio del cobre";"2023-09-15";3,8091;2023;NA;9;"precio_cobre";2026-10-07
"2926";"Precio del cobre";"2023-09-16";3,8091;2023;NA;9;"precio_cobre";2026-10-07
"2927";"Precio del cobre";"2023-09-17";3,8091;2023;NA;9;"precio_cobre";2026-10-07
"2928";"Precio del cobre";"2023-09-18";3,8091;2023;NA;9;"precio_cobre";2026-10-07
"2929";"Precio del cobre";"2023-09-19";3,8091;2023;NA;9;"precio_cobre";2026-10-07
"2930";"Precio del cobre";"2023-09-20";3,7976;2023;NA;9;"precio_cobre";2026-10-07
"2931";"Precio del cobre";"2023-09-21";3,7347;2023;NA;9;"precio_cobre";2026-10-07
"2932";"Precio del cobre";"2023-09-22";3,7565;2023;NA;9;"precio_cobre";2026-10-07
"2933";"Precio del cobre";"2023-09-23";3,7565;2023;NA;9;"precio_cobre";2026-10-07
"2934";"Precio del cobre";"2023-09-24";3,7565;2023;NA;9;"precio_cobre";2026-10-07
"2935";"Precio del cobre";"2023-09-25";3,6876;2023;NA;9;"precio_cobre";2026-10-07
"2936";"Precio del cobre";"2023-09-26";3,7021;2023;NA;9;"precio_cobre";2026-10-07
"2937";"Precio del cobre";"2023-09-27";3,663;2023;NA;9;"precio_cobre";2026-10-07
"2938";"Precio del cobre";"2023-09-28";3,6443;2023;NA;9;"precio_cobre";2026-10-07
"2939";"Precio del cobre";"2023-09-29";3,6544;2023;NA;9;"precio_cobre";2026-10-07
"2940";"Precio del cobre";"2023-09-30";3,6544;2023;NA;9;"precio_cobre";2026-10-07
"2941";"Precio del cobre";"2023-10-01";3,6544;2023;NA;10;"precio_cobre";2026-10-07
"2942";"Precio del cobre";"2023-10-02";3,7045;2023;NA;10;"precio_cobre";2026-10-07
"2943";"Precio del cobre";"2023-10-03";3,7252;2023;NA;10;"precio_cobre";2026-10-07
"2944";"Precio del cobre";"2023-10-04";3,6188;2023;NA;10;"precio_cobre";2026-10-07
"2945";"Precio del cobre";"2023-10-05";3,5966;2023;NA;10;"precio_cobre";2026-10-07
"2946";"Precio del cobre";"2023-10-06";3,5721;2023;NA;10;"precio_cobre";2026-10-07
"2947";"Precio del cobre";"2023-10-07";3,5721;2023;NA;10;"precio_cobre";2026-10-07
"2948";"Precio del cobre";"2023-10-08";3,5721;2023;NA;10;"precio_cobre";2026-10-07
"2949";"Precio del cobre";"2023-10-09";3,5721;2023;NA;10;"precio_cobre";2026-10-07
"2950";"Precio del cobre";"2023-10-10";3,5488;2023;NA;10;"precio_cobre";2026-10-07
"2951";"Precio del cobre";"2023-10-11";3,6466;2023;NA;10;"precio_cobre";2026-10-07
"2952";"Precio del cobre";"2023-10-12";3,6038;2023;NA;10;"precio_cobre";2026-10-07
"2953";"Precio del cobre";"2023-10-13";3,6045;2023;NA;10;"precio_cobre";2026-10-07
"2954";"Precio del cobre";"2023-10-14";3,6045;2023;NA;10;"precio_cobre";2026-10-07
"2955";"Precio del cobre";"2023-10-15";3,6045;2023;NA;10;"precio_cobre";2026-10-07
"2956";"Precio del cobre";"2023-10-16";3,5906;2023;NA;10;"precio_cobre";2026-10-07
"2957";"Precio del cobre";"2023-10-17";3,5724;2023;NA;10;"precio_cobre";2026-10-07
"2958";"Precio del cobre";"2023-10-18";3,5904;2023;NA;10;"precio_cobre";2026-10-07
"2959";"Precio del cobre";"2023-10-19";3,5847;2023;NA;10;"precio_cobre";2026-10-07
"2960";"Precio del cobre";"2023-10-20";3,5841;2023;NA;10;"precio_cobre";2026-10-07
"2961";"Precio del cobre";"2023-10-21";3,5841;2023;NA;10;"precio_cobre";2026-10-07
"2962";"Precio del cobre";"2023-10-22";3,5841;2023;NA;10;"precio_cobre";2026-10-07
"2963";"Precio del cobre";"2023-10-23";3,5961;2023;NA;10;"precio_cobre";2026-10-07
"2964";"Precio del cobre";"2023-10-24";3,5742;2023;NA;10;"precio_cobre";2026-10-07
"2965";"Precio del cobre";"2023-10-25";3,5838;2023;NA;10;"precio_cobre";2026-10-07
"2966";"Precio del cobre";"2023-10-26";3,622;2023;NA;10;"precio_cobre";2026-10-07
"2967";"Precio del cobre";"2023-10-27";3,622;2023;NA;10;"precio_cobre";2026-10-07
"2968";"Precio del cobre";"2023-10-28";3,622;2023;NA;10;"precio_cobre";2026-10-07
"2969";"Precio del cobre";"2023-10-29";3,622;2023;NA;10;"precio_cobre";2026-10-07
"2970";"Precio del cobre";"2023-10-30";3,61;2023;NA;10;"precio_cobre";2026-10-07
"2971";"Precio del cobre";"2023-10-31";3,6424;2023;NA;10;"precio_cobre";2026-10-07
"2972";"Precio del cobre";"2023-11-01";3,6424;2023;NA;11;"precio_cobre";2026-10-07
"2973";"Precio del cobre";"2023-11-02";3,66;2023;NA;11;"precio_cobre";2026-10-07
"2974";"Precio del cobre";"2023-11-03";3,6424;2023;NA;11;"precio_cobre";2026-10-07
"2975";"Precio del cobre";"2023-11-04";3,6424;2023;NA;11;"precio_cobre";2026-10-07
"2976";"Precio del cobre";"2023-11-05";3,6424;2023;NA;11;"precio_cobre";2026-10-07
"2977";"Precio del cobre";"2023-11-06";3,6578;2023;NA;11;"precio_cobre";2026-10-07
"2978";"Precio del cobre";"2023-11-07";3,6722;2023;NA;11;"precio_cobre";2026-10-07
"2979";"Precio del cobre";"2023-11-08";3,7003;2023;NA;11;"precio_cobre";2026-10-07
"2980";"Precio del cobre";"2023-11-09";3,6746;2023;NA;11;"precio_cobre";2026-10-07
"2981";"Precio del cobre";"2023-11-10";3,6553;2023;NA;11;"precio_cobre";2026-10-07
"2982";"Precio del cobre";"2023-11-11";3,6553;2023;NA;11;"precio_cobre";2026-10-07
"2983";"Precio del cobre";"2023-11-12";3,6553;2023;NA;11;"precio_cobre";2026-10-07
"2984";"Precio del cobre";"2023-11-13";3,6597;2023;NA;11;"precio_cobre";2026-10-07
"2985";"Precio del cobre";"2023-11-14";3,6082;2023;NA;11;"precio_cobre";2026-10-07
"2986";"Precio del cobre";"2023-11-15";3,6656;2023;NA;11;"precio_cobre";2026-10-07
"2987";"Precio del cobre";"2023-11-16";3,6941;2023;NA;11;"precio_cobre";2026-10-07
"2988";"Precio del cobre";"2023-11-17";3,7069;2023;NA;11;"precio_cobre";2026-10-07
"2989";"Precio del cobre";"2023-11-18";3,7069;2023;NA;11;"precio_cobre";2026-10-07
"2990";"Precio del cobre";"2023-11-19";3,7069;2023;NA;11;"precio_cobre";2026-10-07
"2991";"Precio del cobre";"2023-11-20";3,6841;2023;NA;11;"precio_cobre";2026-10-07
"2992";"Precio del cobre";"2023-11-21";3,7051;2023;NA;11;"precio_cobre";2026-10-07
"2993";"Precio del cobre";"2023-11-22";3,7831;2023;NA;11;"precio_cobre";2026-10-07
"2994";"Precio del cobre";"2023-11-23";3,7889;2023;NA;11;"precio_cobre";2026-10-07
"2995";"Precio del cobre";"2023-11-24";3,7435;2023;NA;11;"precio_cobre";2026-10-07
"2996";"Precio del cobre";"2023-11-25";3,7435;2023;NA;11;"precio_cobre";2026-10-07
"2997";"Precio del cobre";"2023-11-26";3,7435;2023;NA;11;"precio_cobre";2026-10-07
"2998";"Precio del cobre";"2023-11-27";3,7678;2023;NA;11;"precio_cobre";2026-10-07
"2999";"Precio del cobre";"2023-11-28";3,7783;2023;NA;11;"precio_cobre";2026-10-07
"3000";"Precio del cobre";"2023-11-29";3,7464;2023;NA;11;"precio_cobre";2026-10-07
"3001";"Precio del cobre";"2023-11-30";3,8047;2023;NA;11;"precio_cobre";2026-10-07
"3002";"Precio del cobre";"2023-12-01";3,7814;2023;NA;12;"precio_cobre";2026-10-07
"3003";"Precio del cobre";"2023-12-02";3,7814;2023;NA;12;"precio_cobre";2026-10-07
"3004";"Precio del cobre";"2023-12-03";3,7814;2023;NA;12;"precio_cobre";2026-10-07
"3005";"Precio del cobre";"2023-12-04";3,8045;2023;NA;12;"precio_cobre";2026-10-07
"3006";"Precio del cobre";"2023-12-05";3,873;2023;NA;12;"precio_cobre";2026-10-07
"3007";"Precio del cobre";"2023-12-06";3,7933;2023;NA;12;"precio_cobre";2026-10-07
"3008";"Precio del cobre";"2023-12-07";3,7434;2023;NA;12;"precio_cobre";2026-10-07
"3009";"Precio del cobre";"2023-12-08";3,7434;2023;NA;12;"precio_cobre";2026-10-07
"3010";"Precio del cobre";"2023-12-09";3,7434;2023;NA;12;"precio_cobre";2026-10-07
"3011";"Precio del cobre";"2023-12-10";3,7434;2023;NA;12;"precio_cobre";2026-10-07
"3012";"Precio del cobre";"2023-12-11";3,7201;2023;NA;12;"precio_cobre";2026-10-07
"3013";"Precio del cobre";"2023-12-12";3,7949;2023;NA;12;"precio_cobre";2026-10-07
"3014";"Precio del cobre";"2023-12-13";3,7418;2023;NA;12;"precio_cobre";2026-10-07
"3015";"Precio del cobre";"2023-12-14";3,7466;2023;NA;12;"precio_cobre";2026-10-07
"3016";"Precio del cobre";"2023-12-15";3,7365;2023;NA;12;"precio_cobre";2026-10-07
"3017";"Precio del cobre";"2023-12-16";3,7365;2023;NA;12;"precio_cobre";2026-10-07
"3018";"Precio del cobre";"2023-12-17";3,7365;2023;NA;12;"precio_cobre";2026-10-07
"3019";"Precio del cobre";"2023-12-18";3,8377;2023;NA;12;"precio_cobre";2026-10-07
"3020";"Precio del cobre";"2023-12-19";3,835;2023;NA;12;"precio_cobre";2026-10-07
"3021";"Precio del cobre";"2023-12-20";3,8074;2023;NA;12;"precio_cobre";2026-10-07
"3022";"Precio del cobre";"2023-12-21";3,8558;2023;NA;12;"precio_cobre";2026-10-07
"3023";"Precio del cobre";"2023-12-22";3,8504;2023;NA;12;"precio_cobre";2026-10-07
"3024";"Precio del cobre";"2023-12-23";3,8504;2023;NA;12;"precio_cobre";2026-10-07
"3025";"Precio del cobre";"2023-12-24";3,8504;2023;NA;12;"precio_cobre";2026-10-07
"3026";"Precio del cobre";"2023-12-25";3,8504;2023;NA;12;"precio_cobre";2026-10-07
"3027";"Precio del cobre";"2023-12-26";3,8594;2023;NA;12;"precio_cobre";2026-10-07
"3028";"Precio del cobre";"2023-12-27";3,8481;2023;NA;12;"precio_cobre";2026-10-07
"3029";"Precio del cobre";"2023-12-28";3,8481;2023;NA;12;"precio_cobre";2026-10-07
"3030";"Precio del cobre";"2023-12-29";3,8959;2023;NA;12;"precio_cobre";2026-10-07
"3031";"Precio del cobre";"2024-01-02";3,8693;2024;NA;1;"precio_cobre";2026-10-07
"3032";"Precio del cobre";"2024-01-03";3,8392;2024;NA;1;"precio_cobre";2026-10-07
"3033";"Precio del cobre";"2024-01-04";3,8286;2024;NA;1;"precio_cobre";2026-10-07
"3034";"Precio del cobre";"2024-01-05";3,8186;2024;NA;1;"precio_cobre";2026-10-07
"3035";"Precio del cobre";"2024-01-06";3,8186;2024;NA;1;"precio_cobre";2026-10-07
"3036";"Precio del cobre";"2024-01-07";3,8186;2024;NA;1;"precio_cobre";2026-10-07
"3037";"Precio del cobre";"2024-01-08";3,7956;2024;NA;1;"precio_cobre";2026-10-07
"3038";"Precio del cobre";"2024-01-09";3,7925;2024;NA;1;"precio_cobre";2026-10-07
"3039";"Precio del cobre";"2024-01-10";3,7829;2024;NA;1;"precio_cobre";2026-10-07
"3040";"Precio del cobre";"2024-01-11";3,7483;2024;NA;1;"precio_cobre";2026-10-07
"3041";"Precio del cobre";"2024-01-12";3,7508;2024;NA;1;"precio_cobre";2026-10-07
"3042";"Precio del cobre";"2024-01-13";3,7508;2024;NA;1;"precio_cobre";2026-10-07
"3043";"Precio del cobre";"2024-01-14";3,7508;2024;NA;1;"precio_cobre";2026-10-07
"3044";"Precio del cobre";"2024-01-15";3,7477;2024;NA;1;"precio_cobre";2026-10-07
"3045";"Precio del cobre";"2024-01-16";3,7382;2024;NA;1;"precio_cobre";2026-10-07
"3046";"Precio del cobre";"2024-01-17";3,7576;2024;NA;1;"precio_cobre";2026-10-07
"3047";"Precio del cobre";"2024-01-18";3,7503;2024;NA;1;"precio_cobre";2026-10-07
"3048";"Precio del cobre";"2024-01-19";3,7078;2024;NA;1;"precio_cobre";2026-10-07
"3049";"Precio del cobre";"2024-01-20";3,7078;2024;NA;1;"precio_cobre";2026-10-07
"3050";"Precio del cobre";"2024-01-21";3,7078;2024;NA;1;"precio_cobre";2026-10-07
"3051";"Precio del cobre";"2024-01-22";3,7303;2024;NA;1;"precio_cobre";2026-10-07
"3052";"Precio del cobre";"2024-01-23";3,752;2024;NA;1;"precio_cobre";2026-10-07
"3053";"Precio del cobre";"2024-01-24";3,7442;2024;NA;1;"precio_cobre";2026-10-07
"3054";"Precio del cobre";"2024-01-25";3,7703;2024;NA;1;"precio_cobre";2026-10-07
"3055";"Precio del cobre";"2024-01-26";3,8431;2024;NA;1;"precio_cobre";2026-10-07
"3056";"Precio del cobre";"2024-01-27";3,8431;2024;NA;1;"precio_cobre";2026-10-07
"3057";"Precio del cobre";"2024-01-28";3,8431;2024;NA;1;"precio_cobre";2026-10-07
"3058";"Precio del cobre";"2024-01-29";3,8454;2024;NA;1;"precio_cobre";2026-10-07
"3059";"Precio del cobre";"2024-01-30";3,832;2024;NA;1;"precio_cobre";2026-10-07
"3060";"Precio del cobre";"2024-01-31";3,8352;2024;NA;1;"precio_cobre";2026-10-07
"3061";"Precio del cobre";"2024-02-01";3,8609;2024;NA;2;"precio_cobre";2026-10-07
"3062";"Precio del cobre";"2024-02-02";3,8558;2024;NA;2;"precio_cobre";2026-10-07
"3063";"Precio del cobre";"2024-02-03";3,8558;2024;NA;2;"precio_cobre";2026-10-07
"3064";"Precio del cobre";"2024-02-04";3,8558;2024;NA;2;"precio_cobre";2026-10-07
"3065";"Precio del cobre";"2024-02-05";3,8218;2024;NA;2;"precio_cobre";2026-10-07
"3066";"Precio del cobre";"2024-02-06";3,7986;2024;NA;2;"precio_cobre";2026-10-07
"3067";"Precio del cobre";"2024-02-07";3,7409;2024;NA;2;"precio_cobre";2026-10-07
"3068";"Precio del cobre";"2024-02-08";3,7618;2024;NA;2;"precio_cobre";2026-10-07
"3069";"Precio del cobre";"2024-02-09";3,7189;2024;NA;2;"precio_cobre";2026-10-07
"3070";"Precio del cobre";"2024-02-10";3,7189;2024;NA;2;"precio_cobre";2026-10-07
"3071";"Precio del cobre";"2024-02-11";3,7189;2024;NA;2;"precio_cobre";2026-10-07
"3072";"Precio del cobre";"2024-02-12";3,6673;2024;NA;2;"precio_cobre";2026-10-07
"3073";"Precio del cobre";"2024-02-13";3,6583;2024;NA;2;"precio_cobre";2026-10-07
"3074";"Precio del cobre";"2024-02-14";3,6871;2024;NA;2;"precio_cobre";2026-10-07
"3075";"Precio del cobre";"2024-02-15";3,6993;2024;NA;2;"precio_cobre";2026-10-07
"3076";"Precio del cobre";"2024-02-16";3,6728;2024;NA;2;"precio_cobre";2026-10-07
"3077";"Precio del cobre";"2024-02-17";3,6728;2024;NA;2;"precio_cobre";2026-10-07
"3078";"Precio del cobre";"2024-02-18";3,6728;2024;NA;2;"precio_cobre";2026-10-07
"3079";"Precio del cobre";"2024-02-19";3,7299;2024;NA;2;"precio_cobre";2026-10-07
"3080";"Precio del cobre";"2024-02-20";3,8144;2024;NA;2;"precio_cobre";2026-10-07
"3081";"Precio del cobre";"2024-02-21";3,7891;2024;NA;2;"precio_cobre";2026-10-07
"3082";"Precio del cobre";"2024-02-22";3,8211;2024;NA;2;"precio_cobre";2026-10-07
"3083";"Precio del cobre";"2024-02-23";3,8358;2024;NA;2;"precio_cobre";2026-10-07
"3084";"Precio del cobre";"2024-02-24";3,8358;2024;NA;2;"precio_cobre";2026-10-07
"3085";"Precio del cobre";"2024-02-25";3,8358;2024;NA;2;"precio_cobre";2026-10-07
"3086";"Precio del cobre";"2024-02-26";3,8553;2024;NA;2;"precio_cobre";2026-10-07
"3087";"Precio del cobre";"2024-02-27";3,8442;2024;NA;2;"precio_cobre";2026-10-07
"3088";"Precio del cobre";"2024-02-28";3,7928;2024;NA;2;"precio_cobre";2026-10-07
"3089";"Precio del cobre";"2024-02-29";3,799;2024;NA;2;"precio_cobre";2026-10-07
"3090";"Precio del cobre";"2024-03-01";3,7897;2024;NA;3;"precio_cobre";2026-10-07
"3091";"Precio del cobre";"2024-03-02";3,7897;2024;NA;3;"precio_cobre";2026-10-07
"3092";"Precio del cobre";"2024-03-03";3,7897;2024;NA;3;"precio_cobre";2026-10-07
"3093";"Precio del cobre";"2024-03-04";3,8109;2024;NA;3;"precio_cobre";2026-10-07
"3094";"Precio del cobre";"2024-03-05";3,8175;2024;NA;3;"precio_cobre";2026-10-07
"3095";"Precio del cobre";"2024-03-06";3,8356;2024;NA;3;"precio_cobre";2026-10-07
"3096";"Precio del cobre";"2024-03-07";3,8106;2024;NA;3;"precio_cobre";2026-10-07
"3097";"Precio del cobre";"2024-03-08";3,8484;2024;NA;3;"precio_cobre";2026-10-07
"3098";"Precio del cobre";"2024-03-09";3,8484;2024;NA;3;"precio_cobre";2026-10-07
"3099";"Precio del cobre";"2024-03-10";3,8484;2024;NA;3;"precio_cobre";2026-10-07
"3100";"Precio del cobre";"2024-03-11";3,8767;2024;NA;3;"precio_cobre";2026-10-07
"3101";"Precio del cobre";"2024-03-12";3,8498;2024;NA;3;"precio_cobre";2026-10-07
"3102";"Precio del cobre";"2024-03-13";3,8826;2024;NA;3;"precio_cobre";2026-10-07
"3103";"Precio del cobre";"2024-03-14";3,8831;2024;NA;3;"precio_cobre";2026-10-07
"3104";"Precio del cobre";"2024-03-15";4,0068;2024;NA;3;"precio_cobre";2026-10-07
"3105";"Precio del cobre";"2024-03-16";4,0068;2024;NA;3;"precio_cobre";2026-10-07
"3106";"Precio del cobre";"2024-03-17";4,0068;2024;NA;3;"precio_cobre";2026-10-07
"3107";"Precio del cobre";"2024-03-18";3,9841;2024;NA;3;"precio_cobre";2026-10-07
"3108";"Precio del cobre";"2024-03-19";4,0681;2024;NA;3;"precio_cobre";2026-10-07
"3109";"Precio del cobre";"2024-03-20";4,0761;2024;NA;3;"precio_cobre";2026-10-07
"3110";"Precio del cobre";"2024-03-21";4,0238;2024;NA;3;"precio_cobre";2026-10-07
"3111";"Precio del cobre";"2024-03-22";4,0002;2024;NA;3;"precio_cobre";2026-10-07
"3112";"Precio del cobre";"2024-03-23";4,0002;2024;NA;3;"precio_cobre";2026-10-07
"3113";"Precio del cobre";"2024-03-24";4,0002;2024;NA;3;"precio_cobre";2026-10-07
"3114";"Precio del cobre";"2024-03-25";4,0087;2024;NA;3;"precio_cobre";2026-10-07
"3115";"Precio del cobre";"2024-03-26";3,9717;2024;NA;3;"precio_cobre";2026-10-07
"3116";"Precio del cobre";"2024-03-27";3,9724;2024;NA;3;"precio_cobre";2026-10-07
"3117";"Precio del cobre";"2024-03-28";3,9683;2024;NA;3;"precio_cobre";2026-10-07
"3118";"Precio del cobre";"2024-03-29";3,9683;2024;NA;3;"precio_cobre";2026-10-07
"3119";"Precio del cobre";"2024-03-30";3,9683;2024;NA;3;"precio_cobre";2026-10-07
"3120";"Precio del cobre";"2024-03-31";3,9683;2024;NA;3;"precio_cobre";2026-10-07
"3121";"Precio del cobre";"2024-04-01";3,9664;2024;NA;4;"precio_cobre";2026-10-07
"3122";"Precio del cobre";"2024-04-02";3,9765;2024;NA;4;"precio_cobre";2026-10-07
"3123";"Precio del cobre";"2024-04-03";3,9765;2024;NA;4;"precio_cobre";2026-10-07
"3124";"Precio del cobre";"2024-04-04";4,0316;2024;NA;4;"precio_cobre";2026-10-07
"3125";"Precio del cobre";"2024-04-05";4,1507;2024;NA;4;"precio_cobre";2026-10-07
"3126";"Precio del cobre";"2024-04-06";4,1507;2024;NA;4;"precio_cobre";2026-10-07
"3127";"Precio del cobre";"2024-04-07";4,1507;2024;NA;4;"precio_cobre";2026-10-07
"3128";"Precio del cobre";"2024-04-08";4,1922;2024;NA;4;"precio_cobre";2026-10-07
"3129";"Precio del cobre";"2024-04-09";4,1769;2024;NA;4;"precio_cobre";2026-10-07
"3130";"Precio del cobre";"2024-04-10";4,2101;2024;NA;4;"precio_cobre";2026-10-07
"3131";"Precio del cobre";"2024-04-11";4,2107;2024;NA;4;"precio_cobre";2026-10-07
"3132";"Precio del cobre";"2024-04-12";4,1914;2024;NA;4;"precio_cobre";2026-10-07
"3133";"Precio del cobre";"2024-04-13";4,1914;2024;NA;4;"precio_cobre";2026-10-07
"3134";"Precio del cobre";"2024-04-14";4,1914;2024;NA;4;"precio_cobre";2026-10-07
"3135";"Precio del cobre";"2024-04-15";4,1776;2024;NA;4;"precio_cobre";2026-10-07
"3136";"Precio del cobre";"2024-04-16";4,2335;2024;NA;4;"precio_cobre";2026-10-07
"3137";"Precio del cobre";"2024-04-17";4,3089;2024;NA;4;"precio_cobre";2026-10-07
"3138";"Precio del cobre";"2024-04-18";4,2434;2024;NA;4;"precio_cobre";2026-10-07
"3139";"Precio del cobre";"2024-04-19";4,3045;2024;NA;4;"precio_cobre";2026-10-07
"3140";"Precio del cobre";"2024-04-20";4,3045;2024;NA;4;"precio_cobre";2026-10-07
"3141";"Precio del cobre";"2024-04-21";4,3045;2024;NA;4;"precio_cobre";2026-10-07
"3142";"Precio del cobre";"2024-04-22";4,3781;2024;NA;4;"precio_cobre";2026-10-07
"3143";"Precio del cobre";"2024-04-23";4,444;2024;NA;4;"precio_cobre";2026-10-07
"3144";"Precio del cobre";"2024-04-24";4,4189;2024;NA;4;"precio_cobre";2026-10-07
"3145";"Precio del cobre";"2024-04-25";4,3555;2024;NA;4;"precio_cobre";2026-10-07
"3146";"Precio del cobre";"2024-04-26";4,3794;2024;NA;4;"precio_cobre";2026-10-07
"3147";"Precio del cobre";"2024-04-27";4,3794;2024;NA;4;"precio_cobre";2026-10-07
"3148";"Precio del cobre";"2024-04-28";4,3794;2024;NA;4;"precio_cobre";2026-10-07
"3149";"Precio del cobre";"2024-04-29";4,419;2024;NA;4;"precio_cobre";2026-10-07
"3150";"Precio del cobre";"2024-04-30";4,4692;2024;NA;4;"precio_cobre";2026-10-07
"3151";"Precio del cobre";"2024-05-01";4,4692;2024;NA;5;"precio_cobre";2026-10-07
"3152";"Precio del cobre";"2024-05-02";4,565;2024;NA;5;"precio_cobre";2026-10-07
"3153";"Precio del cobre";"2024-05-03";4,4373;2024;NA;5;"precio_cobre";2026-10-07
"3154";"Precio del cobre";"2024-05-04";4,4373;2024;NA;5;"precio_cobre";2026-10-07
"3155";"Precio del cobre";"2024-05-05";4,4373;2024;NA;5;"precio_cobre";2026-10-07
"3156";"Precio del cobre";"2024-05-06";4,3738;2024;NA;5;"precio_cobre";2026-10-07
"3157";"Precio del cobre";"2024-05-07";4,4408;2024;NA;5;"precio_cobre";2026-10-07
"3158";"Precio del cobre";"2024-05-08";4,4408;2024;NA;5;"precio_cobre";2026-10-07
"3159";"Precio del cobre";"2024-05-09";4,488;2024;NA;5;"precio_cobre";2026-10-07
"3160";"Precio del cobre";"2024-05-10";4,4304;2024;NA;5;"precio_cobre";2026-10-07
"3161";"Precio del cobre";"2024-05-11";4,4304;2024;NA;5;"precio_cobre";2026-10-07
"3162";"Precio del cobre";"2024-05-12";4,4304;2024;NA;5;"precio_cobre";2026-10-07
"3163";"Precio del cobre";"2024-05-13";4,4365;2024;NA;5;"precio_cobre";2026-10-07
"3164";"Precio del cobre";"2024-05-14";4,4895;2024;NA;5;"precio_cobre";2026-10-07
"3165";"Precio del cobre";"2024-05-15";4,5733;2024;NA;5;"precio_cobre";2026-10-07
"3166";"Precio del cobre";"2024-05-16";4,5398;2024;NA;5;"precio_cobre";2026-10-07
"3167";"Precio del cobre";"2024-05-17";4,5926;2024;NA;5;"precio_cobre";2026-10-07
"3168";"Precio del cobre";"2024-05-18";4,5926;2024;NA;5;"precio_cobre";2026-10-07
"3169";"Precio del cobre";"2024-05-19";4,5926;2024;NA;5;"precio_cobre";2026-10-07
"3170";"Precio del cobre";"2024-05-20";4,6916;2024;NA;5;"precio_cobre";2026-10-07
"3171";"Precio del cobre";"2024-05-21";4,6916;2024;NA;5;"precio_cobre";2026-10-07
"3172";"Precio del cobre";"2024-05-22";4,8072;2024;NA;5;"precio_cobre";2026-10-07
"3173";"Precio del cobre";"2024-05-23";4,8725;2024;NA;5;"precio_cobre";2026-10-07
"3174";"Precio del cobre";"2024-05-24";4,6699;2024;NA;5;"precio_cobre";2026-10-07
"3175";"Precio del cobre";"2024-05-25";4,6699;2024;NA;5;"precio_cobre";2026-10-07
"3176";"Precio del cobre";"2024-05-26";4,6699;2024;NA;5;"precio_cobre";2026-10-07
"3177";"Precio del cobre";"2024-05-27";4,6804;2024;NA;5;"precio_cobre";2026-10-07
"3178";"Precio del cobre";"2024-05-28";4,6288;2024;NA;5;"precio_cobre";2026-10-07
"3179";"Precio del cobre";"2024-05-29";4,6288;2024;NA;5;"precio_cobre";2026-10-07
"3180";"Precio del cobre";"2024-05-30";4,7087;2024;NA;5;"precio_cobre";2026-10-07
"3181";"Precio del cobre";"2024-05-31";4,684;2024;NA;5;"precio_cobre";2026-10-07
"3182";"Precio del cobre";"2024-06-01";4,684;2024;NA;6;"precio_cobre";2026-10-07
"3183";"Precio del cobre";"2024-06-02";4,684;2024;NA;6;"precio_cobre";2026-10-07
"3184";"Precio del cobre";"2024-06-03";4,5392;2024;NA;6;"precio_cobre";2026-10-07
"3185";"Precio del cobre";"2024-06-04";4,4967;2024;NA;6;"precio_cobre";2026-10-07
"3186";"Precio del cobre";"2024-06-05";4,5437;2024;NA;6;"precio_cobre";2026-10-07
"3187";"Precio del cobre";"2024-06-06";4,4544;2024;NA;6;"precio_cobre";2026-10-07
"3188";"Precio del cobre";"2024-06-07";4,4481;2024;NA;6;"precio_cobre";2026-10-07
"3189";"Precio del cobre";"2024-06-08";4,4481;2024;NA;6;"precio_cobre";2026-10-07
"3190";"Precio del cobre";"2024-06-09";4,4481;2024;NA;6;"precio_cobre";2026-10-07
"3191";"Precio del cobre";"2024-06-10";4,5525;2024;NA;6;"precio_cobre";2026-10-07
"3192";"Precio del cobre";"2024-06-11";4,372;2024;NA;6;"precio_cobre";2026-10-07
"3193";"Precio del cobre";"2024-06-12";4,4298;2024;NA;6;"precio_cobre";2026-10-07
"3194";"Precio del cobre";"2024-06-13";4,3683;2024;NA;6;"precio_cobre";2026-10-07
"3195";"Precio del cobre";"2024-06-14";4,4548;2024;NA;6;"precio_cobre";2026-10-07
"3196";"Precio del cobre";"2024-06-15";4,4548;2024;NA;6;"precio_cobre";2026-10-07
"3197";"Precio del cobre";"2024-06-16";4,4548;2024;NA;6;"precio_cobre";2026-10-07
"3198";"Precio del cobre";"2024-06-17";4,3834;2024;NA;6;"precio_cobre";2026-10-07
"3199";"Precio del cobre";"2024-06-18";4,3616;2024;NA;6;"precio_cobre";2026-10-07
"3200";"Precio del cobre";"2024-06-19";4,3259;2024;NA;6;"precio_cobre";2026-10-07
"3201";"Precio del cobre";"2024-06-20";4,3259;2024;NA;6;"precio_cobre";2026-10-07
"3202";"Precio del cobre";"2024-06-21";4,3238;2024;NA;6;"precio_cobre";2026-10-07
"3203";"Precio del cobre";"2024-06-22";4,3238;2024;NA;6;"precio_cobre";2026-10-07
"3204";"Precio del cobre";"2024-06-23";4,3238;2024;NA;6;"precio_cobre";2026-10-07
"3205";"Precio del cobre";"2024-06-24";4,4096;2024;NA;6;"precio_cobre";2026-10-07
"3206";"Precio del cobre";"2024-06-25";4,3308;2024;NA;6;"precio_cobre";2026-10-07
"3207";"Precio del cobre";"2024-06-26";4,3152;2024;NA;6;"precio_cobre";2026-10-07
"3208";"Precio del cobre";"2024-06-27";4,2741;2024;NA;6;"precio_cobre";2026-10-07
"3209";"Precio del cobre";"2024-06-28";4,2635;2024;NA;6;"precio_cobre";2026-10-07
"3210";"Precio del cobre";"2024-06-29";4,2635;2024;NA;6;"precio_cobre";2026-10-07
"3211";"Precio del cobre";"2024-06-30";4,2635;2024;NA;6;"precio_cobre";2026-10-07
"3212";"Precio del cobre";"2024-07-01";4,2511;2024;NA;7;"precio_cobre";2026-10-07
"3213";"Precio del cobre";"2024-07-02";4,2892;2024;NA;7;"precio_cobre";2026-10-07
"3214";"Precio del cobre";"2024-07-03";4,3014;2024;NA;7;"precio_cobre";2026-10-07
"3215";"Precio del cobre";"2024-07-04";4,3215;2024;NA;7;"precio_cobre";2026-10-07
"3216";"Precio del cobre";"2024-07-05";4,409;2024;NA;7;"precio_cobre";2026-10-07
"3217";"Precio del cobre";"2024-07-06";4,409;2024;NA;7;"precio_cobre";2026-10-07
"3218";"Precio del cobre";"2024-07-07";4,409;2024;NA;7;"precio_cobre";2026-10-07
"3219";"Precio del cobre";"2024-07-08";4,4153;2024;NA;7;"precio_cobre";2026-10-07
"3220";"Precio del cobre";"2024-07-09";4,4431;2024;NA;7;"precio_cobre";2026-10-07
"3221";"Precio del cobre";"2024-07-10";4,4271;2024;NA;7;"precio_cobre";2026-10-07
"3222";"Precio del cobre";"2024-07-11";4,4049;2024;NA;7;"precio_cobre";2026-10-07
"3223";"Precio del cobre";"2024-07-12";4,4197;2024;NA;7;"precio_cobre";2026-10-07
"3224";"Precio del cobre";"2024-07-13";4,4197;2024;NA;7;"precio_cobre";2026-10-07
"3225";"Precio del cobre";"2024-07-14";4,4197;2024;NA;7;"precio_cobre";2026-10-07
"3226";"Precio del cobre";"2024-07-15";4,3672;2024;NA;7;"precio_cobre";2026-10-07
"3227";"Precio del cobre";"2024-07-16";4,3672;2024;NA;7;"precio_cobre";2026-10-07
"3228";"Precio del cobre";"2024-07-17";4,4121;2024;NA;7;"precio_cobre";2026-10-07
"3229";"Precio del cobre";"2024-07-18";4,3116;2024;NA;7;"precio_cobre";2026-10-07
"3230";"Precio del cobre";"2024-07-19";4,3045;2024;NA;7;"precio_cobre";2026-10-07
"3231";"Precio del cobre";"2024-07-20";4,3045;2024;NA;7;"precio_cobre";2026-10-07
"3232";"Precio del cobre";"2024-07-21";4,3045;2024;NA;7;"precio_cobre";2026-10-07
"3233";"Precio del cobre";"2024-07-22";4,198;2024;NA;7;"precio_cobre";2026-10-07
"3234";"Precio del cobre";"2024-07-23";4,1637;2024;NA;7;"precio_cobre";2026-10-07
"3235";"Precio del cobre";"2024-07-24";4,1235;2024;NA;7;"precio_cobre";2026-10-07
"3236";"Precio del cobre";"2024-07-25";4,1036;2024;NA;7;"precio_cobre";2026-10-07
"3237";"Precio del cobre";"2024-07-26";4,0717;2024;NA;7;"precio_cobre";2026-10-07
"3238";"Precio del cobre";"2024-07-27";4,0717;2024;NA;7;"precio_cobre";2026-10-07
"3239";"Precio del cobre";"2024-07-28";4,0717;2024;NA;7;"precio_cobre";2026-10-07
"3240";"Precio del cobre";"2024-07-29";4,084;2024;NA;7;"precio_cobre";2026-10-07
"3241";"Precio del cobre";"2024-07-30";4,0803;2024;NA;7;"precio_cobre";2026-10-07
"3242";"Precio del cobre";"2024-07-31";4,0341;2024;NA;7;"precio_cobre";2026-10-07
"3243";"Precio del cobre";"2024-08-01";4,0111;2024;NA;8;"precio_cobre";2026-10-07
"3244";"Precio del cobre";"2024-08-02";4,1288;2024;NA;8;"precio_cobre";2026-10-07
"3245";"Precio del cobre";"2024-08-03";4,1288;2024;NA;8;"precio_cobre";2026-10-07
"3246";"Precio del cobre";"2024-08-04";4,1288;2024;NA;8;"precio_cobre";2026-10-07
"3247";"Precio del cobre";"2024-08-05";4,0478;2024;NA;8;"precio_cobre";2026-10-07
"3248";"Precio del cobre";"2024-08-06";4,0524;2024;NA;8;"precio_cobre";2026-10-07
"3249";"Precio del cobre";"2024-08-07";3,9759;2024;NA;8;"precio_cobre";2026-10-07
"3250";"Precio del cobre";"2024-08-08";3,9935;2024;NA;8;"precio_cobre";2026-10-07
"3251";"Precio del cobre";"2024-08-09";3,9195;2024;NA;8;"precio_cobre";2026-10-07
"3252";"Precio del cobre";"2024-08-10";3,9195;2024;NA;8;"precio_cobre";2026-10-07
"3253";"Precio del cobre";"2024-08-11";3,9195;2024;NA;8;"precio_cobre";2026-10-07
"3254";"Precio del cobre";"2024-08-12";3,9331;2024;NA;8;"precio_cobre";2026-10-07
"3255";"Precio del cobre";"2024-08-13";3,9677;2024;NA;8;"precio_cobre";2026-10-07
"3256";"Precio del cobre";"2024-08-14";4,0407;2024;NA;8;"precio_cobre";2026-10-07
"3257";"Precio del cobre";"2024-08-15";4,0407;2024;NA;8;"precio_cobre";2026-10-07
"3258";"Precio del cobre";"2024-08-16";4,0132;2024;NA;8;"precio_cobre";2026-10-07
"3259";"Precio del cobre";"2024-08-17";4,0132;2024;NA;8;"precio_cobre";2026-10-07
"3260";"Precio del cobre";"2024-08-18";4,0132;2024;NA;8;"precio_cobre";2026-10-07
"3261";"Precio del cobre";"2024-08-19";4,1055;2024;NA;8;"precio_cobre";2026-10-07
"3262";"Precio del cobre";"2024-08-20";4,0852;2024;NA;8;"precio_cobre";2026-10-07
"3263";"Precio del cobre";"2024-08-21";4,1471;2024;NA;8;"precio_cobre";2026-10-07
"3264";"Precio del cobre";"2024-08-22";4,1213;2024;NA;8;"precio_cobre";2026-10-07
"3265";"Precio del cobre";"2024-08-23";4,1441;2024;NA;8;"precio_cobre";2026-10-07
"3266";"Precio del cobre";"2024-08-24";4,1441;2024;NA;8;"precio_cobre";2026-10-07
"3267";"Precio del cobre";"2024-08-25";4,1441;2024;NA;8;"precio_cobre";2026-10-07
"3268";"Precio del cobre";"2024-08-26";4,087;2024;NA;8;"precio_cobre";2026-10-07
"3269";"Precio del cobre";"2024-08-27";4,161;2024;NA;8;"precio_cobre";2026-10-07
"3270";"Precio del cobre";"2024-08-28";4,161;2024;NA;8;"precio_cobre";2026-10-07
"3271";"Precio del cobre";"2024-08-29";4,2305;2024;NA;8;"precio_cobre";2026-10-07
"3272";"Precio del cobre";"2024-08-30";4,1413;2024;NA;8;"precio_cobre";2026-10-07
"3273";"Precio del cobre";"2024-08-31";4,1413;2024;NA;8;"precio_cobre";2026-10-07
"3274";"Precio del cobre";"2024-09-01";4,1413;2024;NA;9;"precio_cobre";2026-10-07
"3275";"Precio del cobre";"2024-09-02";4,1394;2024;NA;9;"precio_cobre";2026-10-07
"3276";"Precio del cobre";"2024-09-03";4,136;2024;NA;9;"precio_cobre";2026-10-07
"3277";"Precio del cobre";"2024-09-04";4,1084;2024;NA;9;"precio_cobre";2026-10-07
"3278";"Precio del cobre";"2024-09-05";4,0052;2024;NA;9;"precio_cobre";2026-10-07
"3279";"Precio del cobre";"2024-09-06";4,0084;2024;NA;9;"precio_cobre";2026-10-07
"3280";"Precio del cobre";"2024-09-07";4,0084;2024;NA;9;"precio_cobre";2026-10-07
"3281";"Precio del cobre";"2024-09-08";4,0084;2024;NA;9;"precio_cobre";2026-10-07
"3282";"Precio del cobre";"2024-09-09";4,0727;2024;NA;9;"precio_cobre";2026-10-07
"3283";"Precio del cobre";"2024-09-10";4,0259;2024;NA;9;"precio_cobre";2026-10-07
"3284";"Precio del cobre";"2024-09-11";4,0699;2024;NA;9;"precio_cobre";2026-10-07
"3285";"Precio del cobre";"2024-09-12";4,0365;2024;NA;9;"precio_cobre";2026-10-07
"3286";"Precio del cobre";"2024-09-13";4,0664;2024;NA;9;"precio_cobre";2026-10-07
"3287";"Precio del cobre";"2024-09-14";4,0664;2024;NA;9;"precio_cobre";2026-10-07
"3288";"Precio del cobre";"2024-09-15";4,0664;2024;NA;9;"precio_cobre";2026-10-07
"3289";"Precio del cobre";"2024-09-16";4,1258;2024;NA;9;"precio_cobre";2026-10-07
"3290";"Precio del cobre";"2024-09-17";4,1682;2024;NA;9;"precio_cobre";2026-10-07
"3291";"Precio del cobre";"2024-09-18";4,1682;2024;NA;9;"precio_cobre";2026-10-07
"3292";"Precio del cobre";"2024-09-19";4,1682;2024;NA;9;"precio_cobre";2026-10-07
"3293";"Precio del cobre";"2024-09-20";4,1682;2024;NA;9;"precio_cobre";2026-10-07
"3294";"Precio del cobre";"2024-09-21";4,1682;2024;NA;9;"precio_cobre";2026-10-07
"3295";"Precio del cobre";"2024-09-22";4,1682;2024;NA;9;"precio_cobre";2026-10-07
"3296";"Precio del cobre";"2024-09-23";4,2025;2024;NA;9;"precio_cobre";2026-10-07
"3297";"Precio del cobre";"2024-09-24";4,2395;2024;NA;9;"precio_cobre";2026-10-07
"3298";"Precio del cobre";"2024-09-25";4,2697;2024;NA;9;"precio_cobre";2026-10-07
"3299";"Precio del cobre";"2024-09-26";4,3842;2024;NA;9;"precio_cobre";2026-10-07
"3300";"Precio del cobre";"2024-09-27";4,3897;2024;NA;9;"precio_cobre";2026-10-07
"3301";"Precio del cobre";"2024-09-28";4,3897;2024;NA;9;"precio_cobre";2026-10-07
"3302";"Precio del cobre";"2024-09-29";4,3897;2024;NA;9;"precio_cobre";2026-10-07
"3303";"Precio del cobre";"2024-09-30";4,5109;2024;NA;9;"precio_cobre";2026-10-07
"3304";"Precio del cobre";"2024-10-01";4,4664;2024;NA;10;"precio_cobre";2026-10-07
"3305";"Precio del cobre";"2024-10-02";4,3963;2024;NA;10;"precio_cobre";2026-10-07
"3306";"Precio del cobre";"2024-10-03";4,4635;2024;NA;10;"precio_cobre";2026-10-07
"3307";"Precio del cobre";"2024-10-04";4,5103;2024;NA;10;"precio_cobre";2026-10-07
"3308";"Precio del cobre";"2024-10-05";4,5103;2024;NA;10;"precio_cobre";2026-10-07
"3309";"Precio del cobre";"2024-10-06";4,5103;2024;NA;10;"precio_cobre";2026-10-07
"3310";"Precio del cobre";"2024-10-07";4,408;2024;NA;10;"precio_cobre";2026-10-07
"3311";"Precio del cobre";"2024-10-08";4,4436;2024;NA;10;"precio_cobre";2026-10-07
"3312";"Precio del cobre";"2024-10-09";4,4351;2024;NA;10;"precio_cobre";2026-10-07
"3313";"Precio del cobre";"2024-10-10";4,3521;2024;NA;10;"precio_cobre";2026-10-07
"3314";"Precio del cobre";"2024-10-11";4,3227;2024;NA;10;"precio_cobre";2026-10-07
"3315";"Precio del cobre";"2024-10-12";4,3227;2024;NA;10;"precio_cobre";2026-10-07
"3316";"Precio del cobre";"2024-10-13";4,3227;2024;NA;10;"precio_cobre";2026-10-07
"3317";"Precio del cobre";"2024-10-14";4,3468;2024;NA;10;"precio_cobre";2026-10-07
"3318";"Precio del cobre";"2024-10-15";4,3774;2024;NA;10;"precio_cobre";2026-10-07
"3319";"Precio del cobre";"2024-10-16";4,3212;2024;NA;10;"precio_cobre";2026-10-07
"3320";"Precio del cobre";"2024-10-17";4,2578;2024;NA;10;"precio_cobre";2026-10-07
"3321";"Precio del cobre";"2024-10-18";4,2723;2024;NA;10;"precio_cobre";2026-10-07
"3322";"Precio del cobre";"2024-10-19";4,2723;2024;NA;10;"precio_cobre";2026-10-07
"3323";"Precio del cobre";"2024-10-20";4,2723;2024;NA;10;"precio_cobre";2026-10-07
"3324";"Precio del cobre";"2024-10-21";4,257;2024;NA;10;"precio_cobre";2026-10-07
"3325";"Precio del cobre";"2024-10-22";4,3105;2024;NA;10;"precio_cobre";2026-10-07
"3326";"Precio del cobre";"2024-10-23";4,2732;2024;NA;10;"precio_cobre";2026-10-07
"3327";"Precio del cobre";"2024-10-24";4,281;2024;NA;10;"precio_cobre";2026-10-07
"3328";"Precio del cobre";"2024-10-25";4,2532;2024;NA;10;"precio_cobre";2026-10-07
"3329";"Precio del cobre";"2024-10-26";4,2532;2024;NA;10;"precio_cobre";2026-10-07
"3330";"Precio del cobre";"2024-10-27";4,2532;2024;NA;10;"precio_cobre";2026-10-07
"3331";"Precio del cobre";"2024-10-28";4,249;2024;NA;10;"precio_cobre";2026-10-07
"3332";"Precio del cobre";"2024-10-29";4,2953;2024;NA;10;"precio_cobre";2026-10-07
"3333";"Precio del cobre";"2024-10-30";4,2624;2024;NA;10;"precio_cobre";2026-10-07
"3334";"Precio del cobre";"2024-10-31";4,2624;2024;NA;10;"precio_cobre";2026-10-07
"3335";"Precio del cobre";"2024-11-01";4,2624;2024;NA;11;"precio_cobre";2026-10-07
"3336";"Precio del cobre";"2024-11-02";4,2624;2024;NA;11;"precio_cobre";2026-10-07
"3337";"Precio del cobre";"2024-11-03";4,2624;2024;NA;11;"precio_cobre";2026-10-07
"3338";"Precio del cobre";"2024-11-04";4,2584;2024;NA;11;"precio_cobre";2026-10-07
"3339";"Precio del cobre";"2024-11-05";4,2841;2024;NA;11;"precio_cobre";2026-10-07
"3340";"Precio del cobre";"2024-11-06";4,3402;2024;NA;11;"precio_cobre";2026-10-07
"3341";"Precio del cobre";"2024-11-07";4,3536;2024;NA;11;"precio_cobre";2026-10-07
"3342";"Precio del cobre";"2024-11-08";4,1729;2024;NA;11;"precio_cobre";2026-10-07
"3343";"Precio del cobre";"2024-11-09";4,1729;2024;NA;11;"precio_cobre";2026-10-07
"3344";"Precio del cobre";"2024-11-10";4,1729;2024;NA;11;"precio_cobre";2026-10-07
"3345";"Precio del cobre";"2024-11-11";4,3215;2024;NA;11;"precio_cobre";2026-10-07
"3346";"Precio del cobre";"2024-11-12";4,2195;2024;NA;11;"precio_cobre";2026-10-07
"3347";"Precio del cobre";"2024-11-13";4,1674;2024;NA;11;"precio_cobre";2026-10-07
"3348";"Precio del cobre";"2024-11-14";4,0834;2024;NA;11;"precio_cobre";2026-10-07
"3349";"Precio del cobre";"2024-11-15";4,0409;2024;NA;11;"precio_cobre";2026-10-07
"3350";"Precio del cobre";"2024-11-16";4,0409;2024;NA;11;"precio_cobre";2026-10-07
"3351";"Precio del cobre";"2024-11-17";4,0409;2024;NA;11;"precio_cobre";2026-10-07
"3352";"Precio del cobre";"2024-11-18";4,0198;2024;NA;11;"precio_cobre";2026-10-07
"3353";"Precio del cobre";"2024-11-19";4,0288;2024;NA;11;"precio_cobre";2026-10-07
"3354";"Precio del cobre";"2024-11-20";4,0618;2024;NA;11;"precio_cobre";2026-10-07
"3355";"Precio del cobre";"2024-11-21";4,0672;2024;NA;11;"precio_cobre";2026-10-07
"3356";"Precio del cobre";"2024-11-22";4,0679;2024;NA;11;"precio_cobre";2026-10-07
"3357";"Precio del cobre";"2024-11-23";4,0679;2024;NA;11;"precio_cobre";2026-10-07
"3358";"Precio del cobre";"2024-11-24";4,0679;2024;NA;11;"precio_cobre";2026-10-07
"3359";"Precio del cobre";"2024-11-25";4,0303;2024;NA;11;"precio_cobre";2026-10-07
"3360";"Precio del cobre";"2024-11-26";4,0134;2024;NA;11;"precio_cobre";2026-10-07
"3361";"Precio del cobre";"2024-11-27";4,0476;2024;NA;11;"precio_cobre";2026-10-07
"3362";"Precio del cobre";"2024-11-28";4,0298;2024;NA;11;"precio_cobre";2026-10-07
"3363";"Precio del cobre";"2024-11-29";4,0378;2024;NA;11;"precio_cobre";2026-10-07
"3364";"Precio del cobre";"2024-11-30";4,0378;2024;NA;11;"precio_cobre";2026-10-07
"3365";"Precio del cobre";"2024-12-01";4,0378;2024;NA;12;"precio_cobre";2026-10-07
"3366";"Precio del cobre";"2024-12-02";4,0299;2024;NA;12;"precio_cobre";2026-10-07
"3367";"Precio del cobre";"2024-12-03";4,0333;2024;NA;12;"precio_cobre";2026-10-07
"3368";"Precio del cobre";"2024-12-04";4,0253;2024;NA;12;"precio_cobre";2026-10-07
"3369";"Precio del cobre";"2024-12-05";4,087;2024;NA;12;"precio_cobre";2026-10-07
"3370";"Precio del cobre";"2024-12-06";4,0688;2024;NA;12;"precio_cobre";2026-10-07
"3371";"Precio del cobre";"2024-12-07";4,0688;2024;NA;12;"precio_cobre";2026-10-07
"3372";"Precio del cobre";"2024-12-08";4,0688;2024;NA;12;"precio_cobre";2026-10-07
"3373";"Precio del cobre";"2024-12-09";4,0651;2024;NA;12;"precio_cobre";2026-10-07
"3374";"Precio del cobre";"2024-12-10";4,0878;2024;NA;12;"precio_cobre";2026-10-07
"3375";"Precio del cobre";"2024-12-11";4,1363;2024;NA;12;"precio_cobre";2026-10-07
"3376";"Precio del cobre";"2024-12-12";4,1282;2024;NA;12;"precio_cobre";2026-10-07
"3377";"Precio del cobre";"2024-12-13";4,116;2024;NA;12;"precio_cobre";2026-10-07
"3378";"Precio del cobre";"2024-12-14";4,116;2024;NA;12;"precio_cobre";2026-10-07
"3379";"Precio del cobre";"2024-12-15";4,116;2024;NA;12;"precio_cobre";2026-10-07
"3380";"Precio del cobre";"2024-12-16";4,07;2024;NA;12;"precio_cobre";2026-10-07
"3381";"Precio del cobre";"2024-12-17";4,0554;2024;NA;12;"precio_cobre";2026-10-07
"3382";"Precio del cobre";"2024-12-18";4,0563;2024;NA;12;"precio_cobre";2026-10-07
"3383";"Precio del cobre";"2024-12-19";4,0229;2024;NA;12;"precio_cobre";2026-10-07
"3384";"Precio del cobre";"2024-12-20";4,0413;2024;NA;12;"precio_cobre";2026-10-07
"3385";"Precio del cobre";"2024-12-21";4,0413;2024;NA;12;"precio_cobre";2026-10-07
"3386";"Precio del cobre";"2024-12-22";4,0413;2024;NA;12;"precio_cobre";2026-10-07
"3387";"Precio del cobre";"2024-12-23";3,9782;2024;NA;12;"precio_cobre";2026-10-07
"3388";"Precio del cobre";"2024-12-24";4,0066;2024;NA;12;"precio_cobre";2026-10-07
"3389";"Precio del cobre";"2024-12-25";4,0066;2024;NA;12;"precio_cobre";2026-10-07
"3390";"Precio del cobre";"2024-12-26";3,9923;2024;NA;12;"precio_cobre";2026-10-07
"3391";"Precio del cobre";"2024-12-27";4,0124;2024;NA;12;"precio_cobre";2026-10-07
"3392";"Precio del cobre";"2024-12-28";4,0124;2024;NA;12;"precio_cobre";2026-10-07
"3393";"Precio del cobre";"2024-12-29";4,0124;2024;NA;12;"precio_cobre";2026-10-07
"3394";"Precio del cobre";"2024-12-30";4,0124;2024;NA;12;"precio_cobre";2026-10-07
"3395";"Precio del cobre";"2025-01-02";4,0243;2025;NA;1;"precio_cobre";2026-10-07
"3396";"Precio del cobre";"2025-01-03";3,9248;2025;NA;1;"precio_cobre";2026-10-07
"3397";"Precio del cobre";"2025-01-04";3,9248;2025;NA;1;"precio_cobre";2026-10-07
"3398";"Precio del cobre";"2025-01-05";3,9248;2025;NA;1;"precio_cobre";2026-10-07
"3399";"Precio del cobre";"2025-01-06";3,9425;2025;NA;1;"precio_cobre";2026-10-07
"3400";"Precio del cobre";"2025-01-07";3,9771;2025;NA;1;"precio_cobre";2026-10-07
"3401";"Precio del cobre";"2025-01-08";4,0312;2025;NA;1;"precio_cobre";2026-10-07
"3402";"Precio del cobre";"2025-01-09";4,0311;2025;NA;1;"precio_cobre";2026-10-07
"3403";"Precio del cobre";"2025-01-10";4,0449;2025;NA;1;"precio_cobre";2026-10-07
"3404";"Precio del cobre";"2025-01-11";4,0449;2025;NA;1;"precio_cobre";2026-10-07
"3405";"Precio del cobre";"2025-01-12";4,0449;2025;NA;1;"precio_cobre";2026-10-07
"3406";"Precio del cobre";"2025-01-13";4,0695;2025;NA;1;"precio_cobre";2026-10-07
"3407";"Precio del cobre";"2025-01-14";4,0787;2025;NA;1;"precio_cobre";2026-10-07
"3408";"Precio del cobre";"2025-01-15";4,0728;2025;NA;1;"precio_cobre";2026-10-07
"3409";"Precio del cobre";"2025-01-16";4,0977;2025;NA;1;"precio_cobre";2026-10-07
"3410";"Precio del cobre";"2025-01-17";4,1066;2025;NA;1;"precio_cobre";2026-10-07
"3411";"Precio del cobre";"2025-01-18";4,1066;2025;NA;1;"precio_cobre";2026-10-07
"3412";"Precio del cobre";"2025-01-19";4,1066;2025;NA;1;"precio_cobre";2026-10-07
"3413";"Precio del cobre";"2025-01-20";4,1382;2025;NA;1;"precio_cobre";2026-10-07
"3414";"Precio del cobre";"2025-01-21";4,1195;2025;NA;1;"precio_cobre";2026-10-07
"3415";"Precio del cobre";"2025-01-22";4,1563;2025;NA;1;"precio_cobre";2026-10-07
"3416";"Precio del cobre";"2025-01-23";4,159;2025;NA;1;"precio_cobre";2026-10-07
"3417";"Precio del cobre";"2025-01-24";4,1302;2025;NA;1;"precio_cobre";2026-10-07
"3418";"Precio del cobre";"2025-01-25";4,1302;2025;NA;1;"precio_cobre";2026-10-07
"3419";"Precio del cobre";"2025-01-26";4,1302;2025;NA;1;"precio_cobre";2026-10-07
"3420";"Precio del cobre";"2025-01-27";4,1358;2025;NA;1;"precio_cobre";2026-10-07
"3421";"Precio del cobre";"2025-01-28";4,1532;2025;NA;1;"precio_cobre";2026-10-07
"3422";"Precio del cobre";"2025-01-29";4,0697;2025;NA;1;"precio_cobre";2026-10-07
"3423";"Precio del cobre";"2025-01-30";4,0195;2025;NA;1;"precio_cobre";2026-10-07
"3424";"Precio del cobre";"2025-01-31";4,0569;2025;NA;1;"precio_cobre";2026-10-07
"3425";"Precio del cobre";"2025-02-01";4,0569;2025;NA;2;"precio_cobre";2026-10-07
"3426";"Precio del cobre";"2025-02-02";4,0569;2025;NA;2;"precio_cobre";2026-10-07
"3427";"Precio del cobre";"2025-02-03";4,0863;2025;NA;2;"precio_cobre";2026-10-07
"3428";"Precio del cobre";"2025-02-04";4,0499;2025;NA;2;"precio_cobre";2026-10-07
"3429";"Precio del cobre";"2025-02-05";4,0727;2025;NA;2;"precio_cobre";2026-10-07
"3430";"Precio del cobre";"2025-02-06";4,0936;2025;NA;2;"precio_cobre";2026-10-07
"3431";"Precio del cobre";"2025-02-07";4,1343;2025;NA;2;"precio_cobre";2026-10-07
"3432";"Precio del cobre";"2025-02-08";4,1343;2025;NA;2;"precio_cobre";2026-10-07
"3433";"Precio del cobre";"2025-02-09";4,1343;2025;NA;2;"precio_cobre";2026-10-07
"3434";"Precio del cobre";"2025-02-10";4,1528;2025;NA;2;"precio_cobre";2026-10-07
"3435";"Precio del cobre";"2025-02-11";4,2128;2025;NA;2;"precio_cobre";2026-10-07
"3436";"Precio del cobre";"2025-02-12";4,2321;2025;NA;2;"precio_cobre";2026-10-07
"3437";"Precio del cobre";"2025-02-13";4,1909;2025;NA;2;"precio_cobre";2026-10-07
"3438";"Precio del cobre";"2025-02-14";4,2385;2025;NA;2;"precio_cobre";2026-10-07
"3439";"Precio del cobre";"2025-02-15";4,2385;2025;NA;2;"precio_cobre";2026-10-07
"3440";"Precio del cobre";"2025-02-16";4,2385;2025;NA;2;"precio_cobre";2026-10-07
"3441";"Precio del cobre";"2025-02-17";4,2796;2025;NA;2;"precio_cobre";2026-10-07
"3442";"Precio del cobre";"2025-02-18";4,3048;2025;NA;2;"precio_cobre";2026-10-07
"3443";"Precio del cobre";"2025-02-19";4,228;2025;NA;2;"precio_cobre";2026-10-07
"3444";"Precio del cobre";"2025-02-20";4,2643;2025;NA;2;"precio_cobre";2026-10-07
"3445";"Precio del cobre";"2025-02-21";4,2756;2025;NA;2;"precio_cobre";2026-10-07
"3446";"Precio del cobre";"2025-02-22";4,2756;2025;NA;2;"precio_cobre";2026-10-07
"3447";"Precio del cobre";"2025-02-23";4,2756;2025;NA;2;"precio_cobre";2026-10-07
"3448";"Precio del cobre";"2025-02-24";4,3237;2025;NA;2;"precio_cobre";2026-10-07
"3449";"Precio del cobre";"2025-02-25";4,3177;2025;NA;2;"precio_cobre";2026-10-07
"3450";"Precio del cobre";"2025-02-26";4,3044;2025;NA;2;"precio_cobre";2026-10-07
"3451";"Precio del cobre";"2025-02-27";4,2474;2025;NA;2;"precio_cobre";2026-10-07
"3452";"Precio del cobre";"2025-02-28";4,2857;2025;NA;2;"precio_cobre";2026-10-07
"3453";"Precio del cobre";"2025-03-01";4,2857;2025;NA;3;"precio_cobre";2026-10-07
"3454";"Precio del cobre";"2025-03-02";4,2857;2025;NA;3;"precio_cobre";2026-10-07
"3455";"Precio del cobre";"2025-03-03";4,2553;2025;NA;3;"precio_cobre";2026-10-07
"3456";"Precio del cobre";"2025-03-04";4,2357;2025;NA;3;"precio_cobre";2026-10-07
"3457";"Precio del cobre";"2025-03-05";4,2612;2025;NA;3;"precio_cobre";2026-10-07
"3458";"Precio del cobre";"2025-03-06";4,2313;2025;NA;3;"precio_cobre";2026-10-07
"3459";"Precio del cobre";"2025-03-07";4,3486;2025;NA;3;"precio_cobre";2026-10-07
"3460";"Precio del cobre";"2025-03-08";4,3486;2025;NA;3;"precio_cobre";2026-10-07
"3461";"Precio del cobre";"2025-03-09";4,3486;2025;NA;3;"precio_cobre";2026-10-07
"3462";"Precio del cobre";"2025-03-10";4,4216;2025;NA;3;"precio_cobre";2026-10-07
"3463";"Precio del cobre";"2025-03-11";4,3584;2025;NA;3;"precio_cobre";2026-10-07
"3464";"Precio del cobre";"2025-03-12";4,3137;2025;NA;3;"precio_cobre";2026-10-07
"3465";"Precio del cobre";"2025-03-13";4,3723;2025;NA;3;"precio_cobre";2026-10-07
"3466";"Precio del cobre";"2025-03-14";4,4233;2025;NA;3;"precio_cobre";2026-10-07
"3467";"Precio del cobre";"2025-03-15";4,4233;2025;NA;3;"precio_cobre";2026-10-07
"3468";"Precio del cobre";"2025-03-16";4,4233;2025;NA;3;"precio_cobre";2026-10-07
"3469";"Precio del cobre";"2025-03-17";4,4231;2025;NA;3;"precio_cobre";2026-10-07
"3470";"Precio del cobre";"2025-03-18";4,4143;2025;NA;3;"precio_cobre";2026-10-07
"3471";"Precio del cobre";"2025-03-19";4,4449;2025;NA;3;"precio_cobre";2026-10-07
"3472";"Precio del cobre";"2025-03-20";4,4692;2025;NA;3;"precio_cobre";2026-10-07
"3473";"Precio del cobre";"2025-03-21";4,5141;2025;NA;3;"precio_cobre";2026-10-07
"3474";"Precio del cobre";"2025-03-22";4,5141;2025;NA;3;"precio_cobre";2026-10-07
"3475";"Precio del cobre";"2025-03-23";4,5141;2025;NA;3;"precio_cobre";2026-10-07
"3476";"Precio del cobre";"2025-03-24";4,484;2025;NA;3;"precio_cobre";2026-10-07
"3477";"Precio del cobre";"2025-03-25";4,4514;2025;NA;3;"precio_cobre";2026-10-07
"3478";"Precio del cobre";"2025-03-26";4,4981;2025;NA;3;"precio_cobre";2026-10-07
"3479";"Precio del cobre";"2025-03-27";4,5775;2025;NA;3;"precio_cobre";2026-10-07
"3480";"Precio del cobre";"2025-03-28";4,483;2025;NA;3;"precio_cobre";2026-10-07
"3481";"Precio del cobre";"2025-03-29";4,483;2025;NA;3;"precio_cobre";2026-10-07
"3482";"Precio del cobre";"2025-03-30";4,483;2025;NA;3;"precio_cobre";2026-10-07
"3483";"Precio del cobre";"2025-03-31";4,4453;2025;NA;3;"precio_cobre";2026-10-07
"3484";"Precio del cobre";"2025-04-01";4,4224;2025;NA;4;"precio_cobre";2026-10-07
"3485";"Precio del cobre";"2025-04-02";4,3811;2025;NA;4;"precio_cobre";2026-10-07
"3486";"Precio del cobre";"2025-04-03";4,3775;2025;NA;4;"precio_cobre";2026-10-07
"3487";"Precio del cobre";"2025-04-04";4,3789;2025;NA;4;"precio_cobre";2026-10-07
"3488";"Precio del cobre";"2025-04-05";4,3789;2025;NA;4;"precio_cobre";2026-10-07
"3489";"Precio del cobre";"2025-04-06";4,3789;2025;NA;4;"precio_cobre";2026-10-07
"3490";"Precio del cobre";"2025-04-07";4,2272;2025;NA;4;"precio_cobre";2026-10-07
"3491";"Precio del cobre";"2025-04-08";3,954;2025;NA;4;"precio_cobre";2026-10-07
"3492";"Precio del cobre";"2025-04-09";3,9435;2025;NA;4;"precio_cobre";2026-10-07
"3493";"Precio del cobre";"2025-04-10";3,9106;2025;NA;4;"precio_cobre";2026-10-07
"3494";"Precio del cobre";"2025-04-11";3,8879;2025;NA;4;"precio_cobre";2026-10-07
"3495";"Precio del cobre";"2025-04-12";3,8879;2025;NA;4;"precio_cobre";2026-10-07
"3496";"Precio del cobre";"2025-04-13";3,8879;2025;NA;4;"precio_cobre";2026-10-07
"3497";"Precio del cobre";"2025-04-14";4,084;2025;NA;4;"precio_cobre";2026-10-07
"3498";"Precio del cobre";"2025-04-15";4,1694;2025;NA;4;"precio_cobre";2026-10-07
"3499";"Precio del cobre";"2025-04-16";4,1536;2025;NA;4;"precio_cobre";2026-10-07
"3500";"Precio del cobre";"2025-04-17";4,1365;2025;NA;4;"precio_cobre";2026-10-07
"3501";"Precio del cobre";"2025-04-18";4,1365;2025;NA;4;"precio_cobre";2026-10-07
"3502";"Precio del cobre";"2025-04-19";4,1365;2025;NA;4;"precio_cobre";2026-10-07
"3503";"Precio del cobre";"2025-04-20";4,1365;2025;NA;4;"precio_cobre";2026-10-07
"3504";"Precio del cobre";"2025-04-21";4,1601;2025;NA;4;"precio_cobre";2026-10-07
"3505";"Precio del cobre";"2025-04-22";4,1554;2025;NA;4;"precio_cobre";2026-10-07
"3506";"Precio del cobre";"2025-04-23";4,1554;2025;NA;4;"precio_cobre";2026-10-07
"3507";"Precio del cobre";"2025-04-24";4,2423;2025;NA;4;"precio_cobre";2026-10-07
"3508";"Precio del cobre";"2025-04-25";4,2472;2025;NA;4;"precio_cobre";2026-10-07
"3509";"Precio del cobre";"2025-04-26";4,2472;2025;NA;4;"precio_cobre";2026-10-07
"3510";"Precio del cobre";"2025-04-27";4,2472;2025;NA;4;"precio_cobre";2026-10-07
"3511";"Precio del cobre";"2025-04-28";4,2633;2025;NA;4;"precio_cobre";2026-10-07
"3512";"Precio del cobre";"2025-04-29";4,2531;2025;NA;4;"precio_cobre";2026-10-07
"3513";"Precio del cobre";"2025-04-30";4,2668;2025;NA;4;"precio_cobre";2026-10-07
"3514";"Precio del cobre";"2025-05-01";4,2668;2025;NA;5;"precio_cobre";2026-10-07
"3515";"Precio del cobre";"2025-05-02";4,2775;2025;NA;5;"precio_cobre";2026-10-07
"3516";"Precio del cobre";"2025-05-03";4,2775;2025;NA;5;"precio_cobre";2026-10-07
"3517";"Precio del cobre";"2025-05-04";4,2775;2025;NA;5;"precio_cobre";2026-10-07
"3518";"Precio del cobre";"2025-05-05";4,1912;2025;NA;5;"precio_cobre";2026-10-07
"3519";"Precio del cobre";"2025-05-06";4,2573;2025;NA;5;"precio_cobre";2026-10-07
"3520";"Precio del cobre";"2025-05-07";4,2573;2025;NA;5;"precio_cobre";2026-10-07
"3521";"Precio del cobre";"2025-05-08";4,3363;2025;NA;5;"precio_cobre";2026-10-07
"3522";"Precio del cobre";"2025-05-09";4,2825;2025;NA;5;"precio_cobre";2026-10-07
"3523";"Precio del cobre";"2025-05-10";4,2825;2025;NA;5;"precio_cobre";2026-10-07
"3524";"Precio del cobre";"2025-05-11";4,2825;2025;NA;5;"precio_cobre";2026-10-07
"3525";"Precio del cobre";"2025-05-12";4,2989;2025;NA;5;"precio_cobre";2026-10-07
"3526";"Precio del cobre";"2025-05-13";4,3068;2025;NA;5;"precio_cobre";2026-10-07
"3527";"Precio del cobre";"2025-05-14";4,3293;2025;NA;5;"precio_cobre";2026-10-07
"3528";"Precio del cobre";"2025-05-15";4,363;2025;NA;5;"precio_cobre";2026-10-07
"3529";"Precio del cobre";"2025-05-16";4,3642;2025;NA;5;"precio_cobre";2026-10-07
"3530";"Precio del cobre";"2025-05-17";4,3642;2025;NA;5;"precio_cobre";2026-10-07
"3531";"Precio del cobre";"2025-05-18";4,3642;2025;NA;5;"precio_cobre";2026-10-07
"3532";"Precio del cobre";"2025-05-19";4,3621;2025;NA;5;"precio_cobre";2026-10-07
"3533";"Precio del cobre";"2025-05-20";4,2996;2025;NA;5;"precio_cobre";2026-10-07
"3534";"Precio del cobre";"2025-05-21";4,2996;2025;NA;5;"precio_cobre";2026-10-07
"3535";"Precio del cobre";"2025-05-22";4,3269;2025;NA;5;"precio_cobre";2026-10-07
"3536";"Precio del cobre";"2025-05-23";4,3307;2025;NA;5;"precio_cobre";2026-10-07
"3537";"Precio del cobre";"2025-05-24";4,3307;2025;NA;5;"precio_cobre";2026-10-07
"3538";"Precio del cobre";"2025-05-25";4,3307;2025;NA;5;"precio_cobre";2026-10-07
"3539";"Precio del cobre";"2025-05-26";4,3166;2025;NA;5;"precio_cobre";2026-10-07
"3540";"Precio del cobre";"2025-05-27";4,3732;2025;NA;5;"precio_cobre";2026-10-07
"3541";"Precio del cobre";"2025-05-28";4,3732;2025;NA;5;"precio_cobre";2026-10-07
"3542";"Precio del cobre";"2025-05-29";4,3711;2025;NA;5;"precio_cobre";2026-10-07
"3543";"Precio del cobre";"2025-05-30";4,3591;2025;NA;5;"precio_cobre";2026-10-07
"3544";"Precio del cobre";"2025-05-31";4,3591;2025;NA;5;"precio_cobre";2026-10-07
"3545";"Precio del cobre";"2025-06-01";4,3591;2025;NA;6;"precio_cobre";2026-10-07
"3546";"Precio del cobre";"2025-06-02";4,3634;2025;NA;6;"precio_cobre";2026-10-07
"3547";"Precio del cobre";"2025-06-03";4,331;2025;NA;6;"precio_cobre";2026-10-07
"3548";"Precio del cobre";"2025-06-04";4,3854;2025;NA;6;"precio_cobre";2026-10-07
"3549";"Precio del cobre";"2025-06-05";4,3937;2025;NA;6;"precio_cobre";2026-10-07
"3550";"Precio del cobre";"2025-06-06";4,3863;2025;NA;6;"precio_cobre";2026-10-07
"3551";"Precio del cobre";"2025-06-07";4,3863;2025;NA;6;"precio_cobre";2026-10-07
"3552";"Precio del cobre";"2025-06-08";4,3863;2025;NA;6;"precio_cobre";2026-10-07
"3553";"Precio del cobre";"2025-06-09";4,4601;2025;NA;6;"precio_cobre";2026-10-07
"3554";"Precio del cobre";"2025-06-10";4,4284;2025;NA;6;"precio_cobre";2026-10-07
"3555";"Precio del cobre";"2025-06-11";4,4855;2025;NA;6;"precio_cobre";2026-10-07
"3556";"Precio del cobre";"2025-06-12";4,4637;2025;NA;6;"precio_cobre";2026-10-07
"3557";"Precio del cobre";"2025-06-13";4,4015;2025;NA;6;"precio_cobre";2026-10-07
"3558";"Precio del cobre";"2025-06-14";4,4015;2025;NA;6;"precio_cobre";2026-10-07
"3559";"Precio del cobre";"2025-06-15";4,4015;2025;NA;6;"precio_cobre";2026-10-07
"3560";"Precio del cobre";"2025-06-16";4,4396;2025;NA;6;"precio_cobre";2026-10-07
"3561";"Precio del cobre";"2025-06-17";4,4082;2025;NA;6;"precio_cobre";2026-10-07
"3562";"Precio del cobre";"2025-06-18";4,4446;2025;NA;6;"precio_cobre";2026-10-07
"3563";"Precio del cobre";"2025-06-19";4,4415;2025;NA;6;"precio_cobre";2026-10-07
"3564";"Precio del cobre";"2025-06-20";4,4415;2025;NA;6;"precio_cobre";2026-10-07
"3565";"Precio del cobre";"2025-06-21";4,4415;2025;NA;6;"precio_cobre";2026-10-07
"3566";"Precio del cobre";"2025-06-22";4,4415;2025;NA;6;"precio_cobre";2026-10-07
"3567";"Precio del cobre";"2025-06-23";4,4278;2025;NA;6;"precio_cobre";2026-10-07
"3568";"Precio del cobre";"2025-06-24";4,4945;2025;NA;6;"precio_cobre";2026-10-07
"3569";"Precio del cobre";"2025-06-25";4,5121;2025;NA;6;"precio_cobre";2026-10-07
"3570";"Precio del cobre";"2025-06-26";4,4543;2025;NA;6;"precio_cobre";2026-10-07
"3571";"Precio del cobre";"2025-06-27";4,4512;2025;NA;6;"precio_cobre";2026-10-07
"3572";"Precio del cobre";"2025-06-28";4,4512;2025;NA;6;"precio_cobre";2026-10-07
"3573";"Precio del cobre";"2025-06-29";4,4512;2025;NA;6;"precio_cobre";2026-10-07
"3574";"Precio del cobre";"2025-06-30";4,6355;2025;NA;6;"precio_cobre";2026-10-07
"3575";"Precio del cobre";"2025-07-01";4,5898;2025;NA;7;"precio_cobre";2026-10-07
"3576";"Precio del cobre";"2025-07-02";4,559;2025;NA;7;"precio_cobre";2026-10-07
"3577";"Precio del cobre";"2025-07-03";4,5588;2025;NA;7;"precio_cobre";2026-10-07
"3578";"Precio del cobre";"2025-07-04";4,5855;2025;NA;7;"precio_cobre";2026-10-07
"3579";"Precio del cobre";"2025-07-05";4,5855;2025;NA;7;"precio_cobre";2026-10-07
"3580";"Precio del cobre";"2025-07-06";4,5855;2025;NA;7;"precio_cobre";2026-10-07
"3581";"Precio del cobre";"2025-07-07";4,5551;2025;NA;7;"precio_cobre";2026-10-07
"3582";"Precio del cobre";"2025-07-08";4,5178;2025;NA;7;"precio_cobre";2026-10-07
"3583";"Precio del cobre";"2025-07-09";4,4948;2025;NA;7;"precio_cobre";2026-10-07
"3584";"Precio del cobre";"2025-07-10";4,4642;2025;NA;7;"precio_cobre";2026-10-07
"3585";"Precio del cobre";"2025-07-11";4,3785;2025;NA;7;"precio_cobre";2026-10-07
"3586";"Precio del cobre";"2025-07-12";4,3785;2025;NA;7;"precio_cobre";2026-10-07
"3587";"Precio del cobre";"2025-07-13";4,3785;2025;NA;7;"precio_cobre";2026-10-07
"3588";"Precio del cobre";"2025-07-14";4,3997;2025;NA;7;"precio_cobre";2026-10-07
"3589";"Precio del cobre";"2025-07-15";4,3722;2025;NA;7;"precio_cobre";2026-10-07
"3590";"Precio del cobre";"2025-07-16";4,3722;2025;NA;7;"precio_cobre";2026-10-07
"3591";"Precio del cobre";"2025-07-17";4,335;2025;NA;7;"precio_cobre";2026-10-07
"3592";"Precio del cobre";"2025-07-18";4,3412;2025;NA;7;"precio_cobre";2026-10-07
"3593";"Precio del cobre";"2025-07-19";4,3412;2025;NA;7;"precio_cobre";2026-10-07
"3594";"Precio del cobre";"2025-07-20";4,3412;2025;NA;7;"precio_cobre";2026-10-07
"3595";"Precio del cobre";"2025-07-21";4,3581;2025;NA;7;"precio_cobre";2026-10-07
"3596";"Precio del cobre";"2025-07-22";4,4111;2025;NA;7;"precio_cobre";2026-10-07
"3597";"Precio del cobre";"2025-07-23";4,4421;2025;NA;7;"precio_cobre";2026-10-07
"3598";"Precio del cobre";"2025-07-24";4,4685;2025;NA;7;"precio_cobre";2026-10-07
"3599";"Precio del cobre";"2025-07-25";4,4807;2025;NA;7;"precio_cobre";2026-10-07
"3600";"Precio del cobre";"2025-07-26";4,4807;2025;NA;7;"precio_cobre";2026-10-07
"3601";"Precio del cobre";"2025-07-27";4,4807;2025;NA;7;"precio_cobre";2026-10-07
"3602";"Precio del cobre";"2025-07-28";4,4575;2025;NA;7;"precio_cobre";2026-10-07
"3603";"Precio del cobre";"2025-07-29";4,4071;2025;NA;7;"precio_cobre";2026-10-07
"3604";"Precio del cobre";"2025-07-30";4,4174;2025;NA;7;"precio_cobre";2026-10-07
"3605";"Precio del cobre";"2025-07-31";4,4209;2025;NA;7;"precio_cobre";2026-10-07
"3606";"Precio del cobre";"2025-08-01";4,378;2025;NA;8;"precio_cobre";2026-10-07
"3607";"Precio del cobre";"2025-08-02";4,378;2025;NA;8;"precio_cobre";2026-10-07
"3608";"Precio del cobre";"2025-08-03";4,378;2025;NA;8;"precio_cobre";2026-10-07
"3609";"Precio del cobre";"2025-08-04";4,3365;2025;NA;8;"precio_cobre";2026-10-07
"3610";"Precio del cobre";"2025-08-05";4,346;2025;NA;8;"precio_cobre";2026-10-07
"3611";"Precio del cobre";"2025-08-06";4,3701;2025;NA;8;"precio_cobre";2026-10-07
"3612";"Precio del cobre";"2025-08-07";4,3415;2025;NA;8;"precio_cobre";2026-10-07
"3613";"Precio del cobre";"2025-08-08";4,3606;2025;NA;8;"precio_cobre";2026-10-07
"3614";"Precio del cobre";"2025-08-09";4,3606;2025;NA;8;"precio_cobre";2026-10-07
"3615";"Precio del cobre";"2025-08-10";4,3606;2025;NA;8;"precio_cobre";2026-10-07
"3616";"Precio del cobre";"2025-08-11";4,3631;2025;NA;8;"precio_cobre";2026-10-07
"3617";"Precio del cobre";"2025-08-12";4,3965;2025;NA;8;"precio_cobre";2026-10-07
"3618";"Precio del cobre";"2025-08-13";4,3764;2025;NA;8;"precio_cobre";2026-10-07
"3619";"Precio del cobre";"2025-08-14";4,4241;2025;NA;8;"precio_cobre";2026-10-07
"3620";"Precio del cobre";"2025-08-15";4,4241;2025;NA;8;"precio_cobre";2026-10-07
"3621";"Precio del cobre";"2025-08-16";4,4241;2025;NA;8;"precio_cobre";2026-10-07
"3622";"Precio del cobre";"2025-08-17";4,4241;2025;NA;8;"precio_cobre";2026-10-07
"3623";"Precio del cobre";"2025-08-18";4,4107;2025;NA;8;"precio_cobre";2026-10-07
"3624";"Precio del cobre";"2025-08-19";4,3907;2025;NA;8;"precio_cobre";2026-10-07
"3625";"Precio del cobre";"2025-08-20";4,371;2025;NA;8;"precio_cobre";2026-10-07
"3626";"Precio del cobre";"2025-08-21";4,3523;2025;NA;8;"precio_cobre";2026-10-07
"3627";"Precio del cobre";"2025-08-22";4,368;2025;NA;8;"precio_cobre";2026-10-07
"3628";"Precio del cobre";"2025-08-23";4,368;2025;NA;8;"precio_cobre";2026-10-07
"3629";"Precio del cobre";"2025-08-24";4,368;2025;NA;8;"precio_cobre";2026-10-07
"3630";"Precio del cobre";"2025-08-25";4,3743;2025;NA;8;"precio_cobre";2026-10-07
"3631";"Precio del cobre";"2025-08-26";4,4081;2025;NA;8;"precio_cobre";2026-10-07
"3632";"Precio del cobre";"2025-08-27";4,4081;2025;NA;8;"precio_cobre";2026-10-07
"3633";"Precio del cobre";"2025-08-28";4,4236;2025;NA;8;"precio_cobre";2026-10-07
"3634";"Precio del cobre";"2025-08-29";4,3843;2025;NA;8;"precio_cobre";2026-10-07
"3635";"Precio del cobre";"2025-08-30";4,3843;2025;NA;8;"precio_cobre";2026-10-07
"3636";"Precio del cobre";"2025-08-31";4,3843;2025;NA;8;"precio_cobre";2026-10-07
"3637";"Precio del cobre";"2025-09-01";4,4159;2025;NA;9;"precio_cobre";2026-10-07
"3638";"Precio del cobre";"2025-09-02";4,4551;2025;NA;9;"precio_cobre";2026-10-07
"3639";"Precio del cobre";"2025-09-03";4,4442;2025;NA;9;"precio_cobre";2026-10-07
"3640";"Precio del cobre";"2025-09-04";4,4956;2025;NA;9;"precio_cobre";2026-10-07
"3641";"Precio del cobre";"2025-09-05";4,4945;2025;NA;9;"precio_cobre";2026-10-07
"3642";"Precio del cobre";"2025-09-06";4,4945;2025;NA;9;"precio_cobre";2026-10-07
"3643";"Precio del cobre";"2025-09-07";4,4945;2025;NA;9;"precio_cobre";2026-10-07
"3644";"Precio del cobre";"2025-09-08";4,4592;2025;NA;9;"precio_cobre";2026-10-07
"3645";"Precio del cobre";"2025-09-09";4,4586;2025;NA;9;"precio_cobre";2026-10-07
"3646";"Precio del cobre";"2025-09-10";4,4606;2025;NA;9;"precio_cobre";2026-10-07
"3647";"Precio del cobre";"2025-09-11";4,4616;2025;NA;9;"precio_cobre";2026-10-07
"3648";"Precio del cobre";"2025-09-12";4,5162;2025;NA;9;"precio_cobre";2026-10-07
"3649";"Precio del cobre";"2025-09-13";4,5162;2025;NA;9;"precio_cobre";2026-10-07
"3650";"Precio del cobre";"2025-09-14";4,5162;2025;NA;9;"precio_cobre";2026-10-07
"3651";"Precio del cobre";"2025-09-15";4,5314;2025;NA;9;"precio_cobre";2026-10-07
"3652";"Precio del cobre";"2025-09-16";4,5333;2025;NA;9;"precio_cobre";2026-10-07
"3653";"Precio del cobre";"2025-09-17";4,5925;2025;NA;9;"precio_cobre";2026-10-07
"3654";"Precio del cobre";"2025-09-18";4,5925;2025;NA;9;"precio_cobre";2026-10-07
"3655";"Precio del cobre";"2025-09-19";4,5925;2025;NA;9;"precio_cobre";2026-10-07
"3656";"Precio del cobre";"2025-09-20";4,5925;2025;NA;9;"precio_cobre";2026-10-07
"3657";"Precio del cobre";"2025-09-21";4,5925;2025;NA;9;"precio_cobre";2026-10-07
"3658";"Precio del cobre";"2025-09-22";4,5665;2025;NA;9;"precio_cobre";2026-10-07
"3659";"Precio del cobre";"2025-09-23";4,5015;2025;NA;9;"precio_cobre";2026-10-07
"3660";"Precio del cobre";"2025-09-24";4,4906;2025;NA;9;"precio_cobre";2026-10-07
"3661";"Precio del cobre";"2025-09-25";4,4912;2025;NA;9;"precio_cobre";2026-10-07
"3662";"Precio del cobre";"2025-09-26";4,6744;2025;NA;9;"precio_cobre";2026-10-07
"3663";"Precio del cobre";"2025-09-27";4,6744;2025;NA;9;"precio_cobre";2026-10-07
"3664";"Precio del cobre";"2025-09-28";4,6744;2025;NA;9;"precio_cobre";2026-10-07
"3665";"Precio del cobre";"2025-09-29";4,6394;2025;NA;9;"precio_cobre";2026-10-07
"3666";"Precio del cobre";"2025-09-30";4,6006;2025;NA;9;"precio_cobre";2026-10-07
"3667";"Precio del cobre";"2025-10-01";4,7105;2025;NA;10;"precio_cobre";2026-10-07
"3668";"Precio del cobre";"2025-10-02";4,6383;2025;NA;10;"precio_cobre";2026-10-07
"3669";"Precio del cobre";"2025-10-03";4,6894;2025;NA;10;"precio_cobre";2026-10-07
"3670";"Precio del cobre";"2025-10-04";4,6894;2025;NA;10;"precio_cobre";2026-10-07
"3671";"Precio del cobre";"2025-10-05";4,6894;2025;NA;10;"precio_cobre";2026-10-07
"3672";"Precio del cobre";"2025-10-06";4,743;2025;NA;10;"precio_cobre";2026-10-07
"3673";"Precio del cobre";"2025-10-07";4,8491;2025;NA;10;"precio_cobre";2026-10-07
"3674";"Precio del cobre";"2025-10-08";4,8141;2025;NA;10;"precio_cobre";2026-10-07
"3675";"Precio del cobre";"2025-10-09";4,8645;2025;NA;10;"precio_cobre";2026-10-07
"3676";"Precio del cobre";"2025-10-10";4,826;2025;NA;10;"precio_cobre";2026-10-07
"3677";"Precio del cobre";"2025-10-11";4,826;2025;NA;10;"precio_cobre";2026-10-07
"3678";"Precio del cobre";"2025-10-12";4,826;2025;NA;10;"precio_cobre";2026-10-07
"3679";"Precio del cobre";"2025-10-13";4,9182;2025;NA;10;"precio_cobre";2026-10-07
"3680";"Precio del cobre";"2025-10-14";4,7568;2025;NA;10;"precio_cobre";2026-10-07
"3681";"Precio del cobre";"2025-10-15";5,011;2025;NA;10;"precio_cobre";2026-10-07
"3682";"Precio del cobre";"2025-10-16";4,823;2025;NA;10;"precio_cobre";2026-10-07
"3683";"Precio del cobre";"2025-10-17";4,8394;2025;NA;10;"precio_cobre";2026-10-07
"3684";"Precio del cobre";"2025-10-18";4,8394;2025;NA;10;"precio_cobre";2026-10-07
"3685";"Precio del cobre";"2025-10-19";4,8394;2025;NA;10;"precio_cobre";2026-10-07
"3686";"Precio del cobre";"2025-10-20";4,8244;2025;NA;10;"precio_cobre";2026-10-07
"3687";"Precio del cobre";"2025-10-21";4,8025;2025;NA;10;"precio_cobre";2026-10-07
"3688";"Precio del cobre";"2025-10-22";4,839;2025;NA;10;"precio_cobre";2026-10-07
"3689";"Precio del cobre";"2025-10-23";4,8051;2025;NA;10;"precio_cobre";2026-10-07
"3690";"Precio del cobre";"2025-10-24";4,8338;2025;NA;10;"precio_cobre";2026-10-07
"3691";"Precio del cobre";"2025-10-25";4,8338;2025;NA;10;"precio_cobre";2026-10-07
"3692";"Precio del cobre";"2025-10-26";4,8338;2025;NA;10;"precio_cobre";2026-10-07
"3693";"Precio del cobre";"2025-10-27";4,9183;2025;NA;10;"precio_cobre";2026-10-07
"3694";"Precio del cobre";"2025-10-28";4,9608;2025;NA;10;"precio_cobre";2026-10-07
"3695";"Precio del cobre";"2025-10-29";4,9919;2025;NA;10;"precio_cobre";2026-10-07
"3696";"Precio del cobre";"2025-10-30";4,9982;2025;NA;10;"precio_cobre";2026-10-07
"3697";"Precio del cobre";"2025-10-31";4,9982;2025;NA;10;"precio_cobre";2026-10-07
"3698";"Precio del cobre";"2025-11-01";4,9982;2025;NA;11;"precio_cobre";2026-10-07
"3699";"Precio del cobre";"2025-11-02";4,9982;2025;NA;11;"precio_cobre";2026-10-07
"3700";"Precio del cobre";"2025-11-03";5,0639;2025;NA;11;"precio_cobre";2026-10-07
"3701";"Precio del cobre";"2025-11-04";4,932;2025;NA;11;"precio_cobre";2026-10-07
"3702";"Precio del cobre";"2025-11-05";4,9121;2025;NA;11;"precio_cobre";2026-10-07
"3703";"Precio del cobre";"2025-11-06";4,8231;2025;NA;11;"precio_cobre";2026-10-07
"3704";"Precio del cobre";"2025-11-07";4,8349;2025;NA;11;"precio_cobre";2026-10-07
"3705";"Precio del cobre";"2025-11-08";4,8349;2025;NA;11;"precio_cobre";2026-10-07
"3706";"Precio del cobre";"2025-11-09";4,8349;2025;NA;11;"precio_cobre";2026-10-07
"3707";"Precio del cobre";"2025-11-10";4,8315;2025;NA;11;"precio_cobre";2026-10-07
"3708";"Precio del cobre";"2025-11-11";4,8527;2025;NA;11;"precio_cobre";2026-10-07
"3709";"Precio del cobre";"2025-11-12";4,8903;2025;NA;11;"precio_cobre";2026-10-07
"3710";"Precio del cobre";"2025-11-13";4,9014;2025;NA;11;"precio_cobre";2026-10-07
"3711";"Precio del cobre";"2025-11-14";4,9578;2025;NA;11;"precio_cobre";2026-10-07
"3712";"Precio del cobre";"2025-11-15";4,9578;2025;NA;11;"precio_cobre";2026-10-07
"3713";"Precio del cobre";"2025-11-16";4,9578;2025;NA;11;"precio_cobre";2026-10-07
"3714";"Precio del cobre";"2025-11-17";4,9669;2025;NA;11;"precio_cobre";2026-10-07
"3715";"Precio del cobre";"2025-11-18";4,9242;2025;NA;11;"precio_cobre";2026-10-07
"3716";"Precio del cobre";"2025-11-19";4,8743;2025;NA;11;"precio_cobre";2026-10-07
"3717";"Precio del cobre";"2025-11-20";4,8463;2025;NA;11;"precio_cobre";2026-10-07
"3718";"Precio del cobre";"2025-11-21";4,8623;2025;NA;11;"precio_cobre";2026-10-07
"3719";"Precio del cobre";"2025-11-22";4,8623;2025;NA;11;"precio_cobre";2026-10-07
"3720";"Precio del cobre";"2025-11-23";4,8623;2025;NA;11;"precio_cobre";2026-10-07
"3721";"Precio del cobre";"2025-11-24";4,8624;2025;NA;11;"precio_cobre";2026-10-07
"3722";"Precio del cobre";"2025-11-25";4,8891;2025;NA;11;"precio_cobre";2026-10-07
"3723";"Precio del cobre";"2025-11-26";4,8979;2025;NA;11;"precio_cobre";2026-10-07
"3724";"Precio del cobre";"2025-11-27";4,9113;2025;NA;11;"precio_cobre";2026-10-07
"3725";"Precio del cobre";"2025-11-28";4,9822;2025;NA;11;"precio_cobre";2026-10-07
"3726";"Precio del cobre";"2025-11-29";4,9822;2025;NA;11;"precio_cobre";2026-10-07
"3727";"Precio del cobre";"2025-11-30";4,9822;2025;NA;11;"precio_cobre";2026-10-07
"3728";"Precio del cobre";"2025-12-01";4,9696;2025;NA;12;"precio_cobre";2026-10-07
"3729";"Precio del cobre";"2025-12-02";5,0956;2025;NA;12;"precio_cobre";2026-10-07
"3730";"Precio del cobre";"2025-12-03";5,1352;2025;NA;12;"precio_cobre";2026-10-07
"3731";"Precio del cobre";"2025-12-04";5,0867;2025;NA;12;"precio_cobre";2026-10-07
"3732";"Precio del cobre";"2025-12-05";5,2508;2025;NA;12;"precio_cobre";2026-10-07
"3733";"Precio del cobre";"2025-12-06";5,2508;2025;NA;12;"precio_cobre";2026-10-07
"3734";"Precio del cobre";"2025-12-07";5,2508;2025;NA;12;"precio_cobre";2026-10-07
"3735";"Precio del cobre";"2025-12-08";5,2508;2025;NA;12;"precio_cobre";2026-10-07
"3736";"Precio del cobre";"2025-12-09";5,2166;2025;NA;12;"precio_cobre";2026-10-07
"3737";"Precio del cobre";"2025-12-10";5,2815;2025;NA;12;"precio_cobre";2026-10-07
"3738";"Precio del cobre";"2025-12-11";5,2105;2025;NA;12;"precio_cobre";2026-10-07
"3739";"Precio del cobre";"2025-12-12";5,2473;2025;NA;12;"precio_cobre";2026-10-07
"3740";"Precio del cobre";"2025-12-13";5,2473;2025;NA;12;"precio_cobre";2026-10-07
"3741";"Precio del cobre";"2025-12-14";5,2473;2025;NA;12;"precio_cobre";2026-10-07
"3742";"Precio del cobre";"2025-12-15";5,3963;2025;NA;12;"precio_cobre";2026-10-07
"3743";"Precio del cobre";"2025-12-16";5,2326;2025;NA;12;"precio_cobre";2026-10-07
"3744";"Precio del cobre";"2025-12-17";5,2849;2025;NA;12;"precio_cobre";2026-10-07
"3745";"Precio del cobre";"2025-12-18";5,2538;2025;NA;12;"precio_cobre";2026-10-07
"3746";"Precio del cobre";"2025-12-19";5,3194;2025;NA;12;"precio_cobre";2026-10-07
"3747";"Precio del cobre";"2025-12-20";5,3194;2025;NA;12;"precio_cobre";2026-10-07
"3748";"Precio del cobre";"2025-12-21";5,3194;2025;NA;12;"precio_cobre";2026-10-07
"3749";"Precio del cobre";"2025-12-22";5,3362;2025;NA;12;"precio_cobre";2026-10-07
"3750";"Precio del cobre";"2025-12-23";5,3916;2025;NA;12;"precio_cobre";2026-10-07
"3751";"Precio del cobre";"2025-12-24";5,4121;2025;NA;12;"precio_cobre";2026-10-07
"3752";"Precio del cobre";"2025-12-25";5,4121;2025;NA;12;"precio_cobre";2026-10-07
"3753";"Precio del cobre";"2025-12-26";5,4766;2025;NA;12;"precio_cobre";2026-10-07
"3754";"Precio del cobre";"2025-12-27";5,4766;2025;NA;12;"precio_cobre";2026-10-07
"3755";"Precio del cobre";"2025-12-28";5,4766;2025;NA;12;"precio_cobre";2026-10-07
"3756";"Precio del cobre";"2025-12-29";5,5258;2025;NA;12;"precio_cobre";2026-10-07
"3757";"Precio del cobre";"2025-12-30";5,5258;2025;NA;12;"precio_cobre";2026-10-07
"3758";"Precio del cobre";"2026-1-1";5,56;2026;NA;1;"precio_cobre";2026-10-07
"3759";"Precio del cobre";"2026-1-2";5,56;2026;NA;1;"precio_cobre";2026-10-07
"3760";"Precio del cobre";"2026-1-3";5,56;2026;NA;1;"precio_cobre";2026-10-07
"3761";"Precio del cobre";"2026-1-4";5,56;2026;NA;1;"precio_cobre";2026-10-07
"3762";"Precio del cobre";"2026-1-5";5,65;2026;NA;1;"precio_cobre";2026-10-07
"3763";"Precio del cobre";"2026-1-6";5,67;2026;NA;1;"precio_cobre";2026-10-07
"3764";"Precio del cobre";"2026-1-7";5,91;2026;NA;1;"precio_cobre";2026-10-07
"3765";"Precio del cobre";"2026-1-8";6,01;2026;NA;1;"precio_cobre";2026-10-07
"3766";"Precio del cobre";"2026-1-9";5,86;2026;NA;1;"precio_cobre";2026-10-07
"3767";"Precio del cobre";"2026-1-10";5,86;2026;NA;1;"precio_cobre";2026-10-07
"3768";"Precio del cobre";"2026-1-11";5,86;2026;NA;1;"precio_cobre";2026-10-07
"3769";"Precio del cobre";"2026-1-12";5,78;2026;NA;1;"precio_cobre";2026-10-07
"3770";"Precio del cobre";"2026-1-13";5,91;2026;NA;1;"precio_cobre";2026-10-07
"3771";"Precio del cobre";"2026-1-14";6,02;2026;NA;1;"precio_cobre";2026-10-07
"3772";"Precio del cobre";"2026-1-15";6,01;2026;NA;1;"precio_cobre";2026-10-07
"3773";"Precio del cobre";"2026-1-16";6;2026;NA;1;"precio_cobre";2026-10-07
"3774";"Precio del cobre";"2026-1-17";6;2026;NA;1;"precio_cobre";2026-10-07
"3775";"Precio del cobre";"2026-1-18";6;2026;NA;1;"precio_cobre";2026-10-07
"3776";"Precio del cobre";"2026-1-19";5,96;2026;NA;1;"precio_cobre";2026-10-07
"3777";"Precio del cobre";"2026-1-20";5,84;2026;NA;1;"precio_cobre";2026-10-07
"3778";"Precio del cobre";"2026-1-21";5,91;2026;NA;1;"precio_cobre";2026-10-07
"3779";"Precio del cobre";"2026-1-22";5,83;2026;NA;1;"precio_cobre";2026-10-07
"3780";"Precio del cobre";"2026-1-23";5,8;2026;NA;1;"precio_cobre";2026-10-07
"3781";"Precio del cobre";"2026-1-24";5,8;2026;NA;1;"precio_cobre";2026-10-07
"3782";"Precio del cobre";"2026-1-25";5,8;2026;NA;1;"precio_cobre";2026-10-07
"3783";"Precio del cobre";"2026-1-26";5,75;2026;NA;1;"precio_cobre";2026-10-07
"3784";"Precio del cobre";"2026-1-27";5,92;2026;NA;1;"precio_cobre";2026-10-07
"3785";"Precio del cobre";"2026-1-28";5,95;2026;NA;1;"precio_cobre";2026-10-07
"3786";"Precio del cobre";"2026-1-29";5,86;2026;NA;1;"precio_cobre";2026-10-07
"3787";"Precio del cobre";"2026-1-30";5,89;2026;NA;1;"precio_cobre";2026-10-07
"3788";"Precio del cobre";"2026-1-31";5,89;2026;NA;1;"precio_cobre";2026-10-07
"3789";"Precio del cobre";"2026-2-1";5,89;2026;NA;2;"precio_cobre";2026-10-07
"3790";"Precio del cobre";"2026-2-2";6,13;2026;NA;2;"precio_cobre";2026-10-07
"3791";"Precio del cobre";"2026-2-3";5,93;2026;NA;2;"precio_cobre";2026-10-07
"3792";"Precio del cobre";"2026-2-4";5,82;2026;NA;2;"precio_cobre";2026-10-07
"3793";"Precio del cobre";"2026-2-5";6,08;2026;NA;2;"precio_cobre";2026-10-07
"3794";"Precio del cobre";"2026-2-6";5,88;2026;NA;2;"precio_cobre";2026-10-07
"3795";"Precio del cobre";"2026-2-7";5,88;2026;NA;2;"precio_cobre";2026-10-07
"3796";"Precio del cobre";"2026-2-8";5,88;2026;NA;2;"precio_cobre";2026-10-07
"3797";"Precio del cobre";"2026-2-9";5,82;2026;NA;2;"precio_cobre";2026-10-07
"3798";"Precio del cobre";"2026-2-10";5,86;2026;NA;2;"precio_cobre";2026-10-07
"3799";"Precio del cobre";"2026-2-11";5,94;2026;NA;2;"precio_cobre";2026-10-07
"3800";"Precio del cobre";"2026-2-12";5,91;2026;NA;2;"precio_cobre";2026-10-07
"3801";"Precio del cobre";"2026-2-13";5,94;2026;NA;2;"precio_cobre";2026-10-07
"3802";"Precio del cobre";"2026-2-14";5,94;2026;NA;2;"precio_cobre";2026-10-07
"3803";"Precio del cobre";"2026-2-15";5,94;2026;NA;2;"precio_cobre";2026-10-07
"3804";"Precio del cobre";"2026-2-16";5,8;2026;NA;2;"precio_cobre";2026-10-07
"3805";"Precio del cobre";"2026-2-17";5,79;2026;NA;2;"precio_cobre";2026-10-07
"3806";"Precio del cobre";"2026-2-18";5,78;2026;NA;2;"precio_cobre";2026-10-07
"3807";"Precio del cobre";"2026-2-19";5,67;2026;NA;2;"precio_cobre";2026-10-07
"3808";"Precio del cobre";"2026-2-20";5,81;2026;NA;2;"precio_cobre";2026-10-07
"3809";"Precio del cobre";"2026-2-21";5,81;2026;NA;2;"precio_cobre";2026-10-07
"3810";"Precio del cobre";"2026-2-22";5,81;2026;NA;2;"precio_cobre";2026-10-07
"3811";"Precio del cobre";"2026-2-23";5,77;2026;NA;2;"precio_cobre";2026-10-07
"3812";"Precio del cobre";"2026-2-24";5,84;2026;NA;2;"precio_cobre";2026-10-07
"3813";"Precio del cobre";"2026-2-25";5,8;2026;NA;2;"precio_cobre";2026-10-07
"3814";"Precio del cobre";"2026-2-26";5,93;2026;NA;2;"precio_cobre";2026-10-07
"3815";"Precio del cobre";"2026-2-27";6,01;2026;NA;2;"precio_cobre";2026-10-07
"3816";"Precio del cobre";"2026-2-28";6,01;2026;NA;2;"precio_cobre";2026-10-07
"3817";"Precio del cobre";"2026-3-1";6,01;2026;NA;3;"precio_cobre";2026-10-07
"3818";"Precio del cobre";"2026-3-2";6;2026;NA;3;"precio_cobre";2026-10-07
"3819";"Precio del cobre";"2026-3-3";6,03;2026;NA;3;"precio_cobre";2026-10-07
"3820";"Precio del cobre";"2026-3-4";5,91;2026;NA;3;"precio_cobre";2026-10-07
"3821";"Precio del cobre";"2026-3-5";5,86;2026;NA;3;"precio_cobre";2026-10-07
"3822";"Precio del cobre";"2026-3-6";5,91;2026;NA;3;"precio_cobre";2026-10-07
"3823";"Precio del cobre";"2026-3-7";5,91;2026;NA;3;"precio_cobre";2026-10-07
"3824";"Precio del cobre";"2026-3-8";5,91;2026;NA;3;"precio_cobre";2026-10-07
"3825";"Precio del cobre";"2026-3-9";5,83;2026;NA;3;"precio_cobre";2026-10-07
"3826";"Precio del cobre";"2026-3-10";5,81;2026;NA;3;"precio_cobre";2026-10-07
"3827";"Precio del cobre";"2026-3-11";5,85;2026;NA;3;"precio_cobre";2026-10-07
"3828";"Precio del cobre";"2026-3-12";5,92;2026;NA;3;"precio_cobre";2026-10-07
"3829";"Precio del cobre";"2026-3-13";5,87;2026;NA;3;"precio_cobre";2026-10-07
"3830";"Precio del cobre";"2026-3-14";5,87;2026;NA;3;"precio_cobre";2026-10-07
"3831";"Precio del cobre";"2026-3-15";5,87;2026;NA;3;"precio_cobre";2026-10-07
"3832";"Precio del cobre";"2026-3-16";5,85;2026;NA;3;"precio_cobre";2026-10-07
"3833";"Precio del cobre";"2026-3-17";5,75;2026;NA;3;"precio_cobre";2026-10-07
"3834";"Precio del cobre";"2026-3-18";5,78;2026;NA;3;"precio_cobre";2026-10-07
"3835";"Precio del cobre";"2026-3-19";5,74;2026;NA;3;"precio_cobre";2026-10-07
"3836";"Precio del cobre";"2026-3-20";5,57;2026;NA;3;"precio_cobre";2026-10-07
"3837";"Precio del cobre";"2026-3-21";5,57;2026;NA;3;"precio_cobre";2026-10-07
"3838";"Precio del cobre";"2026-3-22";5,57;2026;NA;3;"precio_cobre";2026-10-07
"3839";"Precio del cobre";"2026-3-23";5,46;2026;NA;3;"precio_cobre";2026-10-07
"3840";"Precio del cobre";"2026-3-24";5,37;2026;NA;3;"precio_cobre";2026-10-07
"3841";"Precio del cobre";"2026-3-25";5,48;2026;NA;3;"precio_cobre";2026-10-07
"3842";"Precio del cobre";"2026-3-26";5,45;2026;NA;3;"precio_cobre";2026-10-07
"3843";"Precio del cobre";"2026-3-27";5,56;2026;NA;3;"precio_cobre";2026-10-07
"3844";"Precio del cobre";"2026-3-28";5,56;2026;NA;3;"precio_cobre";2026-10-07
"3845";"Precio del cobre";"2026-3-29";5,56;2026;NA;3;"precio_cobre";2026-10-07
"3846";"Precio del cobre";"2026-3-30";5,48;2026;NA;3;"precio_cobre";2026-10-07
"3847";"Precio del cobre";"2026-3-31";5,5;2026;NA;3;"precio_cobre";2026-10-07
"3848";"Precio del cobre";"2026-4-1";5,51;2026;NA;4;"precio_cobre";2026-10-07
"3849";"Precio del cobre";"2026-4-2";5,56;2026;NA;4;"precio_cobre";2026-10-07
"3850";"Precio del cobre";"2026-4-3";5,56;2026;NA;4;"precio_cobre";2026-10-07
"3851";"Precio del cobre";"2026-4-4";5,56;2026;NA;4;"precio_cobre";2026-10-07
"3852";"Precio del cobre";"2026-4-5";5,56;2026;NA;4;"precio_cobre";2026-10-07
"3853";"Precio del cobre";"2026-4-6";5,6;2026;NA;4;"precio_cobre";2026-10-07
"3854";"Precio del cobre";"2026-4-7";5,57;2026;NA;4;"precio_cobre";2026-10-07
"3855";"Precio del cobre";"2026-4-8";5,57;2026;NA;4;"precio_cobre";2026-10-07
"3856";"Precio del cobre";"2026-4-9";5,55;2026;NA;4;"precio_cobre";2026-10-07
"3857";"Precio del cobre";"2026-4-10";5,72;2026;NA;4;"precio_cobre";2026-10-07
"3858";"Precio del cobre";"2026-4-11";5,72;2026;NA;4;"precio_cobre";2026-10-07
"3859";"Precio del cobre";"2026-4-12";5,72;2026;NA;4;"precio_cobre";2026-10-07
"3860";"Precio del cobre";"2026-4-13";5,71;2026;NA;4;"precio_cobre";2026-10-07
"3861";"Precio del cobre";"2026-4-14";5,81;2026;NA;4;"precio_cobre";2026-10-07
"3862";"Precio del cobre";"2026-4-15";5,9;2026;NA;4;"precio_cobre";2026-10-07
"3863";"Precio del cobre";"2026-4-16";6,01;2026;NA;4;"precio_cobre";2026-10-07
"3864";"Precio del cobre";"2026-4-17";5,98;2026;NA;4;"precio_cobre";2026-10-07
"3865";"Precio del cobre";"2026-4-18";5,98;2026;NA;4;"precio_cobre";2026-10-07
"3866";"Precio del cobre";"2026-4-19";5,98;2026;NA;4;"precio_cobre";2026-10-07
"3867";"Precio del cobre";"2026-4-20";5,99;2026;NA;4;"precio_cobre";2026-10-07
"3868";"Precio del cobre";"2026-4-21";6,02;2026;NA;4;"precio_cobre";2026-10-07
"3869";"Precio del cobre";"2026-4-22";5,99;2026;NA;4;"precio_cobre";2026-10-07
"3870";"Precio del cobre";"2026-4-23";5,97;2026;NA;4;"precio_cobre";2026-10-07
"3871";"Precio del cobre";"2026-4-24";6,07;2026;NA;4;"precio_cobre";2026-10-07
"3872";"Precio del cobre";"2026-4-25";6,07;2026;NA;4;"precio_cobre";2026-10-07
"3873";"Precio del cobre";"2026-4-26";6,07;2026;NA;4;"precio_cobre";2026-10-07
"3874";"Precio del cobre";"2026-4-27";6,03;2026;NA;4;"precio_cobre";2026-10-07
"3875";"Precio del cobre";"2026-4-28";6,01;2026;NA;4;"precio_cobre";2026-10-07
"3876";"Precio del cobre";"2026-4-29";5,96;2026;NA;4;"precio_cobre";2026-10-07
"3877";"Precio del cobre";"2026-4-30";5,87;2026;NA;4;"precio_cobre";2026-10-07
"3878";"Precio del cobre";"2026-5-1";5,87;2026;NA;5;"precio_cobre";2026-10-07
"3879";"Precio del cobre";"2026-5-2";5,87;2026;NA;5;"precio_cobre";2026-10-07
"3880";"Precio del cobre";"2026-5-3";5,87;2026;NA;5;"precio_cobre";2026-10-07
"3881";"Precio del cobre";"2026-5-4";5,86;2026;NA;5;"precio_cobre";2026-10-07
"3882";"Precio del cobre";"2026-5-5";5,86;2026;NA;5;"precio_cobre";2026-10-07
"3883";"Precio del cobre";"2026-5-6";5,86;2026;NA;5;"precio_cobre";2026-10-07
"3884";"Precio del cobre";"2026-5-7";5,92;2026;NA;5;"precio_cobre";2026-10-07
"3885";"Precio del cobre";"2026-5-8";6,04;2026;NA;5;"precio_cobre";2026-10-07
"3886";"Precio del cobre";"2026-5-9";6,04;2026;NA;5;"precio_cobre";2026-10-07
"3887";"Precio del cobre";"2026-5-10";6,04;2026;NA;5;"precio_cobre";2026-10-07
"3888";"Precio del cobre";"2026-5-11";6,05;2026;NA;5;"precio_cobre";2026-10-07
"3889";"Precio del cobre";"2026-5-12";6,13;2026;NA;5;"precio_cobre";2026-10-07
"3890";"Precio del cobre";"2026-5-13";6,3;2026;NA;5;"precio_cobre";2026-10-07
"3891";"Precio del cobre";"2026-5-14";6,33;2026;NA;5;"precio_cobre";2026-10-07
"3892";"Precio del cobre";"2026-5-15";6,4;2026;NA;5;"precio_cobre";2026-10-07
"3893";"Precio del cobre";"2026-5-16";6,4;2026;NA;5;"precio_cobre";2026-10-07
"3894";"Precio del cobre";"2026-5-17";6,4;2026;NA;5;"precio_cobre";2026-10-07
"3895";"Precio del cobre";"2026-5-18";6,3;2026;NA;5;"precio_cobre";2026-10-07
"3896";"Precio del cobre";"2026-5-19";6,13;2026;NA;5;"precio_cobre";2026-10-07
"3897";"Precio del cobre";"2026-5-20";6,14;2026;NA;5;"precio_cobre";2026-10-07
"3898";"Precio del cobre";"2026-5-21";6,14;2026;NA;5;"precio_cobre";2026-10-07
"3899";"Precio del cobre";"2026-5-22";6,05;2026;NA;5;"precio_cobre";2026-10-07
"3900";"Precio del cobre";"2026-5-23";6,05;2026;NA;5;"precio_cobre";2026-10-07
"3901";"Precio del cobre";"2026-5-24";6,05;2026;NA;5;"precio_cobre";2026-10-07
"3902";"Precio del cobre";"2026-5-25";6,1;2026;NA;5;"precio_cobre";2026-10-07
"3903";"Precio del cobre";"2026-5-26";6,18;2026;NA;5;"precio_cobre";2026-10-07
"3904";"Precio del cobre";"2026-5-27";6,18;2026;NA;5;"precio_cobre";2026-10-07
"3905";"Precio del cobre";"2026-5-28";6,15;2026;NA;5;"precio_cobre";2026-10-07
"3906";"Precio del cobre";"2026-5-29";6,11;2026;NA;5;"precio_cobre";2026-10-07
"3907";"Precio del cobre";"2026-5-30";6,11;2026;NA;5;"precio_cobre";2026-10-07
"3908";"Precio del cobre";"2026-5-31";6,11;2026;NA;5;"precio_cobre";2026-10-07
"3909";"Precio del cobre";"2026-6-1";6,19;2026;NA;6;"precio_cobre";2026-10-07
"3910";"Precio del cobre";"2026-6-2";6,17;2026;NA;6;"precio_cobre";2026-10-07
"3911";"Precio del cobre";"2026-6-3";6,26;2026;NA;6;"precio_cobre";2026-10-07
"3912";"Precio del cobre";"2026-6-4";6,37;2026;NA;6;"precio_cobre";2026-10-07
"3913";"Precio del cobre";"2026-6-5";6,26;2026;NA;6;"precio_cobre";2026-10-07
"3914";"Precio del cobre";"2026-6-6";6,26;2026;NA;6;"precio_cobre";2026-10-07
"3915";"Precio del cobre";"2026-6-7";6,26;2026;NA;6;"precio_cobre";2026-10-07
"3916";"Precio del cobre";"2026-6-8";6,31;2026;NA;6;"precio_cobre";2026-10-07
"3917";"Precio del cobre";"2026-6-9";6,12;2026;NA;6;"precio_cobre";2026-10-07
"3918";"Precio del cobre";"2026-6-10";6,17;2026;NA;6;"precio_cobre";2026-10-07
"3919";"Precio del cobre";"2026-6-11";6,16;2026;NA;6;"precio_cobre";2026-10-07
"3920";"Precio del cobre";"2026-6-12";6,11;2026;NA;6;"precio_cobre";2026-10-07
"3921";"Precio del cobre";"2026-6-13";6,11;2026;NA;6;"precio_cobre";2026-10-07
"3922";"Precio del cobre";"2026-6-14";6,11;2026;NA;6;"precio_cobre";2026-10-07
"3923";"Precio del cobre";"2026-6-15";6,1;2026;NA;6;"precio_cobre";2026-10-07
"3924";"Precio del cobre";"2026-6-16";6,19;2026;NA;6;"precio_cobre";2026-10-07
"3925";"Precio del cobre";"2026-6-17";6,2;2026;NA;6;"precio_cobre";2026-10-07
"3926";"Precio del cobre";"2026-6-18";6,21;2026;NA;6;"precio_cobre";2026-10-07
"3927";"Precio del cobre";"2026-6-19";6,24;2026;NA;6;"precio_cobre";2026-10-07
"3928";"Precio del cobre";"2026-6-20";6,24;2026;NA;6;"precio_cobre";2026-10-07
"3929";"Precio del cobre";"2026-6-21";6,24;2026;NA;6;"precio_cobre";2026-10-07
"3930";"Precio del cobre";"2026-6-22";6,18;2026;NA;6;"precio_cobre";2026-10-07
"3931";"Precio del cobre";"2026-6-23";6,14;2026;NA;6;"precio_cobre";2026-10-07
"3932";"Precio del cobre";"2026-6-24";6,16;2026;NA;6;"precio_cobre";2026-10-07
"3933";"Precio del cobre";"2026-6-25";6,03;2026;NA;6;"precio_cobre";2026-10-07
"3934";"Precio del cobre";"2026-6-26";5,91;2026;NA;6;"precio_cobre";2026-10-07
"3935";"Precio del cobre";"2026-6-27";5,91;2026;NA;6;"precio_cobre";2026-10-07
"3936";"Precio del cobre";"2026-6-28";5,91;2026;NA;6;"precio_cobre";2026-10-07
"3937";"Precio del cobre";"2026-6-29";5,91;2026;NA;6;"precio_cobre";2026-10-07
"3938";"Precio del cobre";"2026-6-30";6;2026;NA;6;"precio_cobre";2026-10-07
"3939";"Precio del cobre";"2026-7-1";6,01;2026;NA;7;"precio_cobre";2026-10-07
"3940";"Precio del cobre";"2026-7-2";6,06;2026;NA;7;"precio_cobre";2026-10-07
"3941";"Precio del cobre";"2026-7-3";6,01;2026;NA;7;"precio_cobre";2026-10-07
"3942";"Precio del cobre";"2026-7-4";6,01;2026;NA;7;"precio_cobre";2026-10-07
"3943";"Precio del cobre";"2026-7-5";6,01;2026;NA;7;"precio_cobre";2026-10-07
"3944";"Precio del cobre";"2026-7-6";6,03;2026;NA;7;"precio_cobre";2026-10-07
"3945";"Precio del cobre";"2026-7-7";6,04;2026;NA;7;"precio_cobre";2026-10-07
"3946";"Precio del cobre";"2026-7-8";6,05;2026;NA;7;"precio_cobre";2026-10-07
"3947";"Precio del cobre";"2026-7-9";6,03;2026;NA;7;"precio_cobre";2026-10-07
"3948";"Precio del cobre";"2026-7-10";5,94;2026;NA;7;"precio_cobre";2026-10-07
"3949";"Precio del cobre";"2026-7-11";5,94;2026;NA;7;"precio_cobre";2026-10-07
"3950";"Precio del cobre";"2026-7-12";5,94;2026;NA;7;"precio_cobre";2026-10-07
"3951";"Precio del cobre";"2026-7-13";6,1;2026;NA;7;"precio_cobre";2026-10-07
"3952";"Precio del cobre";"2026-7-14";6,09;2026;NA;7;"precio_cobre";2026-10-07
"3953";"Precio del cobre";"2026-7-15";6,12;2026;NA;7;"precio_cobre";2026-10-07
"3954";"Precio del cobre";"2026-7-16";6,12;2026;NA;7;"precio_cobre";2026-10-07
"3955";"Precio del cobre";"2026-7-17";6,17;2026;NA;7;"precio_cobre";2026-10-07
"3956";"Precio del cobre";"2026-7-18";6,17;2026;NA;7;"precio_cobre";2026-10-07
"3957";"Precio del cobre";"2026-7-19";6,17;2026;NA;7;"precio_cobre";2026-10-07
"3958";"Precio del cobre";"2026-7-20";6,15;2026;NA;7;"precio_cobre";2026-10-07
"3959";"Precio del cobre";"2026-7-21";6,12;2026;NA;7;"precio_cobre";2026-10-07
"3960";"Precio del cobre";"2026-7-22";6,18;2026;NA;7;"precio_cobre";2026-10-07
"3961";"Precio del cobre";"2026-7-23";6,3;2026;NA;7;"precio_cobre";2026-10-07
"3962";"Precio del cobre";"2026-7-24";6,27;2026;NA;7;"precio_cobre";2026-10-07
"3963";"Precio del cobre";"2026-7-25";6,27;2026;NA;7;"precio_cobre";2026-10-07
"3964";"Precio del cobre";"2026-7-26";6,27;2026;NA;7;"precio_cobre";2026-10-07
"3965";"Precio del cobre";"2026-7-27";6,17;2026;NA;7;"precio_cobre";2026-10-07
"3966";"Precio del cobre";"2026-7-28";6,19;2026;NA;7;"precio_cobre";2026-10-07
"3967";"Precio del cobre";"2026-7-29";6,25;2026;NA;7;"precio_cobre";2026-10-07
"3968";"Precio del cobre";"2026-7-30";6,22;2026;NA;7;"precio_cobre";2026-10-07
"3969";"Precio del cobre";"2026-7-31";6,17;2026;NA;7;"precio_cobre";2026-10-07
"3970";"Precio del cobre";"2026-8-1";6,17;2026;NA;8;"precio_cobre";2026-10-07
"3971";"Precio del cobre";"2026-8-2";6,17;2026;NA;8;"precio_cobre";2026-10-07
"3972";"Precio del cobre";"2026-8-3";6,28;2026;NA;8;"precio_cobre";2026-10-07
"3973";"Precio del cobre";"2026-8-4";6,28;2026;NA;8;"precio_cobre";2026-10-07
"3974";"Precio del cobre";"2026-8-5";6,32;2026;NA;8;"precio_cobre";2026-10-07
"3975";"Precio del cobre";"2026-8-6";6,43;2026;NA;8;"precio_cobre";2026-10-07
"3976";"Precio del cobre";"2026-8-7";6,45;2026;NA;8;"precio_cobre";2026-10-07
"3977";"Precio del cobre";"2026-8-8";6,45;2026;NA;8;"precio_cobre";2026-10-07
"3978";"Precio del cobre";"2026-8-9";6,45;2026;NA;8;"precio_cobre";2026-10-07
"3979";"Precio del cobre";"2026-8-10";6,45;2026;NA;8;"precio_cobre";2026-10-07
"3980";"Precio del cobre";"2026-8-11";6,44;2026;NA;8;"precio_cobre";2026-10-07
"3981";"Precio del cobre";"2026-8-12";6,5;2026;NA;8;"precio_cobre";2026-10-07
"3982";"Precio del cobre";"2026-8-13";6,51;2026;NA;8;"precio_cobre";2026-10-07
"3983";"Precio del cobre";"2026-8-14";6,48;2026;NA;8;"precio_cobre";2026-10-07
"3984";"Precio del cobre";"2026-8-15";6,48;2026;NA;8;"precio_cobre";2026-10-07
"3985";"Precio del cobre";"2026-8-16";6,48;2026;NA;8;"precio_cobre";2026-10-07
"3986";"Precio del cobre";"2026-8-17";6,53;2026;NA;8;"precio_cobre";2026-10-07
"3987";"Precio del cobre";"2026-8-18";6,61;2026;NA;8;"precio_cobre";2026-10-07
"3988";"Precio del cobre";"2026-8-19";6,62;2026;NA;8;"precio_cobre";2026-10-07
"3989";"Precio del cobre";"2026-8-20";6,46;2026;NA;8;"precio_cobre";2026-10-07
"3990";"Precio del cobre";"2026-8-21";6,52;2026;NA;8;"precio_cobre";2026-10-07
"3991";"Precio del cobre";"2026-8-22";6,52;2026;NA;8;"precio_cobre";2026-10-07
"3992";"Precio del cobre";"2026-8-23";6,52;2026;NA;8;"precio_cobre";2026-10-07
"3993";"Precio del cobre";"2026-8-24";6,4;2026;NA;8;"precio_cobre";2026-10-07
"3994";"Precio del cobre";"2026-8-25";6,48;2026;NA;8;"precio_cobre";2026-10-07
"3995";"Precio del cobre";"2026-8-26";6,51;2026;NA;8;"precio_cobre";2026-10-07
"3996";"Precio del cobre";"2026-8-27";6,58;2026;NA;8;"precio_cobre";2026-10-07
"3997";"Precio del cobre";"2026-8-28";6,56;2026;NA;8;"precio_cobre";2026-10-07
"3998";"Precio del cobre";"2026-8-29";6,56;2026;NA;8;"precio_cobre";2026-10-07
"3999";"Precio del cobre";"2026-8-30";6,56;2026;NA;8;"precio_cobre";2026-10-07
"4000";"Precio del cobre";"2026-8-31";6,56;2026;NA;8;"precio_cobre";2026-10-07
"4001";"Precio del cobre";"2026-9-1";6,55;2026;NA;9;"precio_cobre";2026-10-07
"4002";"Precio del cobre";"2026-9-2";6,55;2026;NA;9;"precio_cobre";2026-10-07
"4003";"Precio del cobre";"2026-9-3";6,53;2026;NA;9;"precio_cobre";2026-10-07
"4004";"Precio del cobre";"2026-9-4";6,49;2026;NA;9;"precio_cobre";2026-10-07
"4005";"Precio del cobre";"2026-9-5";6,49;2026;NA;9;"precio_cobre";2026-10-07
"4006";"Precio del cobre";"2026-9-6";6,49;2026;NA;9;"precio_cobre";2026-10-07
"4007";"Precio del cobre";"2026-9-7";6,53;2026;NA;9;"precio_cobre";2026-10-07
"4008";"Precio del cobre";"2026-9-8";6,57;2026;NA;9;"precio_cobre";2026-10-07
"4009";"Precio del cobre";"2026-9-9";6,62;2026;NA;9;"precio_cobre";2026-10-07
"4010";"Precio del cobre";"2026-9-10";6,69;2026;NA;9;"precio_cobre";2026-10-07
"4011";"Precio del cobre";"2026-9-11";6,72;2026;NA;9;"precio_cobre";2026-10-07
"4012";"Precio del cobre";"2026-9-12";6,72;2026;NA;9;"precio_cobre";2026-10-07
"4013";"Precio del cobre";"2026-9-13";6,72;2026;NA;9;"precio_cobre";2026-10-07
"4014";"Precio del cobre";"2026-9-14";6,45;2026;NA;9;"precio_cobre";2026-10-07
"4015";"Precio del cobre";"2026-9-15";6,45;2026;NA;9;"precio_cobre";2026-10-07
"4016";"Precio del cobre";"2026-9-16";6,31;2026;NA;9;"precio_cobre";2026-10-07
"4017";"Precio del cobre";"2026-9-17";6,36;2026;NA;9;"precio_cobre";2026-10-07
"4018";"Precio del cobre";"2026-9-18";6,36;2026;NA;9;"precio_cobre";2026-10-07
"4019";"Precio del cobre";"2026-9-19";6,36;2026;NA;9;"precio_cobre";2026-10-07
"4020";"Precio del cobre";"2026-9-20";6,36;2026;NA;9;"precio_cobre";2026-10-07
"4021";"Precio del cobre";"2026-9-21";6,44;2026;NA;9;"precio_cobre";2026-10-07
"4022";"Precio del cobre";"2026-9-22";6,6;2026;NA;9;"precio_cobre";2026-10-07
"4023";"Precio del cobre";"2026-9-23";6,67;2026;NA;9;"precio_cobre";2026-10-07
"4024";"Precio del cobre";"2026-9-24";6,72;2026;NA;9;"precio_cobre";2026-10-07
"4025";"Precio del cobre";"2026-9-25";6,66;2026;NA;9;"precio_cobre";2026-10-07
"4026";"Precio del cobre";"2026-9-26";6,66;2026;NA;9;"precio_cobre";2026-10-07
"4027";"Precio del cobre";"2026-9-27";6,66;2026;NA;9;"precio_cobre";2026-10-07
"4028";"Precio del cobre";"2026-9-28";6,69;2026;NA;9;"precio_cobre";2026-10-07
"4029";"Precio del cobre";"2026-9-29";6,68;2026;NA;9;"precio_cobre";2026-10-07
"4030";"Precio del cobre";"2026-9-30";6,55;2026;NA;9;"precio_cobre";2026-10-07
"4031";"Precio del cobre";"2026-10-1";6,57;2026;NA;10;"precio_cobre";2026-10-07
"4032";"Precio del cobre";"2026-10-2";6,56;2026;NA;10;"precio_cobre";2026-10-07
"4033";"Precio del cobre";"2026-10-3";6,56;2026;NA;10;"precio_cobre";2026-10-07
"4034";"Precio del cobre";"2026-10-4";6,56;2026;NA;10;"precio_cobre";2026-10-07
"4035";"Precio del cobre";"2026-10-5";6,48;2026;NA;10;"precio_cobre";2026-10-07
"4036";"Precio del cobre";"2026-10-6";6,49;2026;NA;10;"precio_cobre";2026-10-07
"4037";"Precio del cobre";"2026-10-7";6,58;2026;NA;10;"precio_cobre";2026-10-07
"4038";"Índice de producción industrial, INE (base 2018=100)";"2010-1-1";83,8;2010;NA;1;"prod_industrial";2026-10-07
"4039";"Índice de producción industrial, INE (base 2018=100)";"2010-2-1";79,9;2010;NA;2;"prod_industrial";2026-10-07
"4040";"Índice de producción industrial, INE (base 2018=100)";"2010-3-1";84,3;2010;NA;3;"prod_industrial";2026-10-07
"4041";"Índice de producción industrial, INE (base 2018=100)";"2010-4-1";87,6;2010;NA;4;"prod_industrial";2026-10-07
"4042";"Índice de producción industrial, INE (base 2018=100)";"2010-5-1";86,6;2010;NA;5;"prod_industrial";2026-10-07
"4043";"Índice de producción industrial, INE (base 2018=100)";"2010-6-1";88,5;2010;NA;6;"prod_industrial";2026-10-07
"4044";"Índice de producción industrial, INE (base 2018=100)";"2010-7-1";89,5;2010;NA;7;"prod_industrial";2026-10-07
"4045";"Índice de producción industrial, INE (base 2018=100)";"2010-8-1";91,6;2010;NA;8;"prod_industrial";2026-10-07
"4046";"Índice de producción industrial, INE (base 2018=100)";"2010-9-1";86,4;2010;NA;9;"prod_industrial";2026-10-07
"4047";"Índice de producción industrial, INE (base 2018=100)";"2010-10-1";92,1;2010;NA;10;"prod_industrial";2026-10-07
"4048";"Índice de producción industrial, INE (base 2018=100)";"2010-11-1";92,9;2010;NA;11;"prod_industrial";2026-10-07
"4049";"Índice de producción industrial, INE (base 2018=100)";"2010-12-1";96,6;2010;NA;12;"prod_industrial";2026-10-07
"4050";"Índice de producción industrial, INE (base 2018=100)";"2011-1-1";91;2011;NA;1;"prod_industrial";2026-10-07
"4051";"Índice de producción industrial, INE (base 2018=100)";"2011-2-1";81,4;2011;NA;2;"prod_industrial";2026-10-07
"4052";"Índice de producción industrial, INE (base 2018=100)";"2011-3-1";96,1;2011;NA;3;"prod_industrial";2026-10-07
"4053";"Índice de producción industrial, INE (base 2018=100)";"2011-4-1";89,8;2011;NA;4;"prod_industrial";2026-10-07
"4054";"Índice de producción industrial, INE (base 2018=100)";"2011-5-1";91,9;2011;NA;5;"prod_industrial";2026-10-07
"4055";"Índice de producción industrial, INE (base 2018=100)";"2011-6-1";89,3;2011;NA;6;"prod_industrial";2026-10-07
"4056";"Índice de producción industrial, INE (base 2018=100)";"2011-7-1";84,5;2011;NA;7;"prod_industrial";2026-10-07
"4057";"Índice de producción industrial, INE (base 2018=100)";"2011-8-1";91;2011;NA;8;"prod_industrial";2026-10-07
"4058";"Índice de producción industrial, INE (base 2018=100)";"2011-9-1";90,6;2011;NA;9;"prod_industrial";2026-10-07
"4059";"Índice de producción industrial, INE (base 2018=100)";"2011-10-1";94,7;2011;NA;10;"prod_industrial";2026-10-07
"4060";"Índice de producción industrial, INE (base 2018=100)";"2011-11-1";95,6;2011;NA;11;"prod_industrial";2026-10-07
"4061";"Índice de producción industrial, INE (base 2018=100)";"2011-12-1";101,8;2011;NA;12;"prod_industrial";2026-10-07
"4062";"Índice de producción industrial, INE (base 2018=100)";"2012-1-1";92,1;2012;NA;1;"prod_industrial";2026-10-07
"4063";"Índice de producción industrial, INE (base 2018=100)";"2012-2-1";88,5;2012;NA;2;"prod_industrial";2026-10-07
"4064";"Índice de producción industrial, INE (base 2018=100)";"2012-3-1";98,2;2012;NA;3;"prod_industrial";2026-10-07
"4065";"Índice de producción industrial, INE (base 2018=100)";"2012-4-1";93,5;2012;NA;4;"prod_industrial";2026-10-07
"4066";"Índice de producción industrial, INE (base 2018=100)";"2012-5-1";95,7;2012;NA;5;"prod_industrial";2026-10-07
"4067";"Índice de producción industrial, INE (base 2018=100)";"2012-6-1";92,6;2012;NA;6;"prod_industrial";2026-10-07
"4068";"Índice de producción industrial, INE (base 2018=100)";"2012-7-1";89,5;2012;NA;7;"prod_industrial";2026-10-07
"4069";"Índice de producción industrial, INE (base 2018=100)";"2012-8-1";96,3;2012;NA;8;"prod_industrial";2026-10-07
"4070";"Índice de producción industrial, INE (base 2018=100)";"2012-9-1";90,7;2012;NA;9;"prod_industrial";2026-10-07
"4071";"Índice de producción industrial, INE (base 2018=100)";"2012-10-1";99,5;2012;NA;10;"prod_industrial";2026-10-07
"4072";"Índice de producción industrial, INE (base 2018=100)";"2012-11-1";98,3;2012;NA;11;"prod_industrial";2026-10-07
"4073";"Índice de producción industrial, INE (base 2018=100)";"2012-12-1";100,1;2012;NA;12;"prod_industrial";2026-10-07
"4074";"Índice de producción industrial, INE (base 2018=100)";"2013-1-1";98;2013;NA;1;"prod_industrial";2026-10-07
"4075";"Índice de producción industrial, INE (base 2018=100)";"2013-2-1";90,7;2013;NA;2;"prod_industrial";2026-10-07
"4076";"Índice de producción industrial, INE (base 2018=100)";"2013-3-1";100,8;2013;NA;3;"prod_industrial";2026-10-07
"4077";"Índice de producción industrial, INE (base 2018=100)";"2013-4-1";95;2013;NA;4;"prod_industrial";2026-10-07
"4078";"Índice de producción industrial, INE (base 2018=100)";"2013-5-1";96;2013;NA;5;"prod_industrial";2026-10-07
"4079";"Índice de producción industrial, INE (base 2018=100)";"2013-6-1";94,8;2013;NA;6;"prod_industrial";2026-10-07
"4080";"Índice de producción industrial, INE (base 2018=100)";"2013-7-1";98,2;2013;NA;7;"prod_industrial";2026-10-07
"4081";"Índice de producción industrial, INE (base 2018=100)";"2013-8-1";99,1;2013;NA;8;"prod_industrial";2026-10-07
"4082";"Índice de producción industrial, INE (base 2018=100)";"2013-9-1";93,6;2013;NA;9;"prod_industrial";2026-10-07
"4083";"Índice de producción industrial, INE (base 2018=100)";"2013-10-1";102,1;2013;NA;10;"prod_industrial";2026-10-07
"4084";"Índice de producción industrial, INE (base 2018=100)";"2013-11-1";102,1;2013;NA;11;"prod_industrial";2026-10-07
"4085";"Índice de producción industrial, INE (base 2018=100)";"2013-12-1";103;2013;NA;12;"prod_industrial";2026-10-07
"4086";"Índice de producción industrial, INE (base 2018=100)";"2014-1-1";96,6;2014;NA;1;"prod_industrial";2026-10-07
"4087";"Índice de producción industrial, INE (base 2018=100)";"2014-2-1";92,1;2014;NA;2;"prod_industrial";2026-10-07
"4088";"Índice de producción industrial, INE (base 2018=100)";"2014-3-1";101,1;2014;NA;3;"prod_industrial";2026-10-07
"4089";"Índice de producción industrial, INE (base 2018=100)";"2014-4-1";98,1;2014;NA;4;"prod_industrial";2026-10-07
"4090";"Índice de producción industrial, INE (base 2018=100)";"2014-5-1";100,6;2014;NA;5;"prod_industrial";2026-10-07
"4091";"Índice de producción industrial, INE (base 2018=100)";"2014-6-1";97,3;2014;NA;6;"prod_industrial";2026-10-07
"4092";"Índice de producción industrial, INE (base 2018=100)";"2014-7-1";96,8;2014;NA;7;"prod_industrial";2026-10-07
"4093";"Índice de producción industrial, INE (base 2018=100)";"2014-8-1";96;2014;NA;8;"prod_industrial";2026-10-07
"4094";"Índice de producción industrial, INE (base 2018=100)";"2014-9-1";94,1;2014;NA;9;"prod_industrial";2026-10-07
"4095";"Índice de producción industrial, INE (base 2018=100)";"2014-10-1";102,1;2014;NA;10;"prod_industrial";2026-10-07
"4096";"Índice de producción industrial, INE (base 2018=100)";"2014-11-1";98,4;2014;NA;11;"prod_industrial";2026-10-07
"4097";"Índice de producción industrial, INE (base 2018=100)";"2014-12-1";103,6;2014;NA;12;"prod_industrial";2026-10-07
"4098";"Índice de producción industrial, INE (base 2018=100)";"2015-1-1";99,4;2015;NA;1;"prod_industrial";2026-10-07
"4099";"Índice de producción industrial, INE (base 2018=100)";"2015-2-1";92,4;2015;NA;2;"prod_industrial";2026-10-07
"4100";"Índice de producción industrial, INE (base 2018=100)";"2015-3-1";101,6;2015;NA;3;"prod_industrial";2026-10-07
"4101";"Índice de producción industrial, INE (base 2018=100)";"2015-4-1";98,1;2015;NA;4;"prod_industrial";2026-10-07
"4102";"Índice de producción industrial, INE (base 2018=100)";"2015-5-1";99,5;2015;NA;5;"prod_industrial";2026-10-07
"4103";"Índice de producción industrial, INE (base 2018=100)";"2015-6-1";99,5;2015;NA;6;"prod_industrial";2026-10-07
"4104";"Índice de producción industrial, INE (base 2018=100)";"2015-7-1";97,3;2015;NA;7;"prod_industrial";2026-10-07
"4105";"Índice de producción industrial, INE (base 2018=100)";"2015-8-1";93,3;2015;NA;8;"prod_industrial";2026-10-07
"4106";"Índice de producción industrial, INE (base 2018=100)";"2015-9-1";97,2;2015;NA;9;"prod_industrial";2026-10-07
"4107";"Índice de producción industrial, INE (base 2018=100)";"2015-10-1";102,3;2015;NA;10;"prod_industrial";2026-10-07
"4108";"Índice de producción industrial, INE (base 2018=100)";"2015-11-1";99;2015;NA;11;"prod_industrial";2026-10-07
"4109";"Índice de producción industrial, INE (base 2018=100)";"2015-12-1";102,9;2015;NA;12;"prod_industrial";2026-10-07
"4110";"Índice de producción industrial, INE (base 2018=100)";"2016-1-1";95,1;2016;NA;1;"prod_industrial";2026-10-07
"4111";"Índice de producción industrial, INE (base 2018=100)";"2016-2-1";95;2016;NA;2;"prod_industrial";2026-10-07
"4112";"Índice de producción industrial, INE (base 2018=100)";"2016-3-1";105,1;2016;NA;3;"prod_industrial";2026-10-07
"4113";"Índice de producción industrial, INE (base 2018=100)";"2016-4-1";95,8;2016;NA;4;"prod_industrial";2026-10-07
"4114";"Índice de producción industrial, INE (base 2018=100)";"2016-5-1";99,3;2016;NA;5;"prod_industrial";2026-10-07
"4115";"Índice de producción industrial, INE (base 2018=100)";"2016-6-1";95,3;2016;NA;6;"prod_industrial";2026-10-07
"4116";"Índice de producción industrial, INE (base 2018=100)";"2016-7-1";94,7;2016;NA;7;"prod_industrial";2026-10-07
"4117";"Índice de producción industrial, INE (base 2018=100)";"2016-8-1";97,2;2016;NA;8;"prod_industrial";2026-10-07
"4118";"Índice de producción industrial, INE (base 2018=100)";"2016-9-1";95,7;2016;NA;9;"prod_industrial";2026-10-07
"4119";"Índice de producción industrial, INE (base 2018=100)";"2016-10-1";96,6;2016;NA;10;"prod_industrial";2026-10-07
"4120";"Índice de producción industrial, INE (base 2018=100)";"2016-11-1";100,3;2016;NA;11;"prod_industrial";2026-10-07
"4121";"Índice de producción industrial, INE (base 2018=100)";"2016-12-1";102,3;2016;NA;12;"prod_industrial";2026-10-07
"4122";"Índice de producción industrial, INE (base 2018=100)";"2017-1-1";94,5;2017;NA;1;"prod_industrial";2026-10-07
"4123";"Índice de producción industrial, INE (base 2018=100)";"2017-2-1";86,2;2017;NA;2;"prod_industrial";2026-10-07
"4124";"Índice de producción industrial, INE (base 2018=100)";"2017-3-1";95,4;2017;NA;3;"prod_industrial";2026-10-07
"4125";"Índice de producción industrial, INE (base 2018=100)";"2017-4-1";91;2017;NA;4;"prod_industrial";2026-10-07
"4126";"Índice de producción industrial, INE (base 2018=100)";"2017-5-1";98,2;2017;NA;5;"prod_industrial";2026-10-07
"4127";"Índice de producción industrial, INE (base 2018=100)";"2017-6-1";93,7;2017;NA;6;"prod_industrial";2026-10-07
"4128";"Índice de producción industrial, INE (base 2018=100)";"2017-7-1";97;2017;NA;7;"prod_industrial";2026-10-07
"4129";"Índice de producción industrial, INE (base 2018=100)";"2017-8-1";101,1;2017;NA;8;"prod_industrial";2026-10-07
"4130";"Índice de producción industrial, INE (base 2018=100)";"2017-9-1";96,5;2017;NA;9;"prod_industrial";2026-10-07
"4131";"Índice de producción industrial, INE (base 2018=100)";"2017-10-1";100,8;2017;NA;10;"prod_industrial";2026-10-07
"4132";"Índice de producción industrial, INE (base 2018=100)";"2017-11-1";102,4;2017;NA;11;"prod_industrial";2026-10-07
"4133";"Índice de producción industrial, INE (base 2018=100)";"2017-12-1";102,4;2017;NA;12;"prod_industrial";2026-10-07
"4134";"Índice de producción industrial, INE (base 2018=100)";"2018-1-1";98,6;2018;NA;1;"prod_industrial";2026-10-07
"4135";"Índice de producción industrial, INE (base 2018=100)";"2018-2-1";94,5;2018;NA;2;"prod_industrial";2026-10-07
"4136";"Índice de producción industrial, INE (base 2018=100)";"2018-3-1";103,7;2018;NA;3;"prod_industrial";2026-10-07
"4137";"Índice de producción industrial, INE (base 2018=100)";"2018-4-1";97,7;2018;NA;4;"prod_industrial";2026-10-07
"4138";"Índice de producción industrial, INE (base 2018=100)";"2018-5-1";101,4;2018;NA;5;"prod_industrial";2026-10-07
"4139";"Índice de producción industrial, INE (base 2018=100)";"2018-6-1";98,8;2018;NA;6;"prod_industrial";2026-10-07
"4140";"Índice de producción industrial, INE (base 2018=100)";"2018-7-1";98,1;2018;NA;7;"prod_industrial";2026-10-07
"4141";"Índice de producción industrial, INE (base 2018=100)";"2018-8-1";100;2018;NA;8;"prod_industrial";2026-10-07
"4142";"Índice de producción industrial, INE (base 2018=100)";"2018-9-1";93,7;2018;NA;9;"prod_industrial";2026-10-07
"4143";"Índice de producción industrial, INE (base 2018=100)";"2018-10-1";103,2;2018;NA;10;"prod_industrial";2026-10-07
"4144";"Índice de producción industrial, INE (base 2018=100)";"2018-11-1";104,4;2018;NA;11;"prod_industrial";2026-10-07
"4145";"Índice de producción industrial, INE (base 2018=100)";"2018-12-1";106,1;2018;NA;12;"prod_industrial";2026-10-07
"4146";"Índice de producción industrial, INE (base 2018=100)";"2019-1-1";99;2019;NA;1;"prod_industrial";2026-10-07
"4147";"Índice de producción industrial, INE (base 2018=100)";"2019-2-1";91;2019;NA;2;"prod_industrial";2026-10-07
"4148";"Índice de producción industrial, INE (base 2018=100)";"2019-3-1";101,7;2019;NA;3;"prod_industrial";2026-10-07
"4149";"Índice de producción industrial, INE (base 2018=100)";"2019-4-1";98,9;2019;NA;4;"prod_industrial";2026-10-07
"4150";"Índice de producción industrial, INE (base 2018=100)";"2019-5-1";102,1;2019;NA;5;"prod_industrial";2026-10-07
"4151";"Índice de producción industrial, INE (base 2018=100)";"2019-6-1";96,7;2019;NA;6;"prod_industrial";2026-10-07
"4152";"Índice de producción industrial, INE (base 2018=100)";"2019-7-1";100,6;2019;NA;7;"prod_industrial";2026-10-07
"4153";"Índice de producción industrial, INE (base 2018=100)";"2019-8-1";101,8;2019;NA;8;"prod_industrial";2026-10-07
"4154";"Índice de producción industrial, INE (base 2018=100)";"2019-9-1";94,8;2019;NA;9;"prod_industrial";2026-10-07
"4155";"Índice de producción industrial, INE (base 2018=100)";"2019-10-1";99,3;2019;NA;10;"prod_industrial";2026-10-07
"4156";"Índice de producción industrial, INE (base 2018=100)";"2019-11-1";101,4;2019;NA;11;"prod_industrial";2026-10-07
"4157";"Índice de producción industrial, INE (base 2018=100)";"2019-12-1";107,8;2019;NA;12;"prod_industrial";2026-10-07
"4158";"Índice de producción industrial, INE (base 2018=100)";"2020-1-1";99,9;2020;NA;1;"prod_industrial";2026-10-07
"4159";"Índice de producción industrial, INE (base 2018=100)";"2020-2-1";96,3;2020;NA;2;"prod_industrial";2026-10-07
"4160";"Índice de producción industrial, INE (base 2018=100)";"2020-3-1";103,2;2020;NA;3;"prod_industrial";2026-10-07
"4161";"Índice de producción industrial, INE (base 2018=100)";"2020-4-1";96,2;2020;NA;4;"prod_industrial";2026-10-07
"4162";"Índice de producción industrial, INE (base 2018=100)";"2020-5-1";96,9;2020;NA;5;"prod_industrial";2026-10-07
"4163";"Índice de producción industrial, INE (base 2018=100)";"2020-6-1";93,5;2020;NA;6;"prod_industrial";2026-10-07
"4164";"Índice de producción industrial, INE (base 2018=100)";"2020-7-1";96,5;2020;NA;7;"prod_industrial";2026-10-07
"4165";"Índice de producción industrial, INE (base 2018=100)";"2020-8-1";97,5;2020;NA;8;"prod_industrial";2026-10-07
"4166";"Índice de producción industrial, INE (base 2018=100)";"2020-9-1";96,5;2020;NA;9;"prod_industrial";2026-10-07
"4167";"Índice de producción industrial, INE (base 2018=100)";"2020-10-1";102,3;2020;NA;10;"prod_industrial";2026-10-07
"4168";"Índice de producción industrial, INE (base 2018=100)";"2020-11-1";100,9;2020;NA;11;"prod_industrial";2026-10-07
"4169";"Índice de producción industrial, INE (base 2018=100)";"2020-12-1";104,7;2020;NA;12;"prod_industrial";2026-10-07
"4170";"Índice de producción industrial, INE (base 2018=100)";"2021-1-1";99,4;2021;NA;1;"prod_industrial";2026-10-07
"4171";"Índice de producción industrial, INE (base 2018=100)";"2021-2-1";92,6;2021;NA;2;"prod_industrial";2026-10-07
"4172";"Índice de producción industrial, INE (base 2018=100)";"2021-3-1";106,9;2021;NA;3;"prod_industrial";2026-10-07
"4173";"Índice de producción industrial, INE (base 2018=100)";"2021-4-1";100,2;2021;NA;4;"prod_industrial";2026-10-07
"4174";"Índice de producción industrial, INE (base 2018=100)";"2021-5-1";100,6;2021;NA;5;"prod_industrial";2026-10-07
"4175";"Índice de producción industrial, INE (base 2018=100)";"2021-6-1";99,9;2021;NA;6;"prod_industrial";2026-10-07
"4176";"Índice de producción industrial, INE (base 2018=100)";"2021-7-1";99,7;2021;NA;7;"prod_industrial";2026-10-07
"4177";"Índice de producción industrial, INE (base 2018=100)";"2021-8-1";100,5;2021;NA;8;"prod_industrial";2026-10-07
"4178";"Índice de producción industrial, INE (base 2018=100)";"2021-9-1";97,1;2021;NA;9;"prod_industrial";2026-10-07
"4179";"Índice de producción industrial, INE (base 2018=100)";"2021-10-1";103,8;2021;NA;10;"prod_industrial";2026-10-07
"4180";"Índice de producción industrial, INE (base 2018=100)";"2021-11-1";103,5;2021;NA;11;"prod_industrial";2026-10-07
"4181";"Índice de producción industrial, INE (base 2018=100)";"2021-12-1";106,7;2021;NA;12;"prod_industrial";2026-10-07
"4182";"Índice de producción industrial, INE (base 2018=100)";"2022-1-1";96,3;2022;NA;1;"prod_industrial";2026-10-07
"4183";"Índice de producción industrial, INE (base 2018=100)";"2022-2-1";90,5;2022;NA;2;"prod_industrial";2026-10-07
"4184";"Índice de producción industrial, INE (base 2018=100)";"2022-3-1";107,1;2022;NA;3;"prod_industrial";2026-10-07
"4185";"Índice de producción industrial, INE (base 2018=100)";"2022-4-1";95,3;2022;NA;4;"prod_industrial";2026-10-07
"4186";"Índice de producción industrial, INE (base 2018=100)";"2022-5-1";100,3;2022;NA;5;"prod_industrial";2026-10-07
"4187";"Índice de producción industrial, INE (base 2018=100)";"2022-6-1";96,5;2022;NA;6;"prod_industrial";2026-10-07
"4188";"Índice de producción industrial, INE (base 2018=100)";"2022-7-1";95,4;2022;NA;7;"prod_industrial";2026-10-07
"4189";"Índice de producción industrial, INE (base 2018=100)";"2022-8-1";96,4;2022;NA;8;"prod_industrial";2026-10-07
"4190";"Índice de producción industrial, INE (base 2018=100)";"2022-9-1";93,7;2022;NA;9;"prod_industrial";2026-10-07
"4191";"Índice de producción industrial, INE (base 2018=100)";"2022-10-1";99,1;2022;NA;10;"prod_industrial";2026-10-07
"4192";"Índice de producción industrial, INE (base 2018=100)";"2022-11-1";99,4;2022;NA;11;"prod_industrial";2026-10-07
"4193";"Índice de producción industrial, INE (base 2018=100)";"2022-12-1";106,2;2022;NA;12;"prod_industrial";2026-10-07
"4194";"Índice de producción industrial, INE (base 2018=100)";"2023-1-1";97,1;2023;NA;1;"prod_industrial";2026-10-07
"4195";"Índice de producción industrial, INE (base 2018=100)";"2023-2-1";89,8;2023;NA;2;"prod_industrial";2026-10-07
"4196";"Índice de producción industrial, INE (base 2018=100)";"2023-3-1";101;2023;NA;3;"prod_industrial";2026-10-07
"4197";"Índice de producción industrial, INE (base 2018=100)";"2023-4-1";95,1;2023;NA;4;"prod_industrial";2026-10-07
"4198";"Índice de producción industrial, INE (base 2018=100)";"2023-5-1";96,4;2023;NA;5;"prod_industrial";2026-10-07
"4199";"Índice de producción industrial, INE (base 2018=100)";"2023-6-1";96,5;2023;NA;6;"prod_industrial";2026-10-07
"4200";"Índice de producción industrial, INE (base 2018=100)";"2023-7-1";96,3;2023;NA;7;"prod_industrial";2026-10-07
"4201";"Índice de producción industrial, INE (base 2018=100)";"2023-8-1";96,9;2023;NA;8;"prod_industrial";2026-10-07
"4202";"Índice de producción industrial, INE (base 2018=100)";"2023-9-1";96,6;2023;NA;9;"prod_industrial";2026-10-07
"4203";"Índice de producción industrial, INE (base 2018=100)";"2023-10-1";101,3;2023;NA;10;"prod_industrial";2026-10-07
"4204";"Índice de producción industrial, INE (base 2018=100)";"2023-11-1";102,1;2023;NA;11;"prod_industrial";2026-10-07
"4205";"Índice de producción industrial, INE (base 2018=100)";"2023-12-1";103;2023;NA;12;"prod_industrial";2026-10-07
"4206";"Índice de producción industrial, INE (base 2018=100)";"2024-1-1";100,4;2024;NA;1;"prod_industrial";2026-10-07
"4207";"Índice de producción industrial, INE (base 2018=100)";"2024-2-1";97;2024;NA;2;"prod_industrial";2026-10-07
"4208";"Índice de producción industrial, INE (base 2018=100)";"2024-3-1";101,8;2024;NA;3;"prod_industrial";2026-10-07
"4209";"Índice de producción industrial, INE (base 2018=100)";"2024-4-1";97,6;2024;NA;4;"prod_industrial";2026-10-07
"4210";"Índice de producción industrial, INE (base 2018=100)";"2024-5-1";98,6;2024;NA;5;"prod_industrial";2026-10-07
"4211";"Índice de producción industrial, INE (base 2018=100)";"2024-6-1";95,4;2024;NA;6;"prod_industrial";2026-10-07
"4212";"Índice de producción industrial, INE (base 2018=100)";"2024-7-1";100;2024;NA;7;"prod_industrial";2026-10-07
"4213";"Índice de producción industrial, INE (base 2018=100)";"2024-8-1";101,9;2024;NA;8;"prod_industrial";2026-10-07
"4214";"Índice de producción industrial, INE (base 2018=100)";"2024-9-1";96,4;2024;NA;9;"prod_industrial";2026-10-07
"4215";"Índice de producción industrial, INE (base 2018=100)";"2024-10-1";105,1;2024;NA;10;"prod_industrial";2026-10-07
"4216";"Índice de producción industrial, INE (base 2018=100)";"2024-11-1";103,3;2024;NA;11;"prod_industrial";2026-10-07
"4217";"Índice de producción industrial, INE (base 2018=100)";"2024-12-1";112,2;2024;NA;12;"prod_industrial";2026-10-07
"4218";"Índice de producción industrial, INE (base 2018=100)";"2025-1-1";102,3;2025;NA;1;"prod_industrial";2026-10-07
"4219";"Índice de producción industrial, INE (base 2018=100)";"2025-2-1";93,5;2025;NA;2;"prod_industrial";2026-10-07
"4220";"Índice de producción industrial, INE (base 2018=100)";"2025-3-1";106,5;2025;NA;3;"prod_industrial";2026-10-07
"4221";"Índice de producción industrial, INE (base 2018=100)";"2025-4-1";101,5;2025;NA;4;"prod_industrial";2026-10-07
"4222";"Índice de producción industrial, INE (base 2018=100)";"2025-5-1";103,5;2025;NA;5;"prod_industrial";2026-10-07
"4223";"Índice de producción industrial, INE (base 2018=100)";"2025-6-1";98,8;2025;NA;6;"prod_industrial";2026-10-07
"4224";"Índice de producción industrial, INE (base 2018=100)";"2025-7-1";101,2;2025;NA;7;"prod_industrial";2026-10-07
"4225";"Índice de producción industrial, INE (base 2018=100)";"2025-8-1";99,4;2025;NA;8;"prod_industrial";2026-10-07
"4226";"Índice de producción industrial, INE (base 2018=100)";"2025-9-1";97,8;2025;NA;9;"prod_industrial";2026-10-07
"4227";"Índice de producción industrial, INE (base 2018=100)";"2025-10-1";104,7;2025;NA;10;"prod_industrial";2026-10-07
"4228";"Índice de producción industrial, INE (base 2018=100)";"2025-11-1";102,7;2025;NA;11;"prod_industrial";2026-10-07
"4229";"Índice de producción industrial, INE (base 2018=100)";"2025-12-1";110,1;2025;NA;12;"prod_industrial";2026-10-07
"4230";"Índice de producción industrial, INE (base 2018=100)";"2026-1-1";100,9;2026;NA;1;"prod_industrial";2026-10-07
"4231";"Índice de producción industrial, INE (base 2018=100)";"2026-2-1";92,4;2026;NA;2;"prod_industrial";2026-10-07
"4232";"Índice de producción industrial, INE (base 2018=100)";"2026-3-1";103,1;2026;NA;3;"prod_industrial";2026-10-07
"4233";"Índice de producción industrial, INE (base 2018=100)";"2026-4-1";96,7;2026;NA;4;"prod_industrial";2026-10-07
"4234";"Índice de producción industrial, INE (base 2018=100)";"2026-5-1";95,8;2026;NA;5;"prod_industrial";2026-10-07
"4235";"Índice de producción industrial, INE (base 2018=100)";"2026-6-1";100,1;2026;NA;6;"prod_industrial";2026-10-07
"4236";"Índice de producción industrial, INE (base 2018=100)";"2026-7-1";96,1;2026;NA;7;"prod_industrial";2026-10-07
"4237";"Índice de producción industrial, INE (base 2018=100)";"2026-8-1";93,7;2026;NA;8;"prod_industrial";2026-10-07
"4238";"Índice de producción industrial, minería, INE (base 2018=100)";"2010-1-1";83,7;2010;NA;1;"prod_industrial";2026-10-07
"4239";"Índice de producción industrial, minería, INE (base 2018=100)";"2010-2-1";78,6;2010;NA;2;"prod_industrial";2026-10-07
"4240";"Índice de producción industrial, minería, INE (base 2018=100)";"2010-3-1";89,5;2010;NA;3;"prod_industrial";2026-10-07
"4241";"Índice de producción industrial, minería, INE (base 2018=100)";"2010-4-1";90;2010;NA;4;"prod_industrial";2026-10-07
"4242";"Índice de producción industrial, minería, INE (base 2018=100)";"2010-5-1";86,2;2010;NA;5;"prod_industrial";2026-10-07
"4243";"Índice de producción industrial, minería, INE (base 2018=100)";"2010-6-1";92,6;2010;NA;6;"prod_industrial";2026-10-07
"4244";"Índice de producción industrial, minería, INE (base 2018=100)";"2010-7-1";91,6;2010;NA;7;"prod_industrial";2026-10-07
"4245";"Índice de producción industrial, minería, INE (base 2018=100)";"2010-8-1";93,9;2010;NA;8;"prod_industrial";2026-10-07
"4246";"Índice de producción industrial, minería, INE (base 2018=100)";"2010-9-1";89,6;2010;NA;9;"prod_industrial";2026-10-07
"4247";"Índice de producción industrial, minería, INE (base 2018=100)";"2010-10-1";93,4;2010;NA;10;"prod_industrial";2026-10-07
"4248";"Índice de producción industrial, minería, INE (base 2018=100)";"2010-11-1";93,8;2010;NA;11;"prod_industrial";2026-10-07
"4249";"Índice de producción industrial, minería, INE (base 2018=100)";"2010-12-1";100;2010;NA;12;"prod_industrial";2026-10-07
"4250";"Índice de producción industrial, minería, INE (base 2018=100)";"2011-1-1";91,6;2011;NA;1;"prod_industrial";2026-10-07
"4251";"Índice de producción industrial, minería, INE (base 2018=100)";"2011-2-1";76,1;2011;NA;2;"prod_industrial";2026-10-07
"4252";"Índice de producción industrial, minería, INE (base 2018=100)";"2011-3-1";91,1;2011;NA;3;"prod_industrial";2026-10-07
"4253";"Índice de producción industrial, minería, INE (base 2018=100)";"2011-4-1";89;2011;NA;4;"prod_industrial";2026-10-07
"4254";"Índice de producción industrial, minería, INE (base 2018=100)";"2011-5-1";90;2011;NA;5;"prod_industrial";2026-10-07
"4255";"Índice de producción industrial, minería, INE (base 2018=100)";"2011-6-1";88,4;2011;NA;6;"prod_industrial";2026-10-07
"4256";"Índice de producción industrial, minería, INE (base 2018=100)";"2011-7-1";78,6;2011;NA;7;"prod_industrial";2026-10-07
"4257";"Índice de producción industrial, minería, INE (base 2018=100)";"2011-8-1";89;2011;NA;8;"prod_industrial";2026-10-07
"4258";"Índice de producción industrial, minería, INE (base 2018=100)";"2011-9-1";91,3;2011;NA;9;"prod_industrial";2026-10-07
"4259";"Índice de producción industrial, minería, INE (base 2018=100)";"2011-10-1";96,6;2011;NA;10;"prod_industrial";2026-10-07
"4260";"Índice de producción industrial, minería, INE (base 2018=100)";"2011-11-1";95,1;2011;NA;11;"prod_industrial";2026-10-07
"4261";"Índice de producción industrial, minería, INE (base 2018=100)";"2011-12-1";105,4;2011;NA;12;"prod_industrial";2026-10-07
"4262";"Índice de producción industrial, minería, INE (base 2018=100)";"2012-1-1";90,2;2012;NA;1;"prod_industrial";2026-10-07
"4263";"Índice de producción industrial, minería, INE (base 2018=100)";"2012-2-1";84,7;2012;NA;2;"prod_industrial";2026-10-07
"4264";"Índice de producción industrial, minería, INE (base 2018=100)";"2012-3-1";92,8;2012;NA;3;"prod_industrial";2026-10-07
"4265";"Índice de producción industrial, minería, INE (base 2018=100)";"2012-4-1";92,3;2012;NA;4;"prod_industrial";2026-10-07
"4266";"Índice de producción industrial, minería, INE (base 2018=100)";"2012-5-1";94;2012;NA;5;"prod_industrial";2026-10-07
"4267";"Índice de producción industrial, minería, INE (base 2018=100)";"2012-6-1";92,8;2012;NA;6;"prod_industrial";2026-10-07
"4268";"Índice de producción industrial, minería, INE (base 2018=100)";"2012-7-1";86,8;2012;NA;7;"prod_industrial";2026-10-07
"4269";"Índice de producción industrial, minería, INE (base 2018=100)";"2012-8-1";95;2012;NA;8;"prod_industrial";2026-10-07
"4270";"Índice de producción industrial, minería, INE (base 2018=100)";"2012-9-1";95;2012;NA;9;"prod_industrial";2026-10-07
"4271";"Índice de producción industrial, minería, INE (base 2018=100)";"2012-10-1";98,3;2012;NA;10;"prod_industrial";2026-10-07
"4272";"Índice de producción industrial, minería, INE (base 2018=100)";"2012-11-1";98,7;2012;NA;11;"prod_industrial";2026-10-07
"4273";"Índice de producción industrial, minería, INE (base 2018=100)";"2012-12-1";103,6;2012;NA;12;"prod_industrial";2026-10-07
"4274";"Índice de producción industrial, minería, INE (base 2018=100)";"2013-1-1";97,3;2013;NA;1;"prod_industrial";2026-10-07
"4275";"Índice de producción industrial, minería, INE (base 2018=100)";"2013-2-1";87,1;2013;NA;2;"prod_industrial";2026-10-07
"4276";"Índice de producción industrial, minería, INE (base 2018=100)";"2013-3-1";99,1;2013;NA;3;"prod_industrial";2026-10-07
"4277";"Índice de producción industrial, minería, INE (base 2018=100)";"2013-4-1";91,6;2013;NA;4;"prod_industrial";2026-10-07
"4278";"Índice de producción industrial, minería, INE (base 2018=100)";"2013-5-1";96,9;2013;NA;5;"prod_industrial";2026-10-07
"4279";"Índice de producción industrial, minería, INE (base 2018=100)";"2013-6-1";98,4;2013;NA;6;"prod_industrial";2026-10-07
"4280";"Índice de producción industrial, minería, INE (base 2018=100)";"2013-7-1";99,2;2013;NA;7;"prod_industrial";2026-10-07
"4281";"Índice de producción industrial, minería, INE (base 2018=100)";"2013-8-1";100,8;2013;NA;8;"prod_industrial";2026-10-07
"4282";"Índice de producción industrial, minería, INE (base 2018=100)";"2013-9-1";100,1;2013;NA;9;"prod_industrial";2026-10-07
"4283";"Índice de producción industrial, minería, INE (base 2018=100)";"2013-10-1";105,1;2013;NA;10;"prod_industrial";2026-10-07
"4284";"Índice de producción industrial, minería, INE (base 2018=100)";"2013-11-1";106,3;2013;NA;11;"prod_industrial";2026-10-07
"4285";"Índice de producción industrial, minería, INE (base 2018=100)";"2013-12-1";108,1;2013;NA;12;"prod_industrial";2026-10-07
"4286";"Índice de producción industrial, minería, INE (base 2018=100)";"2014-1-1";95,4;2014;NA;1;"prod_industrial";2026-10-07
"4287";"Índice de producción industrial, minería, INE (base 2018=100)";"2014-2-1";91,8;2014;NA;2;"prod_industrial";2026-10-07
"4288";"Índice de producción industrial, minería, INE (base 2018=100)";"2014-3-1";98,9;2014;NA;3;"prod_industrial";2026-10-07
"4289";"Índice de producción industrial, minería, INE (base 2018=100)";"2014-4-1";96,5;2014;NA;4;"prod_industrial";2026-10-07
"4290";"Índice de producción industrial, minería, INE (base 2018=100)";"2014-5-1";104,6;2014;NA;5;"prod_industrial";2026-10-07
"4291";"Índice de producción industrial, minería, INE (base 2018=100)";"2014-6-1";101,7;2014;NA;6;"prod_industrial";2026-10-07
"4292";"Índice de producción industrial, minería, INE (base 2018=100)";"2014-7-1";98,3;2014;NA;7;"prod_industrial";2026-10-07
"4293";"Índice de producción industrial, minería, INE (base 2018=100)";"2014-8-1";98,7;2014;NA;8;"prod_industrial";2026-10-07
"4294";"Índice de producción industrial, minería, INE (base 2018=100)";"2014-9-1";100;2014;NA;9;"prod_industrial";2026-10-07
"4295";"Índice de producción industrial, minería, INE (base 2018=100)";"2014-10-1";105,1;2014;NA;10;"prod_industrial";2026-10-07
"4296";"Índice de producción industrial, minería, INE (base 2018=100)";"2014-11-1";101,3;2014;NA;11;"prod_industrial";2026-10-07
"4297";"Índice de producción industrial, minería, INE (base 2018=100)";"2014-12-1";110;2014;NA;12;"prod_industrial";2026-10-07
"4298";"Índice de producción industrial, minería, INE (base 2018=100)";"2015-1-1";103,3;2015;NA;1;"prod_industrial";2026-10-07
"4299";"Índice de producción industrial, minería, INE (base 2018=100)";"2015-2-1";91,8;2015;NA;2;"prod_industrial";2026-10-07
"4300";"Índice de producción industrial, minería, INE (base 2018=100)";"2015-3-1";97,9;2015;NA;3;"prod_industrial";2026-10-07
"4301";"Índice de producción industrial, minería, INE (base 2018=100)";"2015-4-1";96,2;2015;NA;4;"prod_industrial";2026-10-07
"4302";"Índice de producción industrial, minería, INE (base 2018=100)";"2015-5-1";102,3;2015;NA;5;"prod_industrial";2026-10-07
"4303";"Índice de producción industrial, minería, INE (base 2018=100)";"2015-6-1";104,4;2015;NA;6;"prod_industrial";2026-10-07
"4304";"Índice de producción industrial, minería, INE (base 2018=100)";"2015-7-1";95,9;2015;NA;7;"prod_industrial";2026-10-07
"4305";"Índice de producción industrial, minería, INE (base 2018=100)";"2015-8-1";93;2015;NA;8;"prod_industrial";2026-10-07
"4306";"Índice de producción industrial, minería, INE (base 2018=100)";"2015-9-1";101,5;2015;NA;9;"prod_industrial";2026-10-07
"4307";"Índice de producción industrial, minería, INE (base 2018=100)";"2015-10-1";105,2;2015;NA;10;"prod_industrial";2026-10-07
"4308";"Índice de producción industrial, minería, INE (base 2018=100)";"2015-11-1";100,1;2015;NA;11;"prod_industrial";2026-10-07
"4309";"Índice de producción industrial, minería, INE (base 2018=100)";"2015-12-1";107,2;2015;NA;12;"prod_industrial";2026-10-07
"4310";"Índice de producción industrial, minería, INE (base 2018=100)";"2016-1-1";94,8;2016;NA;1;"prod_industrial";2026-10-07
"4311";"Índice de producción industrial, minería, INE (base 2018=100)";"2016-2-1";92,8;2016;NA;2;"prod_industrial";2026-10-07
"4312";"Índice de producción industrial, minería, INE (base 2018=100)";"2016-3-1";100,9;2016;NA;3;"prod_industrial";2026-10-07
"4313";"Índice de producción industrial, minería, INE (base 2018=100)";"2016-4-1";90,8;2016;NA;4;"prod_industrial";2026-10-07
"4314";"Índice de producción industrial, minería, INE (base 2018=100)";"2016-5-1";100,7;2016;NA;5;"prod_industrial";2026-10-07
"4315";"Índice de producción industrial, minería, INE (base 2018=100)";"2016-6-1";95,6;2016;NA;6;"prod_industrial";2026-10-07
"4316";"Índice de producción industrial, minería, INE (base 2018=100)";"2016-7-1";95,3;2016;NA;7;"prod_industrial";2026-10-07
"4317";"Índice de producción industrial, minería, INE (base 2018=100)";"2016-8-1";95,9;2016;NA;8;"prod_industrial";2026-10-07
"4318";"Índice de producción industrial, minería, INE (base 2018=100)";"2016-9-1";97,2;2016;NA;9;"prod_industrial";2026-10-07
"4319";"Índice de producción industrial, minería, INE (base 2018=100)";"2016-10-1";97,5;2016;NA;10;"prod_industrial";2026-10-07
"4320";"Índice de producción industrial, minería, INE (base 2018=100)";"2016-11-1";100,6;2016;NA;11;"prod_industrial";2026-10-07
"4321";"Índice de producción industrial, minería, INE (base 2018=100)";"2016-12-1";103,6;2016;NA;12;"prod_industrial";2026-10-07
"4322";"Índice de producción industrial, minería, INE (base 2018=100)";"2017-1-1";91,7;2017;NA;1;"prod_industrial";2026-10-07
"4323";"Índice de producción industrial, minería, INE (base 2018=100)";"2017-2-1";78,2;2017;NA;2;"prod_industrial";2026-10-07
"4324";"Índice de producción industrial, minería, INE (base 2018=100)";"2017-3-1";78,9;2017;NA;3;"prod_industrial";2026-10-07
"4325";"Índice de producción industrial, minería, INE (base 2018=100)";"2017-4-1";88;2017;NA;4;"prod_industrial";2026-10-07
"4326";"Índice de producción industrial, minería, INE (base 2018=100)";"2017-5-1";94,5;2017;NA;5;"prod_industrial";2026-10-07
"4327";"Índice de producción industrial, minería, INE (base 2018=100)";"2017-6-1";92,8;2017;NA;6;"prod_industrial";2026-10-07
"4328";"Índice de producción industrial, minería, INE (base 2018=100)";"2017-7-1";98,5;2017;NA;7;"prod_industrial";2026-10-07
"4329";"Índice de producción industrial, minería, INE (base 2018=100)";"2017-8-1";103,4;2017;NA;8;"prod_industrial";2026-10-07
"4330";"Índice de producción industrial, minería, INE (base 2018=100)";"2017-9-1";101,8;2017;NA;9;"prod_industrial";2026-10-07
"4331";"Índice de producción industrial, minería, INE (base 2018=100)";"2017-10-1";107;2017;NA;10;"prod_industrial";2026-10-07
"4332";"Índice de producción industrial, minería, INE (base 2018=100)";"2017-11-1";103,3;2017;NA;11;"prod_industrial";2026-10-07
"4333";"Índice de producción industrial, minería, INE (base 2018=100)";"2017-12-1";106,7;2017;NA;12;"prod_industrial";2026-10-07
"4334";"Índice de producción industrial, minería, INE (base 2018=100)";"2018-1-1";96,5;2018;NA;1;"prod_industrial";2026-10-07
"4335";"Índice de producción industrial, minería, INE (base 2018=100)";"2018-2-1";93,5;2018;NA;2;"prod_industrial";2026-10-07
"4336";"Índice de producción industrial, minería, INE (base 2018=100)";"2018-3-1";101,6;2018;NA;3;"prod_industrial";2026-10-07
"4337";"Índice de producción industrial, minería, INE (base 2018=100)";"2018-4-1";91,4;2018;NA;4;"prod_industrial";2026-10-07
"4338";"Índice de producción industrial, minería, INE (base 2018=100)";"2018-5-1";100,3;2018;NA;5;"prod_industrial";2026-10-07
"4339";"Índice de producción industrial, minería, INE (base 2018=100)";"2018-6-1";95,6;2018;NA;6;"prod_industrial";2026-10-07
"4340";"Índice de producción industrial, minería, INE (base 2018=100)";"2018-7-1";100;2018;NA;7;"prod_industrial";2026-10-07
"4341";"Índice de producción industrial, minería, INE (base 2018=100)";"2018-8-1";98,4;2018;NA;8;"prod_industrial";2026-10-07
"4342";"Índice de producción industrial, minería, INE (base 2018=100)";"2018-9-1";100;2018;NA;9;"prod_industrial";2026-10-07
"4343";"Índice de producción industrial, minería, INE (base 2018=100)";"2018-10-1";101,3;2018;NA;10;"prod_industrial";2026-10-07
"4344";"Índice de producción industrial, minería, INE (base 2018=100)";"2018-11-1";110,1;2018;NA;11;"prod_industrial";2026-10-07
"4345";"Índice de producción industrial, minería, INE (base 2018=100)";"2018-12-1";111,3;2018;NA;12;"prod_industrial";2026-10-07
"4346";"Índice de producción industrial, minería, INE (base 2018=100)";"2019-1-1";92,6;2019;NA;1;"prod_industrial";2026-10-07
"4347";"Índice de producción industrial, minería, INE (base 2018=100)";"2019-2-1";84,3;2019;NA;2;"prod_industrial";2026-10-07
"4348";"Índice de producción industrial, minería, INE (base 2018=100)";"2019-3-1";96;2019;NA;3;"prod_industrial";2026-10-07
"4349";"Índice de producción industrial, minería, INE (base 2018=100)";"2019-4-1";93,6;2019;NA;4;"prod_industrial";2026-10-07
"4350";"Índice de producción industrial, minería, INE (base 2018=100)";"2019-5-1";98,4;2019;NA;5;"prod_industrial";2026-10-07
"4351";"Índice de producción industrial, minería, INE (base 2018=100)";"2019-6-1";94,8;2019;NA;6;"prod_industrial";2026-10-07
"4352";"Índice de producción industrial, minería, INE (base 2018=100)";"2019-7-1";97,8;2019;NA;7;"prod_industrial";2026-10-07
"4353";"Índice de producción industrial, minería, INE (base 2018=100)";"2019-8-1";103;2019;NA;8;"prod_industrial";2026-10-07
"4354";"Índice de producción industrial, minería, INE (base 2018=100)";"2019-9-1";99,6;2019;NA;9;"prod_industrial";2026-10-07
"4355";"Índice de producción industrial, minería, INE (base 2018=100)";"2019-10-1";100,1;2019;NA;10;"prod_industrial";2026-10-07
"4356";"Índice de producción industrial, minería, INE (base 2018=100)";"2019-11-1";101,9;2019;NA;11;"prod_industrial";2026-10-07
"4357";"Índice de producción industrial, minería, INE (base 2018=100)";"2019-12-1";113,7;2019;NA;12;"prod_industrial";2026-10-07
"4358";"Índice de producción industrial, minería, INE (base 2018=100)";"2020-1-1";94,3;2020;NA;1;"prod_industrial";2026-10-07
"4359";"Índice de producción industrial, minería, INE (base 2018=100)";"2020-2-1";92,9;2020;NA;2;"prod_industrial";2026-10-07
"4360";"Índice de producción industrial, minería, INE (base 2018=100)";"2020-3-1";98,4;2020;NA;3;"prod_industrial";2026-10-07
"4361";"Índice de producción industrial, minería, INE (base 2018=100)";"2020-4-1";93,8;2020;NA;4;"prod_industrial";2026-10-07
"4362";"Índice de producción industrial, minería, INE (base 2018=100)";"2020-5-1";101,1;2020;NA;5;"prod_industrial";2026-10-07
"4363";"Índice de producción industrial, minería, INE (base 2018=100)";"2020-6-1";97,6;2020;NA;6;"prod_industrial";2026-10-07
"4364";"Índice de producción industrial, minería, INE (base 2018=100)";"2020-7-1";98,8;2020;NA;7;"prod_industrial";2026-10-07
"4365";"Índice de producción industrial, minería, INE (base 2018=100)";"2020-8-1";100,1;2020;NA;8;"prod_industrial";2026-10-07
"4366";"Índice de producción industrial, minería, INE (base 2018=100)";"2020-9-1";98,3;2020;NA;9;"prod_industrial";2026-10-07
"4367";"Índice de producción industrial, minería, INE (base 2018=100)";"2020-10-1";102,3;2020;NA;10;"prod_industrial";2026-10-07
"4368";"Índice de producción industrial, minería, INE (base 2018=100)";"2020-11-1";102,2;2020;NA;11;"prod_industrial";2026-10-07
"4369";"Índice de producción industrial, minería, INE (base 2018=100)";"2020-12-1";105,1;2020;NA;12;"prod_industrial";2026-10-07
"4370";"Índice de producción industrial, minería, INE (base 2018=100)";"2021-1-1";94,3;2021;NA;1;"prod_industrial";2026-10-07
"4371";"Índice de producción industrial, minería, INE (base 2018=100)";"2021-2-1";86,6;2021;NA;2;"prod_industrial";2026-10-07
"4372";"Índice de producción industrial, minería, INE (base 2018=100)";"2021-3-1";101;2021;NA;3;"prod_industrial";2026-10-07
"4373";"Índice de producción industrial, minería, INE (base 2018=100)";"2021-4-1";98;2021;NA;4;"prod_industrial";2026-10-07
"4374";"Índice de producción industrial, minería, INE (base 2018=100)";"2021-5-1";100,2;2021;NA;5;"prod_industrial";2026-10-07
"4375";"Índice de producción industrial, minería, INE (base 2018=100)";"2021-6-1";97,9;2021;NA;6;"prod_industrial";2026-10-07
"4376";"Índice de producción industrial, minería, INE (base 2018=100)";"2021-7-1";97,7;2021;NA;7;"prod_industrial";2026-10-07
"4377";"Índice de producción industrial, minería, INE (base 2018=100)";"2021-8-1";98,2;2021;NA;8;"prod_industrial";2026-10-07
"4378";"Índice de producción industrial, minería, INE (base 2018=100)";"2021-9-1";94;2021;NA;9;"prod_industrial";2026-10-07
"4379";"Índice de producción industrial, minería, INE (base 2018=100)";"2021-10-1";104,1;2021;NA;10;"prod_industrial";2026-10-07
"4380";"Índice de producción industrial, minería, INE (base 2018=100)";"2021-11-1";102,4;2021;NA;11;"prod_industrial";2026-10-07
"4381";"Índice de producción industrial, minería, INE (base 2018=100)";"2021-12-1";106,9;2021;NA;12;"prod_industrial";2026-10-07
"4382";"Índice de producción industrial, minería, INE (base 2018=100)";"2022-1-1";90;2022;NA;1;"prod_industrial";2026-10-07
"4383";"Índice de producción industrial, minería, INE (base 2018=100)";"2022-2-1";82,9;2022;NA;2;"prod_industrial";2026-10-07
"4384";"Índice de producción industrial, minería, INE (base 2018=100)";"2022-3-1";100,4;2022;NA;3;"prod_industrial";2026-10-07
"4385";"Índice de producción industrial, minería, INE (base 2018=100)";"2022-4-1";89,1;2022;NA;4;"prod_industrial";2026-10-07
"4386";"Índice de producción industrial, minería, INE (base 2018=100)";"2022-5-1";100,4;2022;NA;5;"prod_industrial";2026-10-07
"4387";"Índice de producción industrial, minería, INE (base 2018=100)";"2022-6-1";96,3;2022;NA;6;"prod_industrial";2026-10-07
"4388";"Índice de producción industrial, minería, INE (base 2018=100)";"2022-7-1";92,6;2022;NA;7;"prod_industrial";2026-10-07
"4389";"Índice de producción industrial, minería, INE (base 2018=100)";"2022-8-1";92,2;2022;NA;8;"prod_industrial";2026-10-07
"4390";"Índice de producción industrial, minería, INE (base 2018=100)";"2022-9-1";93,7;2022;NA;9;"prod_industrial";2026-10-07
"4391";"Índice de producción industrial, minería, INE (base 2018=100)";"2022-10-1";105,1;2022;NA;10;"prod_industrial";2026-10-07
"4392";"Índice de producción industrial, minería, INE (base 2018=100)";"2022-11-1";100,3;2022;NA;11;"prod_industrial";2026-10-07
"4393";"Índice de producción industrial, minería, INE (base 2018=100)";"2022-12-1";110;2022;NA;12;"prod_industrial";2026-10-07
"4394";"Índice de producción industrial, minería, INE (base 2018=100)";"2023-1-1";93,2;2023;NA;1;"prod_industrial";2026-10-07
"4395";"Índice de producción industrial, minería, INE (base 2018=100)";"2023-2-1";84,4;2023;NA;2;"prod_industrial";2026-10-07
"4396";"Índice de producción industrial, minería, INE (base 2018=100)";"2023-3-1";92,7;2023;NA;3;"prod_industrial";2026-10-07
"4397";"Índice de producción industrial, minería, INE (base 2018=100)";"2023-4-1";91,3;2023;NA;4;"prod_industrial";2026-10-07
"4398";"Índice de producción industrial, minería, INE (base 2018=100)";"2023-5-1";89,9;2023;NA;5;"prod_industrial";2026-10-07
"4399";"Índice de producción industrial, minería, INE (base 2018=100)";"2023-6-1";96,7;2023;NA;6;"prod_industrial";2026-10-07
"4400";"Índice de producción industrial, minería, INE (base 2018=100)";"2023-7-1";94,1;2023;NA;7;"prod_industrial";2026-10-07
"4401";"Índice de producción industrial, minería, INE (base 2018=100)";"2023-8-1";93,7;2023;NA;8;"prod_industrial";2026-10-07
"4402";"Índice de producción industrial, minería, INE (base 2018=100)";"2023-9-1";99,7;2023;NA;9;"prod_industrial";2026-10-07
"4403";"Índice de producción industrial, minería, INE (base 2018=100)";"2023-10-1";100,6;2023;NA;10;"prod_industrial";2026-10-07
"4404";"Índice de producción industrial, minería, INE (base 2018=100)";"2023-11-1";102,2;2023;NA;11;"prod_industrial";2026-10-07
"4405";"Índice de producción industrial, minería, INE (base 2018=100)";"2023-12-1";105,9;2023;NA;12;"prod_industrial";2026-10-07
"4406";"Índice de producción industrial, minería, INE (base 2018=100)";"2024-1-1";94,2;2024;NA;1;"prod_industrial";2026-10-07
"4407";"Índice de producción industrial, minería, INE (base 2018=100)";"2024-2-1";91,1;2024;NA;2;"prod_industrial";2026-10-07
"4408";"Índice de producción industrial, minería, INE (base 2018=100)";"2024-3-1";97;2024;NA;3;"prod_industrial";2026-10-07
"4409";"Índice de producción industrial, minería, INE (base 2018=100)";"2024-4-1";90,1;2024;NA;4;"prod_industrial";2026-10-07
"4410";"Índice de producción industrial, minería, INE (base 2018=100)";"2024-5-1";96,2;2024;NA;5;"prod_industrial";2026-10-07
"4411";"Índice de producción industrial, minería, INE (base 2018=100)";"2024-6-1";98,6;2024;NA;6;"prod_industrial";2026-10-07
"4412";"Índice de producción industrial, minería, INE (base 2018=100)";"2024-7-1";96,8;2024;NA;7;"prod_industrial";2026-10-07
"4413";"Índice de producción industrial, minería, INE (base 2018=100)";"2024-8-1";102;2024;NA;8;"prod_industrial";2026-10-07
"4414";"Índice de producción industrial, minería, INE (base 2018=100)";"2024-9-1";100,9;2024;NA;9;"prod_industrial";2026-10-07
"4415";"Índice de producción industrial, minería, INE (base 2018=100)";"2024-10-1";104,8;2024;NA;10;"prod_industrial";2026-10-07
"4416";"Índice de producción industrial, minería, INE (base 2018=100)";"2024-11-1";104,1;2024;NA;11;"prod_industrial";2026-10-07
"4417";"Índice de producción industrial, minería, INE (base 2018=100)";"2024-12-1";118,6;2024;NA;12;"prod_industrial";2026-10-07
"4418";"Índice de producción industrial, minería, INE (base 2018=100)";"2025-1-1";94,7;2025;NA;1;"prod_industrial";2026-10-07
"4419";"Índice de producción industrial, minería, INE (base 2018=100)";"2025-2-1";85,1;2025;NA;2;"prod_industrial";2026-10-07
"4420";"Índice de producción industrial, minería, INE (base 2018=100)";"2025-3-1";102,6;2025;NA;3;"prod_industrial";2026-10-07
"4421";"Índice de producción industrial, minería, INE (base 2018=100)";"2025-4-1";99,9;2025;NA;4;"prod_industrial";2026-10-07
"4422";"Índice de producción industrial, minería, INE (base 2018=100)";"2025-5-1";106,2;2025;NA;5;"prod_industrial";2026-10-07
"4423";"Índice de producción industrial, minería, INE (base 2018=100)";"2025-6-1";94,8;2025;NA;6;"prod_industrial";2026-10-07
"4424";"Índice de producción industrial, minería, INE (base 2018=100)";"2025-7-1";96,1;2025;NA;7;"prod_industrial";2026-10-07
"4425";"Índice de producción industrial, minería, INE (base 2018=100)";"2025-8-1";95,6;2025;NA;8;"prod_industrial";2026-10-07
"4426";"Índice de producción industrial, minería, INE (base 2018=100)";"2025-9-1";99,1;2025;NA;9;"prod_industrial";2026-10-07
"4427";"Índice de producción industrial, minería, INE (base 2018=100)";"2025-10-1";103,9;2025;NA;10;"prod_industrial";2026-10-07
"4428";"Índice de producción industrial, minería, INE (base 2018=100)";"2025-11-1";102,7;2025;NA;11;"prod_industrial";2026-10-07
"4429";"Índice de producción industrial, minería, INE (base 2018=100)";"2025-12-1";112,5;2025;NA;12;"prod_industrial";2026-10-07
"4430";"Índice de producción industrial, minería, INE (base 2018=100)";"2026-1-1";94,9;2026;NA;1;"prod_industrial";2026-10-07
"4431";"Índice de producción industrial, minería, INE (base 2018=100)";"2026-2-1";85,4;2026;NA;2;"prod_industrial";2026-10-07
"4432";"Índice de producción industrial, minería, INE (base 2018=100)";"2026-3-1";98,9;2026;NA;3;"prod_industrial";2026-10-07
"4433";"Índice de producción industrial, minería, INE (base 2018=100)";"2026-4-1";90,9;2026;NA;4;"prod_industrial";2026-10-07
"4434";"Índice de producción industrial, minería, INE (base 2018=100)";"2026-5-1";94,9;2026;NA;5;"prod_industrial";2026-10-07
"4435";"Índice de producción industrial, minería, INE (base 2018=100)";"2026-6-1";100,4;2026;NA;6;"prod_industrial";2026-10-07
"4436";"Índice de producción industrial, minería, INE (base 2018=100)";"2026-7-1";89,2;2026;NA;7;"prod_industrial";2026-10-07
"4437";"Índice de producción industrial, minería, INE (base 2018=100)";"2026-8-1";84,4;2026;NA;8;"prod_industrial";2026-10-07
"4438";"Índice de producción industrial, manufacturera, INE (base 2018=100)";"2010-1-1";85,3;2010;NA;1;"prod_industrial";2026-10-07
"4439";"Índice de producción industrial, manufacturera, INE (base 2018=100)";"2010-2-1";83,6;2010;NA;2;"prod_industrial";2026-10-07
"4440";"Índice de producción industrial, manufacturera, INE (base 2018=100)";"2010-3-1";80,3;2010;NA;3;"prod_industrial";2026-10-07
"4441";"Índice de producción industrial, manufacturera, INE (base 2018=100)";"2010-4-1";88,6;2010;NA;4;"prod_industrial";2026-10-07
"4442";"Índice de producción industrial, manufacturera, INE (base 2018=100)";"2010-5-1";90,3;2010;NA;5;"prod_industrial";2026-10-07
"4443";"Índice de producción industrial, manufacturera, INE (base 2018=100)";"2010-6-1";86,8;2010;NA;6;"prod_industrial";2026-10-07
"4444";"Índice de producción industrial, manufacturera, INE (base 2018=100)";"2010-7-1";89,8;2010;NA;7;"prod_industrial";2026-10-07
"4445";"Índice de producción industrial, manufacturera, INE (base 2018=100)";"2010-8-1";92,5;2010;NA;8;"prod_industrial";2026-10-07
"4446";"Índice de producción industrial, manufacturera, INE (base 2018=100)";"2010-9-1";85,6;2010;NA;9;"prod_industrial";2026-10-07
"4447";"Índice de producción industrial, manufacturera, INE (base 2018=100)";"2010-10-1";94,9;2010;NA;10;"prod_industrial";2026-10-07
"4448";"Índice de producción industrial, manufacturera, INE (base 2018=100)";"2010-11-1";95,9;2010;NA;11;"prod_industrial";2026-10-07
"4449";"Índice de producción industrial, manufacturera, INE (base 2018=100)";"2010-12-1";96,1;2010;NA;12;"prod_industrial";2026-10-07
"4450";"Índice de producción industrial, manufacturera, INE (base 2018=100)";"2011-1-1";92,3;2011;NA;1;"prod_industrial";2026-10-07
"4451";"Índice de producción industrial, manufacturera, INE (base 2018=100)";"2011-2-1";89,5;2011;NA;2;"prod_industrial";2026-10-07
"4452";"Índice de producción industrial, manufacturera, INE (base 2018=100)";"2011-3-1";106,1;2011;NA;3;"prod_industrial";2026-10-07
"4453";"Índice de producción industrial, manufacturera, INE (base 2018=100)";"2011-4-1";94;2011;NA;4;"prod_industrial";2026-10-07
"4454";"Índice de producción industrial, manufacturera, INE (base 2018=100)";"2011-5-1";97,4;2011;NA;5;"prod_industrial";2026-10-07
"4455";"Índice de producción industrial, manufacturera, INE (base 2018=100)";"2011-6-1";93,4;2011;NA;6;"prod_industrial";2026-10-07
"4456";"Índice de producción industrial, manufacturera, INE (base 2018=100)";"2011-7-1";93,8;2011;NA;7;"prod_industrial";2026-10-07
"4457";"Índice de producción industrial, manufacturera, INE (base 2018=100)";"2011-8-1";96,9;2011;NA;8;"prod_industrial";2026-10-07
"4458";"Índice de producción industrial, manufacturera, INE (base 2018=100)";"2011-9-1";93,9;2011;NA;9;"prod_industrial";2026-10-07
"4459";"Índice de producción industrial, manufacturera, INE (base 2018=100)";"2011-10-1";96,6;2011;NA;10;"prod_industrial";2026-10-07
"4460";"Índice de producción industrial, manufacturera, INE (base 2018=100)";"2011-11-1";100,4;2011;NA;11;"prod_industrial";2026-10-07
"4461";"Índice de producción industrial, manufacturera, INE (base 2018=100)";"2011-12-1";101,2;2011;NA;12;"prod_industrial";2026-10-07
"4462";"Índice de producción industrial, manufacturera, INE (base 2018=100)";"2012-1-1";95,2;2012;NA;1;"prod_industrial";2026-10-07
"4463";"Índice de producción industrial, manufacturera, INE (base 2018=100)";"2012-2-1";94;2012;NA;2;"prod_industrial";2026-10-07
"4464";"Índice de producción industrial, manufacturera, INE (base 2018=100)";"2012-3-1";107,6;2012;NA;3;"prod_industrial";2026-10-07
"4465";"Índice de producción industrial, manufacturera, INE (base 2018=100)";"2012-4-1";98,1;2012;NA;4;"prod_industrial";2026-10-07
"4466";"Índice de producción industrial, manufacturera, INE (base 2018=100)";"2012-5-1";101,2;2012;NA;5;"prod_industrial";2026-10-07
"4467";"Índice de producción industrial, manufacturera, INE (base 2018=100)";"2012-6-1";95;2012;NA;6;"prod_industrial";2026-10-07
"4468";"Índice de producción industrial, manufacturera, INE (base 2018=100)";"2012-7-1";94,6;2012;NA;7;"prod_industrial";2026-10-07
"4469";"Índice de producción industrial, manufacturera, INE (base 2018=100)";"2012-8-1";101,4;2012;NA;8;"prod_industrial";2026-10-07
"4470";"Índice de producción industrial, manufacturera, INE (base 2018=100)";"2012-9-1";88,3;2012;NA;9;"prod_industrial";2026-10-07
"4471";"Índice de producción industrial, manufacturera, INE (base 2018=100)";"2012-10-1";105,1;2012;NA;10;"prod_industrial";2026-10-07
"4472";"Índice de producción industrial, manufacturera, INE (base 2018=100)";"2012-11-1";101,7;2012;NA;11;"prod_industrial";2026-10-07
"4473";"Índice de producción industrial, manufacturera, INE (base 2018=100)";"2012-12-1";98,5;2012;NA;12;"prod_industrial";2026-10-07
"4474";"Índice de producción industrial, manufacturera, INE (base 2018=100)";"2013-1-1";100,3;2013;NA;1;"prod_industrial";2026-10-07
"4475";"Índice de producción industrial, manufacturera, INE (base 2018=100)";"2013-2-1";96,6;2013;NA;2;"prod_industrial";2026-10-07
"4476";"Índice de producción industrial, manufacturera, INE (base 2018=100)";"2013-3-1";105,6;2013;NA;3;"prod_industrial";2026-10-07
"4477";"Índice de producción industrial, manufacturera, INE (base 2018=100)";"2013-4-1";101,8;2013;NA;4;"prod_industrial";2026-10-07
"4478";"Índice de producción industrial, manufacturera, INE (base 2018=100)";"2013-5-1";96,9;2013;NA;5;"prod_industrial";2026-10-07
"4479";"Índice de producción industrial, manufacturera, INE (base 2018=100)";"2013-6-1";92,5;2013;NA;6;"prod_industrial";2026-10-07
"4480";"Índice de producción industrial, manufacturera, INE (base 2018=100)";"2013-7-1";99,5;2013;NA;7;"prod_industrial";2026-10-07
"4481";"Índice de producción industrial, manufacturera, INE (base 2018=100)";"2013-8-1";99,8;2013;NA;8;"prod_industrial";2026-10-07
"4482";"Índice de producción industrial, manufacturera, INE (base 2018=100)";"2013-9-1";87,8;2013;NA;9;"prod_industrial";2026-10-07
"4483";"Índice de producción industrial, manufacturera, INE (base 2018=100)";"2013-10-1";102;2013;NA;10;"prod_industrial";2026-10-07
"4484";"Índice de producción industrial, manufacturera, INE (base 2018=100)";"2013-11-1";100,8;2013;NA;11;"prod_industrial";2026-10-07
"4485";"Índice de producción industrial, manufacturera, INE (base 2018=100)";"2013-12-1";99,1;2013;NA;12;"prod_industrial";2026-10-07
"4486";"Índice de producción industrial, manufacturera, INE (base 2018=100)";"2014-1-1";97,9;2014;NA;1;"prod_industrial";2026-10-07
"4487";"Índice de producción industrial, manufacturera, INE (base 2018=100)";"2014-2-1";92,9;2014;NA;2;"prod_industrial";2026-10-07
"4488";"Índice de producción industrial, manufacturera, INE (base 2018=100)";"2014-3-1";104,2;2014;NA;3;"prod_industrial";2026-10-07
"4489";"Índice de producción industrial, manufacturera, INE (base 2018=100)";"2014-4-1";101,2;2014;NA;4;"prod_industrial";2026-10-07
"4490";"Índice de producción industrial, manufacturera, INE (base 2018=100)";"2014-5-1";98,5;2014;NA;5;"prod_industrial";2026-10-07
"4491";"Índice de producción industrial, manufacturera, INE (base 2018=100)";"2014-6-1";94,3;2014;NA;6;"prod_industrial";2026-10-07
"4492";"Índice de producción industrial, manufacturera, INE (base 2018=100)";"2014-7-1";96,2;2014;NA;7;"prod_industrial";2026-10-07
"4493";"Índice de producción industrial, manufacturera, INE (base 2018=100)";"2014-8-1";94,5;2014;NA;8;"prod_industrial";2026-10-07
"4494";"Índice de producción industrial, manufacturera, INE (base 2018=100)";"2014-9-1";90,2;2014;NA;9;"prod_industrial";2026-10-07
"4495";"Índice de producción industrial, manufacturera, INE (base 2018=100)";"2014-10-1";101,7;2014;NA;10;"prod_industrial";2026-10-07
"4496";"Índice de producción industrial, manufacturera, INE (base 2018=100)";"2014-11-1";97,3;2014;NA;11;"prod_industrial";2026-10-07
"4497";"Índice de producción industrial, manufacturera, INE (base 2018=100)";"2014-12-1";99,8;2014;NA;12;"prod_industrial";2026-10-07
"4498";"Índice de producción industrial, manufacturera, INE (base 2018=100)";"2015-1-1";96,1;2015;NA;1;"prod_industrial";2026-10-07
"4499";"Índice de producción industrial, manufacturera, INE (base 2018=100)";"2015-2-1";93;2015;NA;2;"prod_industrial";2026-10-07
"4500";"Índice de producción industrial, manufacturera, INE (base 2018=100)";"2015-3-1";105,5;2015;NA;3;"prod_industrial";2026-10-07
"4501";"Índice de producción industrial, manufacturera, INE (base 2018=100)";"2015-4-1";100,8;2015;NA;4;"prod_industrial";2026-10-07
"4502";"Índice de producción industrial, manufacturera, INE (base 2018=100)";"2015-5-1";97,7;2015;NA;5;"prod_industrial";2026-10-07
"4503";"Índice de producción industrial, manufacturera, INE (base 2018=100)";"2015-6-1";95,7;2015;NA;6;"prod_industrial";2026-10-07
"4504";"Índice de producción industrial, manufacturera, INE (base 2018=100)";"2015-7-1";98,4;2015;NA;7;"prod_industrial";2026-10-07
"4505";"Índice de producción industrial, manufacturera, INE (base 2018=100)";"2015-8-1";93,4;2015;NA;8;"prod_industrial";2026-10-07
"4506";"Índice de producción industrial, manufacturera, INE (base 2018=100)";"2015-9-1";94,4;2015;NA;9;"prod_industrial";2026-10-07
"4507";"Índice de producción industrial, manufacturera, INE (base 2018=100)";"2015-10-1";101,4;2015;NA;10;"prod_industrial";2026-10-07
"4508";"Índice de producción industrial, manufacturera, INE (base 2018=100)";"2015-11-1";100,1;2015;NA;11;"prod_industrial";2026-10-07
"4509";"Índice de producción industrial, manufacturera, INE (base 2018=100)";"2015-12-1";100,7;2015;NA;12;"prod_industrial";2026-10-07
"4510";"Índice de producción industrial, manufacturera, INE (base 2018=100)";"2016-1-1";94,4;2016;NA;1;"prod_industrial";2026-10-07
"4511";"Índice de producción industrial, manufacturera, INE (base 2018=100)";"2016-2-1";96,8;2016;NA;2;"prod_industrial";2026-10-07
"4512";"Índice de producción industrial, manufacturera, INE (base 2018=100)";"2016-3-1";109,5;2016;NA;3;"prod_industrial";2026-10-07
"4513";"Índice de producción industrial, manufacturera, INE (base 2018=100)";"2016-4-1";100,6;2016;NA;4;"prod_industrial";2026-10-07
"4514";"Índice de producción industrial, manufacturera, INE (base 2018=100)";"2016-5-1";98,2;2016;NA;5;"prod_industrial";2026-10-07
"4515";"Índice de producción industrial, manufacturera, INE (base 2018=100)";"2016-6-1";94;2016;NA;6;"prod_industrial";2026-10-07
"4516";"Índice de producción industrial, manufacturera, INE (base 2018=100)";"2016-7-1";92,6;2016;NA;7;"prod_industrial";2026-10-07
"4517";"Índice de producción industrial, manufacturera, INE (base 2018=100)";"2016-8-1";98,3;2016;NA;8;"prod_industrial";2026-10-07
"4518";"Índice de producción industrial, manufacturera, INE (base 2018=100)";"2016-9-1";95,4;2016;NA;9;"prod_industrial";2026-10-07
"4519";"Índice de producción industrial, manufacturera, INE (base 2018=100)";"2016-10-1";96,3;2016;NA;10;"prod_industrial";2026-10-07
"4520";"Índice de producción industrial, manufacturera, INE (base 2018=100)";"2016-11-1";100,6;2016;NA;11;"prod_industrial";2026-10-07
"4521";"Índice de producción industrial, manufacturera, INE (base 2018=100)";"2016-12-1";101,5;2016;NA;12;"prod_industrial";2026-10-07
"4522";"Índice de producción industrial, manufacturera, INE (base 2018=100)";"2017-1-1";95;2017;NA;1;"prod_industrial";2026-10-07
"4523";"Índice de producción industrial, manufacturera, INE (base 2018=100)";"2017-2-1";91,8;2017;NA;2;"prod_industrial";2026-10-07
"4524";"Índice de producción industrial, manufacturera, INE (base 2018=100)";"2017-3-1";109,7;2017;NA;3;"prod_industrial";2026-10-07
"4525";"Índice de producción industrial, manufacturera, INE (base 2018=100)";"2017-4-1";92,8;2017;NA;4;"prod_industrial";2026-10-07
"4526";"Índice de producción industrial, manufacturera, INE (base 2018=100)";"2017-5-1";100,9;2017;NA;5;"prod_industrial";2026-10-07
"4527";"Índice de producción industrial, manufacturera, INE (base 2018=100)";"2017-6-1";92,9;2017;NA;6;"prod_industrial";2026-10-07
"4528";"Índice de producción industrial, manufacturera, INE (base 2018=100)";"2017-7-1";94,3;2017;NA;7;"prod_industrial";2026-10-07
"4529";"Índice de producción industrial, manufacturera, INE (base 2018=100)";"2017-8-1";98,7;2017;NA;8;"prod_industrial";2026-10-07
"4530";"Índice de producción industrial, manufacturera, INE (base 2018=100)";"2017-9-1";91,9;2017;NA;9;"prod_industrial";2026-10-07
"4531";"Índice de producción industrial, manufacturera, INE (base 2018=100)";"2017-10-1";96,2;2017;NA;10;"prod_industrial";2026-10-07
"4532";"Índice de producción industrial, manufacturera, INE (base 2018=100)";"2017-11-1";103,5;2017;NA;11;"prod_industrial";2026-10-07
"4533";"Índice de producción industrial, manufacturera, INE (base 2018=100)";"2017-12-1";99;2017;NA;12;"prod_industrial";2026-10-07
"4534";"Índice de producción industrial, manufacturera, INE (base 2018=100)";"2018-1-1";98,9;2018;NA;1;"prod_industrial";2026-10-07
"4535";"Índice de producción industrial, manufacturera, INE (base 2018=100)";"2018-2-1";94,4;2018;NA;2;"prod_industrial";2026-10-07
"4536";"Índice de producción industrial, manufacturera, INE (base 2018=100)";"2018-3-1";105,6;2018;NA;3;"prod_industrial";2026-10-07
"4537";"Índice de producción industrial, manufacturera, INE (base 2018=100)";"2018-4-1";103,2;2018;NA;4;"prod_industrial";2026-10-07
"4538";"Índice de producción industrial, manufacturera, INE (base 2018=100)";"2018-5-1";102,2;2018;NA;5;"prod_industrial";2026-10-07
"4539";"Índice de producción industrial, manufacturera, INE (base 2018=100)";"2018-6-1";100,7;2018;NA;6;"prod_industrial";2026-10-07
"4540";"Índice de producción industrial, manufacturera, INE (base 2018=100)";"2018-7-1";94,9;2018;NA;7;"prod_industrial";2026-10-07
"4541";"Índice de producción industrial, manufacturera, INE (base 2018=100)";"2018-8-1";101,3;2018;NA;8;"prod_industrial";2026-10-07
"4542";"Índice de producción industrial, manufacturera, INE (base 2018=100)";"2018-9-1";87,8;2018;NA;9;"prod_industrial";2026-10-07
"4543";"Índice de producción industrial, manufacturera, INE (base 2018=100)";"2018-10-1";107,2;2018;NA;10;"prod_industrial";2026-10-07
"4544";"Índice de producción industrial, manufacturera, INE (base 2018=100)";"2018-11-1";101,4;2018;NA;11;"prod_industrial";2026-10-07
"4545";"Índice de producción industrial, manufacturera, INE (base 2018=100)";"2018-12-1";102,7;2018;NA;12;"prod_industrial";2026-10-07
"4546";"Índice de producción industrial, manufacturera, INE (base 2018=100)";"2019-1-1";103;2019;NA;1;"prod_industrial";2026-10-07
"4547";"Índice de producción industrial, manufacturera, INE (base 2018=100)";"2019-2-1";94,6;2019;NA;2;"prod_industrial";2026-10-07
"4548";"Índice de producción industrial, manufacturera, INE (base 2018=100)";"2019-3-1";105,7;2019;NA;3;"prod_industrial";2026-10-07
"4549";"Índice de producción industrial, manufacturera, INE (base 2018=100)";"2019-4-1";103,2;2019;NA;4;"prod_industrial";2026-10-07
"4550";"Índice de producción industrial, manufacturera, INE (base 2018=100)";"2019-5-1";105,4;2019;NA;5;"prod_industrial";2026-10-07
"4551";"Índice de producción industrial, manufacturera, INE (base 2018=100)";"2019-6-1";97,4;2019;NA;6;"prod_industrial";2026-10-07
"4552";"Índice de producción industrial, manufacturera, INE (base 2018=100)";"2019-7-1";102,2;2019;NA;7;"prod_industrial";2026-10-07
"4553";"Índice de producción industrial, manufacturera, INE (base 2018=100)";"2019-8-1";101,1;2019;NA;8;"prod_industrial";2026-10-07
"4554";"Índice de producción industrial, manufacturera, INE (base 2018=100)";"2019-9-1";90,3;2019;NA;9;"prod_industrial";2026-10-07
"4555";"Índice de producción industrial, manufacturera, INE (base 2018=100)";"2019-10-1";99,6;2019;NA;10;"prod_industrial";2026-10-07
"4556";"Índice de producción industrial, manufacturera, INE (base 2018=100)";"2019-11-1";102,2;2019;NA;11;"prod_industrial";2026-10-07
"4557";"Índice de producción industrial, manufacturera, INE (base 2018=100)";"2019-12-1";104;2019;NA;12;"prod_industrial";2026-10-07
"4558";"Índice de producción industrial, manufacturera, INE (base 2018=100)";"2020-1-1";103,2;2020;NA;1;"prod_industrial";2026-10-07
"4559";"Índice de producción industrial, manufacturera, INE (base 2018=100)";"2020-2-1";98;2020;NA;2;"prod_industrial";2026-10-07
"4560";"Índice de producción industrial, manufacturera, INE (base 2018=100)";"2020-3-1";107,5;2020;NA;3;"prod_industrial";2026-10-07
"4561";"Índice de producción industrial, manufacturera, INE (base 2018=100)";"2020-4-1";98;2020;NA;4;"prod_industrial";2026-10-07
"4562";"Índice de producción industrial, manufacturera, INE (base 2018=100)";"2020-5-1";92,1;2020;NA;5;"prod_industrial";2026-10-07
"4563";"Índice de producción industrial, manufacturera, INE (base 2018=100)";"2020-6-1";88;2020;NA;6;"prod_industrial";2026-10-07
"4564";"Índice de producción industrial, manufacturera, INE (base 2018=100)";"2020-7-1";93,6;2020;NA;7;"prod_industrial";2026-10-07
"4565";"Índice de producción industrial, manufacturera, INE (base 2018=100)";"2020-8-1";94,7;2020;NA;8;"prod_industrial";2026-10-07
"4566";"Índice de producción industrial, manufacturera, INE (base 2018=100)";"2020-9-1";95,5;2020;NA;9;"prod_industrial";2026-10-07
"4567";"Índice de producción industrial, manufacturera, INE (base 2018=100)";"2020-10-1";104,2;2020;NA;10;"prod_industrial";2026-10-07
"4568";"Índice de producción industrial, manufacturera, INE (base 2018=100)";"2020-11-1";100,9;2020;NA;11;"prod_industrial";2026-10-07
"4569";"Índice de producción industrial, manufacturera, INE (base 2018=100)";"2020-12-1";104,7;2020;NA;12;"prod_industrial";2026-10-07
"4570";"Índice de producción industrial, manufacturera, INE (base 2018=100)";"2021-1-1";102,5;2021;NA;1;"prod_industrial";2026-10-07
"4571";"Índice de producción industrial, manufacturera, INE (base 2018=100)";"2021-2-1";96,7;2021;NA;2;"prod_industrial";2026-10-07
"4572";"Índice de producción industrial, manufacturera, INE (base 2018=100)";"2021-3-1";112,5;2021;NA;3;"prod_industrial";2026-10-07
"4573";"Índice de producción industrial, manufacturera, INE (base 2018=100)";"2021-4-1";101,4;2021;NA;4;"prod_industrial";2026-10-07
"4574";"Índice de producción industrial, manufacturera, INE (base 2018=100)";"2021-5-1";99,8;2021;NA;5;"prod_industrial";2026-10-07
"4575";"Índice de producción industrial, manufacturera, INE (base 2018=100)";"2021-6-1";100,8;2021;NA;6;"prod_industrial";2026-10-07
"4576";"Índice de producción industrial, manufacturera, INE (base 2018=100)";"2021-7-1";99,1;2021;NA;7;"prod_industrial";2026-10-07
"4577";"Índice de producción industrial, manufacturera, INE (base 2018=100)";"2021-8-1";100,7;2021;NA;8;"prod_industrial";2026-10-07
"4578";"Índice de producción industrial, manufacturera, INE (base 2018=100)";"2021-9-1";99;2021;NA;9;"prod_industrial";2026-10-07
"4579";"Índice de producción industrial, manufacturera, INE (base 2018=100)";"2021-10-1";104,1;2021;NA;10;"prod_industrial";2026-10-07
"4580";"Índice de producción industrial, manufacturera, INE (base 2018=100)";"2021-11-1";105,2;2021;NA;11;"prod_industrial";2026-10-07
"4581";"Índice de producción industrial, manufacturera, INE (base 2018=100)";"2021-12-1";106,2;2021;NA;12;"prod_industrial";2026-10-07
"4582";"Índice de producción industrial, manufacturera, INE (base 2018=100)";"2022-1-1";98,6;2022;NA;1;"prod_industrial";2026-10-07
"4583";"Índice de producción industrial, manufacturera, INE (base 2018=100)";"2022-2-1";94,4;2022;NA;2;"prod_industrial";2026-10-07
"4584";"Índice de producción industrial, manufacturera, INE (base 2018=100)";"2022-3-1";113,1;2022;NA;3;"prod_industrial";2026-10-07
"4585";"Índice de producción industrial, manufacturera, INE (base 2018=100)";"2022-4-1";98,7;2022;NA;4;"prod_industrial";2026-10-07
"4586";"Índice de producción industrial, manufacturera, INE (base 2018=100)";"2022-5-1";98;2022;NA;5;"prod_industrial";2026-10-07
"4587";"Índice de producción industrial, manufacturera, INE (base 2018=100)";"2022-6-1";93,4;2022;NA;6;"prod_industrial";2026-10-07
"4588";"Índice de producción industrial, manufacturera, INE (base 2018=100)";"2022-7-1";94;2022;NA;7;"prod_industrial";2026-10-07
"4589";"Índice de producción industrial, manufacturera, INE (base 2018=100)";"2022-8-1";97,3;2022;NA;8;"prod_industrial";2026-10-07
"4590";"Índice de producción industrial, manufacturera, INE (base 2018=100)";"2022-9-1";91,7;2022;NA;9;"prod_industrial";2026-10-07
"4591";"Índice de producción industrial, manufacturera, INE (base 2018=100)";"2022-10-1";93,3;2022;NA;10;"prod_industrial";2026-10-07
"4592";"Índice de producción industrial, manufacturera, INE (base 2018=100)";"2022-11-1";97,7;2022;NA;11;"prod_industrial";2026-10-07
"4593";"Índice de producción industrial, manufacturera, INE (base 2018=100)";"2022-12-1";101,7;2022;NA;12;"prod_industrial";2026-10-07
"4594";"Índice de producción industrial, manufacturera, INE (base 2018=100)";"2023-1-1";97,2;2023;NA;1;"prod_industrial";2026-10-07
"4595";"Índice de producción industrial, manufacturera, INE (base 2018=100)";"2023-2-1";91,2;2023;NA;2;"prod_industrial";2026-10-07
"4596";"Índice de producción industrial, manufacturera, INE (base 2018=100)";"2023-3-1";105,8;2023;NA;3;"prod_industrial";2026-10-07
"4597";"Índice de producción industrial, manufacturera, INE (base 2018=100)";"2023-4-1";95,7;2023;NA;4;"prod_industrial";2026-10-07
"4598";"Índice de producción industrial, manufacturera, INE (base 2018=100)";"2023-5-1";99;2023;NA;5;"prod_industrial";2026-10-07
"4599";"Índice de producción industrial, manufacturera, INE (base 2018=100)";"2023-6-1";93;2023;NA;6;"prod_industrial";2026-10-07
"4600";"Índice de producción industrial, manufacturera, INE (base 2018=100)";"2023-7-1";94,9;2023;NA;7;"prod_industrial";2026-10-07
"4601";"Índice de producción industrial, manufacturera, INE (base 2018=100)";"2023-8-1";97,2;2023;NA;8;"prod_industrial";2026-10-07
"4602";"Índice de producción industrial, manufacturera, INE (base 2018=100)";"2023-9-1";91,9;2023;NA;9;"prod_industrial";2026-10-07
"4603";"Índice de producción industrial, manufacturera, INE (base 2018=100)";"2023-10-1";101,9;2023;NA;10;"prod_industrial";2026-10-07
"4604";"Índice de producción industrial, manufacturera, INE (base 2018=100)";"2023-11-1";102;2023;NA;11;"prod_industrial";2026-10-07
"4605";"Índice de producción industrial, manufacturera, INE (base 2018=100)";"2023-12-1";99,5;2023;NA;12;"prod_industrial";2026-10-07
"4606";"Índice de producción industrial, manufacturera, INE (base 2018=100)";"2024-1-1";103,3;2024;NA;1;"prod_industrial";2026-10-07
"4607";"Índice de producción industrial, manufacturera, INE (base 2018=100)";"2024-2-1";99,3;2024;NA;2;"prod_industrial";2026-10-07
"4608";"Índice de producción industrial, manufacturera, INE (base 2018=100)";"2024-3-1";103,8;2024;NA;3;"prod_industrial";2026-10-07
"4609";"Índice de producción industrial, manufacturera, INE (base 2018=100)";"2024-4-1";102,1;2024;NA;4;"prod_industrial";2026-10-07
"4610";"Índice de producción industrial, manufacturera, INE (base 2018=100)";"2024-5-1";96,7;2024;NA;5;"prod_industrial";2026-10-07
"4611";"Índice de producción industrial, manufacturera, INE (base 2018=100)";"2024-6-1";88,6;2024;NA;6;"prod_industrial";2026-10-07
"4612";"Índice de producción industrial, manufacturera, INE (base 2018=100)";"2024-7-1";100,3;2024;NA;7;"prod_industrial";2026-10-07
"4613";"Índice de producción industrial, manufacturera, INE (base 2018=100)";"2024-8-1";100,2;2024;NA;8;"prod_industrial";2026-10-07
"4614";"Índice de producción industrial, manufacturera, INE (base 2018=100)";"2024-9-1";91,1;2024;NA;9;"prod_industrial";2026-10-07
"4615";"Índice de producción industrial, manufacturera, INE (base 2018=100)";"2024-10-1";106,4;2024;NA;10;"prod_industrial";2026-10-07
"4616";"Índice de producción industrial, manufacturera, INE (base 2018=100)";"2024-11-1";103;2024;NA;11;"prod_industrial";2026-10-07
"4617";"Índice de producción industrial, manufacturera, INE (base 2018=100)";"2024-12-1";107,5;2024;NA;12;"prod_industrial";2026-10-07
"4618";"Índice de producción industrial, manufacturera, INE (base 2018=100)";"2025-1-1";106,8;2025;NA;1;"prod_industrial";2026-10-07
"4619";"Índice de producción industrial, manufacturera, INE (base 2018=100)";"2025-2-1";98;2025;NA;2;"prod_industrial";2026-10-07
"4620";"Índice de producción industrial, manufacturera, INE (base 2018=100)";"2025-3-1";109,3;2025;NA;3;"prod_industrial";2026-10-07
"4621";"Índice de producción industrial, manufacturera, INE (base 2018=100)";"2025-4-1";101,9;2025;NA;4;"prod_industrial";2026-10-07
"4622";"Índice de producción industrial, manufacturera, INE (base 2018=100)";"2025-5-1";99,8;2025;NA;5;"prod_industrial";2026-10-07
"4623";"Índice de producción industrial, manufacturera, INE (base 2018=100)";"2025-6-1";99,6;2025;NA;6;"prod_industrial";2026-10-07
"4624";"Índice de producción industrial, manufacturera, INE (base 2018=100)";"2025-7-1";103,2;2025;NA;7;"prod_industrial";2026-10-07
"4625";"Índice de producción industrial, manufacturera, INE (base 2018=100)";"2025-8-1";100,7;2025;NA;8;"prod_industrial";2026-10-07
"4626";"Índice de producción industrial, manufacturera, INE (base 2018=100)";"2025-9-1";95,7;2025;NA;9;"prod_industrial";2026-10-07
"4627";"Índice de producción industrial, manufacturera, INE (base 2018=100)";"2025-10-1";106;2025;NA;10;"prod_industrial";2026-10-07
"4628";"Índice de producción industrial, manufacturera, INE (base 2018=100)";"2025-11-1";102,3;2025;NA;11;"prod_industrial";2026-10-07
"4629";"Índice de producción industrial, manufacturera, INE (base 2018=100)";"2025-12-1";108;2025;NA;12;"prod_industrial";2026-10-07
"4630";"Índice de producción industrial, manufacturera, INE (base 2018=100)";"2026-1-1";103;2026;NA;1;"prod_industrial";2026-10-07
"4631";"Índice de producción industrial, manufacturera, INE (base 2018=100)";"2026-2-1";95,2;2026;NA;2;"prod_industrial";2026-10-07
"4632";"Índice de producción industrial, manufacturera, INE (base 2018=100)";"2026-3-1";104,7;2026;NA;3;"prod_industrial";2026-10-07
"4633";"Índice de producción industrial, manufacturera, INE (base 2018=100)";"2026-4-1";99,4;2026;NA;4;"prod_industrial";2026-10-07
"4634";"Índice de producción industrial, manufacturera, INE (base 2018=100)";"2026-5-1";92,5;2026;NA;5;"prod_industrial";2026-10-07
"4635";"Índice de producción industrial, manufacturera, INE (base 2018=100)";"2026-6-1";96,6;2026;NA;6;"prod_industrial";2026-10-07
"4636";"Índice de producción industrial, manufacturera, INE (base 2018=100)";"2026-7-1";98,1;2026;NA;7;"prod_industrial";2026-10-07
"4637";"Índice de producción industrial, manufacturera, INE (base 2018=100)";"2026-8-1";98,1;2026;NA;8;"prod_industrial";2026-10-07
"4638";"Índice de producción industrial,electricidad, gas y agua, INE (base 2018=100)";"2010-1-1";80,6;2010;NA;1;"prod_industrial";2026-10-07
"4639";"Índice de producción industrial,electricidad, gas y agua, INE (base 2018=100)";"2010-2-1";74,8;2010;NA;2;"prod_industrial";2026-10-07
"4640";"Índice de producción industrial,electricidad, gas y agua, INE (base 2018=100)";"2010-3-1";75,4;2010;NA;3;"prod_industrial";2026-10-07
"4641";"Índice de producción industrial,electricidad, gas y agua, INE (base 2018=100)";"2010-4-1";75,3;2010;NA;4;"prod_industrial";2026-10-07
"4642";"Índice de producción industrial,electricidad, gas y agua, INE (base 2018=100)";"2010-5-1";77,7;2010;NA;5;"prod_industrial";2026-10-07
"4643";"Índice de producción industrial,electricidad, gas y agua, INE (base 2018=100)";"2010-6-1";77,9;2010;NA;6;"prod_industrial";2026-10-07
"4644";"Índice de producción industrial,electricidad, gas y agua, INE (base 2018=100)";"2010-7-1";80,7;2010;NA;7;"prod_industrial";2026-10-07
"4645";"Índice de producción industrial,electricidad, gas y agua, INE (base 2018=100)";"2010-8-1";79,5;2010;NA;8;"prod_industrial";2026-10-07
"4646";"Índice de producción industrial,electricidad, gas y agua, INE (base 2018=100)";"2010-9-1";75,8;2010;NA;9;"prod_industrial";2026-10-07
"4647";"Índice de producción industrial,electricidad, gas y agua, INE (base 2018=100)";"2010-10-1";78,8;2010;NA;10;"prod_industrial";2026-10-07
"4648";"Índice de producción industrial,electricidad, gas y agua, INE (base 2018=100)";"2010-11-1";79,9;2010;NA;11;"prod_industrial";2026-10-07
"4649";"Índice de producción industrial,electricidad, gas y agua, INE (base 2018=100)";"2010-12-1";84,9;2010;NA;12;"prod_industrial";2026-10-07
"4650";"Índice de producción industrial,electricidad, gas y agua, INE (base 2018=100)";"2011-1-1";85,4;2011;NA;1;"prod_industrial";2026-10-07
"4651";"Índice de producción industrial,electricidad, gas y agua, INE (base 2018=100)";"2011-2-1";79;2011;NA;2;"prod_industrial";2026-10-07
"4652";"Índice de producción industrial,electricidad, gas y agua, INE (base 2018=100)";"2011-3-1";86,2;2011;NA;3;"prod_industrial";2026-10-07
"4653";"Índice de producción industrial,electricidad, gas y agua, INE (base 2018=100)";"2011-4-1";80,7;2011;NA;4;"prod_industrial";2026-10-07
"4654";"Índice de producción industrial,electricidad, gas y agua, INE (base 2018=100)";"2011-5-1";83,6;2011;NA;5;"prod_industrial";2026-10-07
"4655";"Índice de producción industrial,electricidad, gas y agua, INE (base 2018=100)";"2011-6-1";81,2;2011;NA;6;"prod_industrial";2026-10-07
"4656";"Índice de producción industrial,electricidad, gas y agua, INE (base 2018=100)";"2011-7-1";81,7;2011;NA;7;"prod_industrial";2026-10-07
"4657";"Índice de producción industrial,electricidad, gas y agua, INE (base 2018=100)";"2011-8-1";82,1;2011;NA;8;"prod_industrial";2026-10-07
"4658";"Índice de producción industrial,electricidad, gas y agua, INE (base 2018=100)";"2011-9-1";78,2;2011;NA;9;"prod_industrial";2026-10-07
"4659";"Índice de producción industrial,electricidad, gas y agua, INE (base 2018=100)";"2011-10-1";82;2011;NA;10;"prod_industrial";2026-10-07
"4660";"Índice de producción industrial,electricidad, gas y agua, INE (base 2018=100)";"2011-11-1";83,5;2011;NA;11;"prod_industrial";2026-10-07
"4661";"Índice de producción industrial,electricidad, gas y agua, INE (base 2018=100)";"2011-12-1";89,4;2011;NA;12;"prod_industrial";2026-10-07
"4662";"Índice de producción industrial,electricidad, gas y agua, INE (base 2018=100)";"2012-1-1";92,1;2012;NA;1;"prod_industrial";2026-10-07
"4663";"Índice de producción industrial,electricidad, gas y agua, INE (base 2018=100)";"2012-2-1";88;2012;NA;2;"prod_industrial";2026-10-07
"4664";"Índice de producción industrial,electricidad, gas y agua, INE (base 2018=100)";"2012-3-1";92,4;2012;NA;3;"prod_industrial";2026-10-07
"4665";"Índice de producción industrial,electricidad, gas y agua, INE (base 2018=100)";"2012-4-1";85;2012;NA;4;"prod_industrial";2026-10-07
"4666";"Índice de producción industrial,electricidad, gas y agua, INE (base 2018=100)";"2012-5-1";86,6;2012;NA;5;"prod_industrial";2026-10-07
"4667";"Índice de producción industrial,electricidad, gas y agua, INE (base 2018=100)";"2012-6-1";85,1;2012;NA;6;"prod_industrial";2026-10-07
"4668";"Índice de producción industrial,electricidad, gas y agua, INE (base 2018=100)";"2012-7-1";85,6;2012;NA;7;"prod_industrial";2026-10-07
"4669";"Índice de producción industrial,electricidad, gas y agua, INE (base 2018=100)";"2012-8-1";87;2012;NA;8;"prod_industrial";2026-10-07
"4670";"Índice de producción industrial,electricidad, gas y agua, INE (base 2018=100)";"2012-9-1";81,4;2012;NA;9;"prod_industrial";2026-10-07
"4671";"Índice de producción industrial,electricidad, gas y agua, INE (base 2018=100)";"2012-10-1";87,5;2012;NA;10;"prod_industrial";2026-10-07
"4672";"Índice de producción industrial,electricidad, gas y agua, INE (base 2018=100)";"2012-11-1";87,1;2012;NA;11;"prod_industrial";2026-10-07
"4673";"Índice de producción industrial,electricidad, gas y agua, INE (base 2018=100)";"2012-12-1";91,2;2012;NA;12;"prod_industrial";2026-10-07
"4674";"Índice de producción industrial,electricidad, gas y agua, INE (base 2018=100)";"2013-1-1";94,6;2013;NA;1;"prod_industrial";2026-10-07
"4675";"Índice de producción industrial,electricidad, gas y agua, INE (base 2018=100)";"2013-2-1";88,7;2013;NA;2;"prod_industrial";2026-10-07
"4676";"Índice de producción industrial,electricidad, gas y agua, INE (base 2018=100)";"2013-3-1";94,1;2013;NA;3;"prod_industrial";2026-10-07
"4677";"Índice de producción industrial,electricidad, gas y agua, INE (base 2018=100)";"2013-4-1";88,6;2013;NA;4;"prod_industrial";2026-10-07
"4678";"Índice de producción industrial,electricidad, gas y agua, INE (base 2018=100)";"2013-5-1";90,6;2013;NA;5;"prod_industrial";2026-10-07
"4679";"Índice de producción industrial,electricidad, gas y agua, INE (base 2018=100)";"2013-6-1";88,3;2013;NA;6;"prod_industrial";2026-10-07
"4680";"Índice de producción industrial,electricidad, gas y agua, INE (base 2018=100)";"2013-7-1";91;2013;NA;7;"prod_industrial";2026-10-07
"4681";"Índice de producción industrial,electricidad, gas y agua, INE (base 2018=100)";"2013-8-1";90,2;2013;NA;8;"prod_industrial";2026-10-07
"4682";"Índice de producción industrial,electricidad, gas y agua, INE (base 2018=100)";"2013-9-1";84,9;2013;NA;9;"prod_industrial";2026-10-07
"4683";"Índice de producción industrial,electricidad, gas y agua, INE (base 2018=100)";"2013-10-1";90,4;2013;NA;10;"prod_industrial";2026-10-07
"4684";"Índice de producción industrial,electricidad, gas y agua, INE (base 2018=100)";"2013-11-1";89,8;2013;NA;11;"prod_industrial";2026-10-07
"4685";"Índice de producción industrial,electricidad, gas y agua, INE (base 2018=100)";"2013-12-1";95;2013;NA;12;"prod_industrial";2026-10-07
"4686";"Índice de producción industrial,electricidad, gas y agua, INE (base 2018=100)";"2014-1-1";96,1;2014;NA;1;"prod_industrial";2026-10-07
"4687";"Índice de producción industrial,electricidad, gas y agua, INE (base 2018=100)";"2014-2-1";90,2;2014;NA;2;"prod_industrial";2026-10-07
"4688";"Índice de producción industrial,electricidad, gas y agua, INE (base 2018=100)";"2014-3-1";97,2;2014;NA;3;"prod_industrial";2026-10-07
"4689";"Índice de producción industrial,electricidad, gas y agua, INE (base 2018=100)";"2014-4-1";91,9;2014;NA;4;"prod_industrial";2026-10-07
"4690";"Índice de producción industrial,electricidad, gas y agua, INE (base 2018=100)";"2014-5-1";93,7;2014;NA;5;"prod_industrial";2026-10-07
"4691";"Índice de producción industrial,electricidad, gas y agua, INE (base 2018=100)";"2014-6-1";92,6;2014;NA;6;"prod_industrial";2026-10-07
"4692";"Índice de producción industrial,electricidad, gas y agua, INE (base 2018=100)";"2014-7-1";93,8;2014;NA;7;"prod_industrial";2026-10-07
"4693";"Índice de producción industrial,electricidad, gas y agua, INE (base 2018=100)";"2014-8-1";91,3;2014;NA;8;"prod_industrial";2026-10-07
"4694";"Índice de producción industrial,electricidad, gas y agua, INE (base 2018=100)";"2014-9-1";87,2;2014;NA;9;"prod_industrial";2026-10-07
"4695";"Índice de producción industrial,electricidad, gas y agua, INE (base 2018=100)";"2014-10-1";91,7;2014;NA;10;"prod_industrial";2026-10-07
"4696";"Índice de producción industrial,electricidad, gas y agua, INE (base 2018=100)";"2014-11-1";91,5;2014;NA;11;"prod_industrial";2026-10-07
"4697";"Índice de producción industrial,electricidad, gas y agua, INE (base 2018=100)";"2014-12-1";94,6;2014;NA;12;"prod_industrial";2026-10-07
"4698";"Índice de producción industrial,electricidad, gas y agua, INE (base 2018=100)";"2015-1-1";98,2;2015;NA;1;"prod_industrial";2026-10-07
"4699";"Índice de producción industrial,electricidad, gas y agua, INE (base 2018=100)";"2015-2-1";92,1;2015;NA;2;"prod_industrial";2026-10-07
"4700";"Índice de producción industrial,electricidad, gas y agua, INE (base 2018=100)";"2015-3-1";99,6;2015;NA;3;"prod_industrial";2026-10-07
"4701";"Índice de producción industrial,electricidad, gas y agua, INE (base 2018=100)";"2015-4-1";94;2015;NA;4;"prod_industrial";2026-10-07
"4702";"Índice de producción industrial,electricidad, gas y agua, INE (base 2018=100)";"2015-5-1";96,4;2015;NA;5;"prod_industrial";2026-10-07
"4703";"Índice de producción industrial,electricidad, gas y agua, INE (base 2018=100)";"2015-6-1";95,9;2015;NA;6;"prod_industrial";2026-10-07
"4704";"Índice de producción industrial,electricidad, gas y agua, INE (base 2018=100)";"2015-7-1";97,7;2015;NA;7;"prod_industrial";2026-10-07
"4705";"Índice de producción industrial,electricidad, gas y agua, INE (base 2018=100)";"2015-8-1";94,6;2015;NA;8;"prod_industrial";2026-10-07
"4706";"Índice de producción industrial,electricidad, gas y agua, INE (base 2018=100)";"2015-9-1";91,2;2015;NA;9;"prod_industrial";2026-10-07
"4707";"Índice de producción industrial,electricidad, gas y agua, INE (base 2018=100)";"2015-10-1";94,5;2015;NA;10;"prod_industrial";2026-10-07
"4708";"Índice de producción industrial,electricidad, gas y agua, INE (base 2018=100)";"2015-11-1";90,5;2015;NA;11;"prod_industrial";2026-10-07
"4709";"Índice de producción industrial,electricidad, gas y agua, INE (base 2018=100)";"2015-12-1";95,4;2015;NA;12;"prod_industrial";2026-10-07
"4710";"Índice de producción industrial,electricidad, gas y agua, INE (base 2018=100)";"2016-1-1";99,3;2016;NA;1;"prod_industrial";2026-10-07
"4711";"Índice de producción industrial,electricidad, gas y agua, INE (base 2018=100)";"2016-2-1";96,5;2016;NA;2;"prod_industrial";2026-10-07
"4712";"Índice de producción industrial,electricidad, gas y agua, INE (base 2018=100)";"2016-3-1";103,1;2016;NA;3;"prod_industrial";2026-10-07
"4713";"Índice de producción industrial,electricidad, gas y agua, INE (base 2018=100)";"2016-4-1";96,2;2016;NA;4;"prod_industrial";2026-10-07
"4714";"Índice de producción industrial,electricidad, gas y agua, INE (base 2018=100)";"2016-5-1";98,6;2016;NA;5;"prod_industrial";2026-10-07
"4715";"Índice de producción industrial,electricidad, gas y agua, INE (base 2018=100)";"2016-6-1";99,2;2016;NA;6;"prod_industrial";2026-10-07
"4716";"Índice de producción industrial,electricidad, gas y agua, INE (base 2018=100)";"2016-7-1";101;2016;NA;7;"prod_industrial";2026-10-07
"4717";"Índice de producción industrial,electricidad, gas y agua, INE (base 2018=100)";"2016-8-1";97,7;2016;NA;8;"prod_industrial";2026-10-07
"4718";"Índice de producción industrial,electricidad, gas y agua, INE (base 2018=100)";"2016-9-1";91,3;2016;NA;9;"prod_industrial";2026-10-07
"4719";"Índice de producción industrial,electricidad, gas y agua, INE (base 2018=100)";"2016-10-1";94,2;2016;NA;10;"prod_industrial";2026-10-07
"4720";"Índice de producción industrial,electricidad, gas y agua, INE (base 2018=100)";"2016-11-1";97,8;2016;NA;11;"prod_industrial";2026-10-07
"4721";"Índice de producción industrial,electricidad, gas y agua, INE (base 2018=100)";"2016-12-1";100,3;2016;NA;12;"prod_industrial";2026-10-07
"4722";"Índice de producción industrial,electricidad, gas y agua, INE (base 2018=100)";"2017-1-1";103,3;2017;NA;1;"prod_industrial";2026-10-07
"4723";"Índice de producción industrial,electricidad, gas y agua, INE (base 2018=100)";"2017-2-1";95,2;2017;NA;2;"prod_industrial";2026-10-07
"4724";"Índice de producción industrial,electricidad, gas y agua, INE (base 2018=100)";"2017-3-1";102;2017;NA;3;"prod_industrial";2026-10-07
"4725";"Índice de producción industrial,electricidad, gas y agua, INE (base 2018=100)";"2017-4-1";95,4;2017;NA;4;"prod_industrial";2026-10-07
"4726";"Índice de producción industrial,electricidad, gas y agua, INE (base 2018=100)";"2017-5-1";101,7;2017;NA;5;"prod_industrial";2026-10-07
"4727";"Índice de producción industrial,electricidad, gas y agua, INE (base 2018=100)";"2017-6-1";100,8;2017;NA;6;"prod_industrial";2026-10-07
"4728";"Índice de producción industrial,electricidad, gas y agua, INE (base 2018=100)";"2017-7-1";102,1;2017;NA;7;"prod_industrial";2026-10-07
"4729";"Índice de producción industrial,electricidad, gas y agua, INE (base 2018=100)";"2017-8-1";102,1;2017;NA;8;"prod_industrial";2026-10-07
"4730";"Índice de producción industrial,electricidad, gas y agua, INE (base 2018=100)";"2017-9-1";93,8;2017;NA;9;"prod_industrial";2026-10-07
"4731";"Índice de producción industrial,electricidad, gas y agua, INE (base 2018=100)";"2017-10-1";95,4;2017;NA;10;"prod_industrial";2026-10-07
"4732";"Índice de producción industrial,electricidad, gas y agua, INE (base 2018=100)";"2017-11-1";94,4;2017;NA;11;"prod_industrial";2026-10-07
"4733";"Índice de producción industrial,electricidad, gas y agua, INE (base 2018=100)";"2017-12-1";99,5;2017;NA;12;"prod_industrial";2026-10-07
"4734";"Índice de producción industrial,electricidad, gas y agua, INE (base 2018=100)";"2018-1-1";104;2018;NA;1;"prod_industrial";2026-10-07
"4735";"Índice de producción industrial,electricidad, gas y agua, INE (base 2018=100)";"2018-2-1";98,1;2018;NA;2;"prod_industrial";2026-10-07
"4736";"Índice de producción industrial,electricidad, gas y agua, INE (base 2018=100)";"2018-3-1";103,5;2018;NA;3;"prod_industrial";2026-10-07
"4737";"Índice de producción industrial,electricidad, gas y agua, INE (base 2018=100)";"2018-4-1";98,4;2018;NA;4;"prod_industrial";2026-10-07
"4738";"Índice de producción industrial,electricidad, gas y agua, INE (base 2018=100)";"2018-5-1";102,1;2018;NA;5;"prod_industrial";2026-10-07
"4739";"Índice de producción industrial,electricidad, gas y agua, INE (base 2018=100)";"2018-6-1";102,1;2018;NA;6;"prod_industrial";2026-10-07
"4740";"Índice de producción industrial,electricidad, gas y agua, INE (base 2018=100)";"2018-7-1";102,8;2018;NA;7;"prod_industrial";2026-10-07
"4741";"Índice de producción industrial,electricidad, gas y agua, INE (base 2018=100)";"2018-8-1";100,5;2018;NA;8;"prod_industrial";2026-10-07
"4742";"Índice de producción industrial,electricidad, gas y agua, INE (base 2018=100)";"2018-9-1";94,3;2018;NA;9;"prod_industrial";2026-10-07
"4743";"Índice de producción industrial,electricidad, gas y agua, INE (base 2018=100)";"2018-10-1";96,1;2018;NA;10;"prod_industrial";2026-10-07
"4744";"Índice de producción industrial,electricidad, gas y agua, INE (base 2018=100)";"2018-11-1";96,9;2018;NA;11;"prod_industrial";2026-10-07
"4745";"Índice de producción industrial,electricidad, gas y agua, INE (base 2018=100)";"2018-12-1";101,1;2018;NA;12;"prod_industrial";2026-10-07
"4746";"Índice de producción industrial,electricidad, gas y agua, INE (base 2018=100)";"2019-1-1";105,1;2019;NA;1;"prod_industrial";2026-10-07
"4747";"Índice de producción industrial,electricidad, gas y agua, INE (base 2018=100)";"2019-2-1";99,6;2019;NA;2;"prod_industrial";2026-10-07
"4748";"Índice de producción industrial,electricidad, gas y agua, INE (base 2018=100)";"2019-3-1";105,5;2019;NA;3;"prod_industrial";2026-10-07
"4749";"Índice de producción industrial,electricidad, gas y agua, INE (base 2018=100)";"2019-4-1";100,7;2019;NA;4;"prod_industrial";2026-10-07
"4750";"Índice de producción industrial,electricidad, gas y agua, INE (base 2018=100)";"2019-5-1";102,3;2019;NA;5;"prod_industrial";2026-10-07
"4751";"Índice de producción industrial,electricidad, gas y agua, INE (base 2018=100)";"2019-6-1";100;2019;NA;6;"prod_industrial";2026-10-07
"4752";"Índice de producción industrial,electricidad, gas y agua, INE (base 2018=100)";"2019-7-1";103,5;2019;NA;7;"prod_industrial";2026-10-07
"4753";"Índice de producción industrial,electricidad, gas y agua, INE (base 2018=100)";"2019-8-1";100,2;2019;NA;8;"prod_industrial";2026-10-07
"4754";"Índice de producción industrial,electricidad, gas y agua, INE (base 2018=100)";"2019-9-1";94,7;2019;NA;9;"prod_industrial";2026-10-07
"4755";"Índice de producción industrial,electricidad, gas y agua, INE (base 2018=100)";"2019-10-1";95,5;2019;NA;10;"prod_industrial";2026-10-07
"4756";"Índice de producción industrial,electricidad, gas y agua, INE (base 2018=100)";"2019-11-1";97,2;2019;NA;11;"prod_industrial";2026-10-07
"4757";"Índice de producción industrial,electricidad, gas y agua, INE (base 2018=100)";"2019-12-1";102,2;2019;NA;12;"prod_industrial";2026-10-07
"4758";"Índice de producción industrial,electricidad, gas y agua, INE (base 2018=100)";"2020-1-1";105,8;2020;NA;1;"prod_industrial";2026-10-07
"4759";"Índice de producción industrial,electricidad, gas y agua, INE (base 2018=100)";"2020-2-1";101,3;2020;NA;2;"prod_industrial";2026-10-07
"4760";"Índice de producción industrial,electricidad, gas y agua, INE (base 2018=100)";"2020-3-1";103,9;2020;NA;3;"prod_industrial";2026-10-07
"4761";"Índice de producción industrial,electricidad, gas y agua, INE (base 2018=100)";"2020-4-1";97,3;2020;NA;4;"prod_industrial";2026-10-07
"4762";"Índice de producción industrial,electricidad, gas y agua, INE (base 2018=100)";"2020-5-1";99,6;2020;NA;5;"prod_industrial";2026-10-07
"4763";"Índice de producción industrial,electricidad, gas y agua, INE (base 2018=100)";"2020-6-1";98,7;2020;NA;6;"prod_industrial";2026-10-07
"4764";"Índice de producción industrial,electricidad, gas y agua, INE (base 2018=100)";"2020-7-1";99,2;2020;NA;7;"prod_industrial";2026-10-07
"4765";"Índice de producción industrial,electricidad, gas y agua, INE (base 2018=100)";"2020-8-1";98,7;2020;NA;8;"prod_industrial";2026-10-07
"4766";"Índice de producción industrial,electricidad, gas y agua, INE (base 2018=100)";"2020-9-1";94;2020;NA;9;"prod_industrial";2026-10-07
"4767";"Índice de producción industrial,electricidad, gas y agua, INE (base 2018=100)";"2020-10-1";96,4;2020;NA;10;"prod_industrial";2026-10-07
"4768";"Índice de producción industrial,electricidad, gas y agua, INE (base 2018=100)";"2020-11-1";96,7;2020;NA;11;"prod_industrial";2026-10-07
"4769";"Índice de producción industrial,electricidad, gas y agua, INE (base 2018=100)";"2020-12-1";103,4;2020;NA;12;"prod_industrial";2026-10-07
"4770";"Índice de producción industrial,electricidad, gas y agua, INE (base 2018=100)";"2021-1-1";104,9;2021;NA;1;"prod_industrial";2026-10-07
"4771";"Índice de producción industrial,electricidad, gas y agua, INE (base 2018=100)";"2021-2-1";97,3;2021;NA;2;"prod_industrial";2026-10-07
"4772";"Índice de producción industrial,electricidad, gas y agua, INE (base 2018=100)";"2021-3-1";106,2;2021;NA;3;"prod_industrial";2026-10-07
"4773";"Índice de producción industrial,electricidad, gas y agua, INE (base 2018=100)";"2021-4-1";102,4;2021;NA;4;"prod_industrial";2026-10-07
"4774";"Índice de producción industrial,electricidad, gas y agua, INE (base 2018=100)";"2021-5-1";104,7;2021;NA;5;"prod_industrial";2026-10-07
"4775";"Índice de producción industrial,electricidad, gas y agua, INE (base 2018=100)";"2021-6-1";102,5;2021;NA;6;"prod_industrial";2026-10-07
"4776";"Índice de producción industrial,electricidad, gas y agua, INE (base 2018=100)";"2021-7-1";107,5;2021;NA;7;"prod_industrial";2026-10-07
"4777";"Índice de producción industrial,electricidad, gas y agua, INE (base 2018=100)";"2021-8-1";107,1;2021;NA;8;"prod_industrial";2026-10-07
"4778";"Índice de producción industrial,electricidad, gas y agua, INE (base 2018=100)";"2021-9-1";100,2;2021;NA;9;"prod_industrial";2026-10-07
"4779";"Índice de producción industrial,electricidad, gas y agua, INE (base 2018=100)";"2021-10-1";101,9;2021;NA;10;"prod_industrial";2026-10-07
"4780";"Índice de producción industrial,electricidad, gas y agua, INE (base 2018=100)";"2021-11-1";101,5;2021;NA;11;"prod_industrial";2026-10-07
"4781";"Índice de producción industrial,electricidad, gas y agua, INE (base 2018=100)";"2021-12-1";107,5;2021;NA;12;"prod_industrial";2026-10-07
"4782";"Índice de producción industrial,electricidad, gas y agua, INE (base 2018=100)";"2022-1-1";107,8;2022;NA;1;"prod_industrial";2026-10-07
"4783";"Índice de producción industrial,electricidad, gas y agua, INE (base 2018=100)";"2022-2-1";101,1;2022;NA;2;"prod_industrial";2026-10-07
"4784";"Índice de producción industrial,electricidad, gas y agua, INE (base 2018=100)";"2022-3-1";107,9;2022;NA;3;"prod_industrial";2026-10-07
"4785";"Índice de producción industrial,electricidad, gas y agua, INE (base 2018=100)";"2022-4-1";102,6;2022;NA;4;"prod_industrial";2026-10-07
"4786";"Índice de producción industrial,electricidad, gas y agua, INE (base 2018=100)";"2022-5-1";108,1;2022;NA;5;"prod_industrial";2026-10-07
"4787";"Índice de producción industrial,electricidad, gas y agua, INE (base 2018=100)";"2022-6-1";107,7;2022;NA;6;"prod_industrial";2026-10-07
"4788";"Índice de producción industrial,electricidad, gas y agua, INE (base 2018=100)";"2022-7-1";108,7;2022;NA;7;"prod_industrial";2026-10-07
"4789";"Índice de producción industrial,electricidad, gas y agua, INE (base 2018=100)";"2022-8-1";105,7;2022;NA;8;"prod_industrial";2026-10-07
"4790";"Índice de producción industrial,electricidad, gas y agua, INE (base 2018=100)";"2022-9-1";99,9;2022;NA;9;"prod_industrial";2026-10-07
"4791";"Índice de producción industrial,electricidad, gas y agua, INE (base 2018=100)";"2022-10-1";100,2;2022;NA;10;"prod_industrial";2026-10-07
"4792";"Índice de producción industrial,electricidad, gas y agua, INE (base 2018=100)";"2022-11-1";101,9;2022;NA;11;"prod_industrial";2026-10-07
"4793";"Índice de producción industrial,electricidad, gas y agua, INE (base 2018=100)";"2022-12-1";108,8;2022;NA;12;"prod_industrial";2026-10-07
"4794";"Índice de producción industrial,electricidad, gas y agua, INE (base 2018=100)";"2023-1-1";108,7;2023;NA;1;"prod_industrial";2026-10-07
"4795";"Índice de producción industrial,electricidad, gas y agua, INE (base 2018=100)";"2023-2-1";101,8;2023;NA;2;"prod_industrial";2026-10-07
"4796";"Índice de producción industrial,electricidad, gas y agua, INE (base 2018=100)";"2023-3-1";110,7;2023;NA;3;"prod_industrial";2026-10-07
"4797";"Índice de producción industrial,electricidad, gas y agua, INE (base 2018=100)";"2023-4-1";104,7;2023;NA;4;"prod_industrial";2026-10-07
"4798";"Índice de producción industrial,electricidad, gas y agua, INE (base 2018=100)";"2023-5-1";107,8;2023;NA;5;"prod_industrial";2026-10-07
"4799";"Índice de producción industrial,electricidad, gas y agua, INE (base 2018=100)";"2023-6-1";107,3;2023;NA;6;"prod_industrial";2026-10-07
"4800";"Índice de producción industrial,electricidad, gas y agua, INE (base 2018=100)";"2023-7-1";107,7;2023;NA;7;"prod_industrial";2026-10-07
"4801";"Índice de producción industrial,electricidad, gas y agua, INE (base 2018=100)";"2023-8-1";105,8;2023;NA;8;"prod_industrial";2026-10-07
"4802";"Índice de producción industrial,electricidad, gas y agua, INE (base 2018=100)";"2023-9-1";102,6;2023;NA;9;"prod_industrial";2026-10-07
"4803";"Índice de producción industrial,electricidad, gas y agua, INE (base 2018=100)";"2023-10-1";101,1;2023;NA;10;"prod_industrial";2026-10-07
"4804";"Índice de producción industrial,electricidad, gas y agua, INE (base 2018=100)";"2023-11-1";102,1;2023;NA;11;"prod_industrial";2026-10-07
"4805";"Índice de producción industrial,electricidad, gas y agua, INE (base 2018=100)";"2023-12-1";106;2023;NA;12;"prod_industrial";2026-10-07
"4806";"Índice de producción industrial,electricidad, gas y agua, INE (base 2018=100)";"2024-1-1";110,1;2024;NA;1;"prod_industrial";2026-10-07
"4807";"Índice de producción industrial,electricidad, gas y agua, INE (base 2018=100)";"2024-2-1";107,5;2024;NA;2;"prod_industrial";2026-10-07
"4808";"Índice de producción industrial,electricidad, gas y agua, INE (base 2018=100)";"2024-3-1";109,9;2024;NA;3;"prod_industrial";2026-10-07
"4809";"Índice de producción industrial,electricidad, gas y agua, INE (base 2018=100)";"2024-4-1";105,8;2024;NA;4;"prod_industrial";2026-10-07
"4810";"Índice de producción industrial,electricidad, gas y agua, INE (base 2018=100)";"2024-5-1";112,4;2024;NA;5;"prod_industrial";2026-10-07
"4811";"Índice de producción industrial,electricidad, gas y agua, INE (base 2018=100)";"2024-6-1";107,9;2024;NA;6;"prod_industrial";2026-10-07
"4812";"Índice de producción industrial,electricidad, gas y agua, INE (base 2018=100)";"2024-7-1";108,8;2024;NA;7;"prod_industrial";2026-10-07
"4813";"Índice de producción industrial,electricidad, gas y agua, INE (base 2018=100)";"2024-8-1";107,1;2024;NA;8;"prod_industrial";2026-10-07
"4814";"Índice de producción industrial,electricidad, gas y agua, INE (base 2018=100)";"2024-9-1";100;2024;NA;9;"prod_industrial";2026-10-07
"4815";"Índice de producción industrial,electricidad, gas y agua, INE (base 2018=100)";"2024-10-1";101,8;2024;NA;10;"prod_industrial";2026-10-07
"4816";"Índice de producción industrial,electricidad, gas y agua, INE (base 2018=100)";"2024-11-1";101,9;2024;NA;11;"prod_industrial";2026-10-07
"4817";"Índice de producción industrial,electricidad, gas y agua, INE (base 2018=100)";"2024-12-1";108,3;2024;NA;12;"prod_industrial";2026-10-07
"4818";"Índice de producción industrial,electricidad, gas y agua, INE (base 2018=100)";"2025-1-1";111,1;2025;NA;1;"prod_industrial";2026-10-07
"4819";"Índice de producción industrial,electricidad, gas y agua, INE (base 2018=100)";"2025-2-1";104,1;2025;NA;2;"prod_industrial";2026-10-07
"4820";"Índice de producción industrial,electricidad, gas y agua, INE (base 2018=100)";"2025-3-1";109,3;2025;NA;3;"prod_industrial";2026-10-07
"4821";"Índice de producción industrial,electricidad, gas y agua, INE (base 2018=100)";"2025-4-1";104,8;2025;NA;4;"prod_industrial";2026-10-07
"4822";"Índice de producción industrial,electricidad, gas y agua, INE (base 2018=100)";"2025-5-1";107,9;2025;NA;5;"prod_industrial";2026-10-07
"4823";"Índice de producción industrial,electricidad, gas y agua, INE (base 2018=100)";"2025-6-1";108,2;2025;NA;6;"prod_industrial";2026-10-07
"4824";"Índice de producción industrial,electricidad, gas y agua, INE (base 2018=100)";"2025-7-1";110,2;2025;NA;7;"prod_industrial";2026-10-07
"4825";"Índice de producción industrial,electricidad, gas y agua, INE (base 2018=100)";"2025-8-1";106,4;2025;NA;8;"prod_industrial";2026-10-07
"4826";"Índice de producción industrial,electricidad, gas y agua, INE (base 2018=100)";"2025-9-1";101;2025;NA;9;"prod_industrial";2026-10-07
"4827";"Índice de producción industrial,electricidad, gas y agua, INE (base 2018=100)";"2025-10-1";102,8;2025;NA;10;"prod_industrial";2026-10-07
"4828";"Índice de producción industrial,electricidad, gas y agua, INE (base 2018=100)";"2025-11-1";104;2025;NA;11;"prod_industrial";2026-10-07
"4829";"Índice de producción industrial,electricidad, gas y agua, INE (base 2018=100)";"2025-12-1";109,9;2025;NA;12;"prod_industrial";2026-10-07
"4830";"Índice de producción industrial,electricidad, gas y agua, INE (base 2018=100)";"2026-1-1";112,4;2026;NA;1;"prod_industrial";2026-10-07
"4831";"Índice de producción industrial,electricidad, gas y agua, INE (base 2018=100)";"2026-2-1";104,7;2026;NA;2;"prod_industrial";2026-10-07
"4832";"Índice de producción industrial,electricidad, gas y agua, INE (base 2018=100)";"2026-3-1";110,9;2026;NA;3;"prod_industrial";2026-10-07
"4833";"Índice de producción industrial,electricidad, gas y agua, INE (base 2018=100)";"2026-4-1";105,7;2026;NA;4;"prod_industrial";2026-10-07
"4834";"Índice de producción industrial,electricidad, gas y agua, INE (base 2018=100)";"2026-5-1";109;2026;NA;5;"prod_industrial";2026-10-07
"4835";"Índice de producción industrial,electricidad, gas y agua, INE (base 2018=100)";"2026-6-1";110,8;2026;NA;6;"prod_industrial";2026-10-07
"4836";"Índice de producción industrial,electricidad, gas y agua, INE (base 2018=100)";"2026-7-1";110,6;2026;NA;7;"prod_industrial";2026-10-07
"4837";"Índice de producción industrial,electricidad, gas y agua, INE (base 2018=100)";"2026-8-1";107,5;2026;NA;8;"prod_industrial";2026-10-07
"4838";"Generación de energía eléctrica CDEC (GWh)";"2010-1-1";4883,8;2010;NA;1;"prod_industrial";2026-10-07
"4839";"Generación de energía eléctrica CDEC (GWh)";"2010-2-1";4385,9;2010;NA;2;"prod_industrial";2026-10-07
"4840";"Generación de energía eléctrica CDEC (GWh)";"2010-3-1";4528,2;2010;NA;3;"prod_industrial";2026-10-07
"4841";"Generación de energía eléctrica CDEC (GWh)";"2010-4-1";4608;2010;NA;4;"prod_industrial";2026-10-07
"4842";"Generación de energía eléctrica CDEC (GWh)";"2010-5-1";4844,7;2010;NA;5;"prod_industrial";2026-10-07
"4843";"Generación de energía eléctrica CDEC (GWh)";"2010-6-1";4897,5;2010;NA;6;"prod_industrial";2026-10-07
"4844";"Generación de energía eléctrica CDEC (GWh)";"2010-7-1";5100,2;2010;NA;7;"prod_industrial";2026-10-07
"4845";"Generación de energía eléctrica CDEC (GWh)";"2010-8-1";5086,5;2010;NA;8;"prod_industrial";2026-10-07
"4846";"Generación de energía eléctrica CDEC (GWh)";"2010-9-1";4778,4;2010;NA;9;"prod_industrial";2026-10-07
"4847";"Generación de energía eléctrica CDEC (GWh)";"2010-10-1";5000,6;2010;NA;10;"prod_industrial";2026-10-07
"4848";"Generación de energía eléctrica CDEC (GWh)";"2010-11-1";4996,5;2010;NA;11;"prod_industrial";2026-10-07
"4849";"Generación de energía eléctrica CDEC (GWh)";"2010-12-1";5226,2;2010;NA;12;"prod_industrial";2026-10-07
"4850";"Generación de energía eléctrica CDEC (GWh)";"2011-1-1";5201,8;2011;NA;1;"prod_industrial";2026-10-07
"4851";"Generación de energía eléctrica CDEC (GWh)";"2011-2-1";4729,5;2011;NA;2;"prod_industrial";2026-10-07
"4852";"Generación de energía eléctrica CDEC (GWh)";"2011-3-1";5277,7;2011;NA;3;"prod_industrial";2026-10-07
"4853";"Generación de energía eléctrica CDEC (GWh)";"2011-4-1";4971;2011;NA;4;"prod_industrial";2026-10-07
"4854";"Generación de energía eléctrica CDEC (GWh)";"2011-5-1";5229,2;2011;NA;5;"prod_industrial";2026-10-07
"4855";"Generación de energía eléctrica CDEC (GWh)";"2011-6-1";5072,9;2011;NA;6;"prod_industrial";2026-10-07
"4856";"Generación de energía eléctrica CDEC (GWh)";"2011-7-1";5156,7;2011;NA;7;"prod_industrial";2026-10-07
"4857";"Generación de energía eléctrica CDEC (GWh)";"2011-8-1";5273,4;2011;NA;8;"prod_industrial";2026-10-07
"4858";"Generación de energía eléctrica CDEC (GWh)";"2011-9-1";4981,5;2011;NA;9;"prod_industrial";2026-10-07
"4859";"Generación de energía eléctrica CDEC (GWh)";"2011-10-1";5258,5;2011;NA;10;"prod_industrial";2026-10-07
"4860";"Generación de energía eléctrica CDEC (GWh)";"2011-11-1";5262,4;2011;NA;11;"prod_industrial";2026-10-07
"4861";"Generación de energía eléctrica CDEC (GWh)";"2011-12-1";5595;2011;NA;12;"prod_industrial";2026-10-07
"4862";"Generación de energía eléctrica CDEC (GWh)";"2012-1-1";5580,2;2012;NA;1;"prod_industrial";2026-10-07
"4863";"Generación de energía eléctrica CDEC (GWh)";"2012-2-1";5289,1;2012;NA;2;"prod_industrial";2026-10-07
"4864";"Generación de energía eléctrica CDEC (GWh)";"2012-3-1";5671,2;2012;NA;3;"prod_industrial";2026-10-07
"4865";"Generación de energía eléctrica CDEC (GWh)";"2012-4-1";5206,6;2012;NA;4;"prod_industrial";2026-10-07
"4866";"Generación de energía eléctrica CDEC (GWh)";"2012-5-1";5478;2012;NA;5;"prod_industrial";2026-10-07
"4867";"Generación de energía eléctrica CDEC (GWh)";"2012-6-1";5443,9;2012;NA;6;"prod_industrial";2026-10-07
"4868";"Generación de energía eléctrica CDEC (GWh)";"2012-7-1";5483,4;2012;NA;7;"prod_industrial";2026-10-07
"4869";"Generación de energía eléctrica CDEC (GWh)";"2012-8-1";5610,3;2012;NA;8;"prod_industrial";2026-10-07
"4870";"Generación de energía eléctrica CDEC (GWh)";"2012-9-1";5176,9;2012;NA;9;"prod_industrial";2026-10-07
"4871";"Generación de energía eléctrica CDEC (GWh)";"2012-10-1";5562,8;2012;NA;10;"prod_industrial";2026-10-07
"4872";"Generación de energía eléctrica CDEC (GWh)";"2012-11-1";5442,2;2012;NA;11;"prod_industrial";2026-10-07
"4873";"Generación de energía eléctrica CDEC (GWh)";"2012-12-1";5666,1;2012;NA;12;"prod_industrial";2026-10-07
"4874";"Generación de energía eléctrica CDEC (GWh)";"2013-1-1";5821,7;2013;NA;1;"prod_industrial";2026-10-07
"4875";"Generación de energía eléctrica CDEC (GWh)";"2013-2-1";5324,5;2013;NA;2;"prod_industrial";2026-10-07
"4876";"Generación de energía eléctrica CDEC (GWh)";"2013-3-1";5804,8;2013;NA;3;"prod_industrial";2026-10-07
"4877";"Generación de energía eléctrica CDEC (GWh)";"2013-4-1";5448,2;2013;NA;4;"prod_industrial";2026-10-07
"4878";"Generación de energía eléctrica CDEC (GWh)";"2013-5-1";5689,2;2013;NA;5;"prod_industrial";2026-10-07
"4879";"Generación de energía eléctrica CDEC (GWh)";"2013-6-1";5659,5;2013;NA;6;"prod_industrial";2026-10-07
"4880";"Generación de energía eléctrica CDEC (GWh)";"2013-7-1";5863,3;2013;NA;7;"prod_industrial";2026-10-07
"4881";"Generación de energía eléctrica CDEC (GWh)";"2013-8-1";5819,2;2013;NA;8;"prod_industrial";2026-10-07
"4882";"Generación de energía eléctrica CDEC (GWh)";"2013-9-1";5406,8;2013;NA;9;"prod_industrial";2026-10-07
"4883";"Generación de energía eléctrica CDEC (GWh)";"2013-10-1";5775,8;2013;NA;10;"prod_industrial";2026-10-07
"4884";"Generación de energía eléctrica CDEC (GWh)";"2013-11-1";5602,9;2013;NA;11;"prod_industrial";2026-10-07
"4885";"Generación de energía eléctrica CDEC (GWh)";"2013-12-1";5904;2013;NA;12;"prod_industrial";2026-10-07
"4886";"Generación de energía eléctrica CDEC (GWh)";"2014-1-1";5861;2014;NA;1;"prod_industrial";2026-10-07
"4887";"Generación de energía eléctrica CDEC (GWh)";"2014-2-1";5339,8;2014;NA;2;"prod_industrial";2026-10-07
"4888";"Generación de energía eléctrica CDEC (GWh)";"2014-3-1";5937,4;2014;NA;3;"prod_industrial";2026-10-07
"4889";"Generación de energía eléctrica CDEC (GWh)";"2014-4-1";5592,9;2014;NA;4;"prod_industrial";2026-10-07
"4890";"Generación de energía eléctrica CDEC (GWh)";"2014-5-1";5863;2014;NA;5;"prod_industrial";2026-10-07
"4891";"Generación de energía eléctrica CDEC (GWh)";"2014-6-1";5877,2;2014;NA;6;"prod_industrial";2026-10-07
"4892";"Generación de energía eléctrica CDEC (GWh)";"2014-7-1";5990,4;2014;NA;7;"prod_industrial";2026-10-07
"4893";"Generación de energía eléctrica CDEC (GWh)";"2014-8-1";5934;2014;NA;8;"prod_industrial";2026-10-07
"4894";"Generación de energía eléctrica CDEC (GWh)";"2014-9-1";5638,1;2014;NA;9;"prod_industrial";2026-10-07
"4895";"Generación de energía eléctrica CDEC (GWh)";"2014-10-1";5967,4;2014;NA;10;"prod_industrial";2026-10-07
"4896";"Generación de energía eléctrica CDEC (GWh)";"2014-11-1";5834,3;2014;NA;11;"prod_industrial";2026-10-07
"4897";"Generación de energía eléctrica CDEC (GWh)";"2014-12-1";6071,5;2014;NA;12;"prod_industrial";2026-10-07
"4898";"Generación de energía eléctrica CDEC (GWh)";"2015-1-1";6160,9;2015;NA;1;"prod_industrial";2026-10-07
"4899";"Generación de energía eléctrica CDEC (GWh)";"2015-2-1";5568,4;2015;NA;2;"prod_industrial";2026-10-07
"4900";"Generación de energía eléctrica CDEC (GWh)";"2015-3-1";6050;2015;NA;3;"prod_industrial";2026-10-07
"4901";"Generación de energía eléctrica CDEC (GWh)";"2015-4-1";5703;2015;NA;4;"prod_industrial";2026-10-07
"4902";"Generación de energía eléctrica CDEC (GWh)";"2015-5-1";5946,9;2015;NA;5;"prod_industrial";2026-10-07
"4903";"Generación de energía eléctrica CDEC (GWh)";"2015-6-1";6014,1;2015;NA;6;"prod_industrial";2026-10-07
"4904";"Generación de energía eléctrica CDEC (GWh)";"2015-7-1";6166,5;2015;NA;7;"prod_industrial";2026-10-07
"4905";"Generación de energía eléctrica CDEC (GWh)";"2015-8-1";6071,3;2015;NA;8;"prod_industrial";2026-10-07
"4906";"Generación de energía eléctrica CDEC (GWh)";"2015-9-1";5794,5;2015;NA;9;"prod_industrial";2026-10-07
"4907";"Generación de energía eléctrica CDEC (GWh)";"2015-10-1";6096,2;2015;NA;10;"prod_industrial";2026-10-07
"4908";"Generación de energía eléctrica CDEC (GWh)";"2015-11-1";5923,9;2015;NA;11;"prod_industrial";2026-10-07
"4909";"Generación de energía eléctrica CDEC (GWh)";"2015-12-1";6209,6;2015;NA;12;"prod_industrial";2026-10-07
"4910";"Generación de energía eléctrica CDEC (GWh)";"2016-1-1";6182,4;2016;NA;1;"prod_industrial";2026-10-07
"4911";"Generación de energía eléctrica CDEC (GWh)";"2016-2-1";5976,8;2016;NA;2;"prod_industrial";2026-10-07
"4912";"Generación de energía eléctrica CDEC (GWh)";"2016-3-1";6420,2;2016;NA;3;"prod_industrial";2026-10-07
"4913";"Generación de energía eléctrica CDEC (GWh)";"2016-4-1";5879,1;2016;NA;4;"prod_industrial";2026-10-07
"4914";"Generación de energía eléctrica CDEC (GWh)";"2016-5-1";6211,9;2016;NA;5;"prod_industrial";2026-10-07
"4915";"Generación de energía eléctrica CDEC (GWh)";"2016-6-1";6189,8;2016;NA;6;"prod_industrial";2026-10-07
"4916";"Generación de energía eléctrica CDEC (GWh)";"2016-7-1";6241,1;2016;NA;7;"prod_industrial";2026-10-07
"4917";"Generación de energía eléctrica CDEC (GWh)";"2016-8-1";6154,2;2016;NA;8;"prod_industrial";2026-10-07
"4918";"Generación de energía eléctrica CDEC (GWh)";"2016-9-1";5847,4;2016;NA;9;"prod_industrial";2026-10-07
"4919";"Generación de energía eléctrica CDEC (GWh)";"2016-10-1";5948,4;2016;NA;10;"prod_industrial";2026-10-07
"4920";"Generación de energía eléctrica CDEC (GWh)";"2016-11-1";6003,6;2016;NA;11;"prod_industrial";2026-10-07
"4921";"Generación de energía eléctrica CDEC (GWh)";"2016-12-1";6309,1;2016;NA;12;"prod_industrial";2026-10-07
"4922";"Generación de energía eléctrica CDEC (GWh)";"2017-1-1";6386,9;2017;NA;1;"prod_industrial";2026-10-07
"4923";"Generación de energía eléctrica CDEC (GWh)";"2017-2-1";5709,9;2017;NA;2;"prod_industrial";2026-10-07
"4924";"Generación de energía eléctrica CDEC (GWh)";"2017-3-1";6143,8;2017;NA;3;"prod_industrial";2026-10-07
"4925";"Generación de energía eléctrica CDEC (GWh)";"2017-4-1";5797,1;2017;NA;4;"prod_industrial";2026-10-07
"4926";"Generación de energía eléctrica CDEC (GWh)";"2017-5-1";6286,3;2017;NA;5;"prod_industrial";2026-10-07
"4927";"Generación de energía eléctrica CDEC (GWh)";"2017-6-1";6212,9;2017;NA;6;"prod_industrial";2026-10-07
"4928";"Generación de energía eléctrica CDEC (GWh)";"2017-7-1";6401,1;2017;NA;7;"prod_industrial";2026-10-07
"4929";"Generación de energía eléctrica CDEC (GWh)";"2017-8-1";6439,1;2017;NA;8;"prod_industrial";2026-10-07
"4930";"Generación de energía eléctrica CDEC (GWh)";"2017-9-1";5989,8;2017;NA;9;"prod_industrial";2026-10-07
"4931";"Generación de energía eléctrica CDEC (GWh)";"2017-10-1";6194,4;2017;NA;10;"prod_industrial";2026-10-07
"4932";"Generación de energía eléctrica CDEC (GWh)";"2017-11-1";6168,5;2017;NA;11;"prod_industrial";2026-10-07
"4933";"Generación de energía eléctrica CDEC (GWh)";"2017-12-1";6535,6;2017;NA;12;"prod_industrial";2026-10-07
"4934";"Generación de energía eléctrica CDEC (GWh)";"2018-1-1";6570,4;2018;NA;1;"prod_industrial";2026-10-07
"4935";"Generación de energía eléctrica CDEC (GWh)";"2018-2-1";6028,8;2018;NA;2;"prod_industrial";2026-10-07
"4936";"Generación de energía eléctrica CDEC (GWh)";"2018-3-1";6545,1;2018;NA;3;"prod_industrial";2026-10-07
"4937";"Generación de energía eléctrica CDEC (GWh)";"2018-4-1";6130,6;2018;NA;4;"prod_industrial";2026-10-07
"4938";"Generación de energía eléctrica CDEC (GWh)";"2018-5-1";6500,2;2018;NA;5;"prod_industrial";2026-10-07
"4939";"Generación de energía eléctrica CDEC (GWh)";"2018-6-1";6545,2;2018;NA;6;"prod_industrial";2026-10-07
"4940";"Generación de energía eléctrica CDEC (GWh)";"2018-7-1";6684,9;2018;NA;7;"prod_industrial";2026-10-07
"4941";"Generación de energía eléctrica CDEC (GWh)";"2018-8-1";6540,6;2018;NA;8;"prod_industrial";2026-10-07
"4942";"Generación de energía eléctrica CDEC (GWh)";"2018-9-1";6058,8;2018;NA;9;"prod_industrial";2026-10-07
"4943";"Generación de energía eléctrica CDEC (GWh)";"2018-10-1";6356,2;2018;NA;10;"prod_industrial";2026-10-07
"4944";"Generación de energía eléctrica CDEC (GWh)";"2018-11-1";6280;2018;NA;11;"prod_industrial";2026-10-07
"4945";"Generación de energía eléctrica CDEC (GWh)";"2018-12-1";6492,1;2018;NA;12;"prod_industrial";2026-10-07
"4946";"Generación de energía eléctrica CDEC (GWh)";"2019-1-1";6542,3;2019;NA;1;"prod_industrial";2026-10-07
"4947";"Generación de energía eléctrica CDEC (GWh)";"2019-2-1";5982,2;2019;NA;2;"prod_industrial";2026-10-07
"4948";"Generación de energía eléctrica CDEC (GWh)";"2019-3-1";6625,8;2019;NA;3;"prod_industrial";2026-10-07
"4949";"Generación de energía eléctrica CDEC (GWh)";"2019-4-1";6190,8;2019;NA;4;"prod_industrial";2026-10-07
"4950";"Generación de energía eléctrica CDEC (GWh)";"2019-5-1";6578,2;2019;NA;5;"prod_industrial";2026-10-07
"4951";"Generación de energía eléctrica CDEC (GWh)";"2019-6-1";6448,1;2019;NA;6;"prod_industrial";2026-10-07
"4952";"Generación de energía eléctrica CDEC (GWh)";"2019-7-1";6796,5;2019;NA;7;"prod_industrial";2026-10-07
"4953";"Generación de energía eléctrica CDEC (GWh)";"2019-8-1";6598;2019;NA;8;"prod_industrial";2026-10-07
"4954";"Generación de energía eléctrica CDEC (GWh)";"2019-9-1";6107;2019;NA;9;"prod_industrial";2026-10-07
"4955";"Generación de energía eléctrica CDEC (GWh)";"2019-10-1";6257,8;2019;NA;10;"prod_industrial";2026-10-07
"4956";"Generación de energía eléctrica CDEC (GWh)";"2019-11-1";6310;2019;NA;11;"prod_industrial";2026-10-07
"4957";"Generación de energía eléctrica CDEC (GWh)";"2019-12-1";6786,4;2019;NA;12;"prod_industrial";2026-10-07
"4958";"Generación de energía eléctrica CDEC (GWh)";"2020-1-1";6798,2;2020;NA;1;"prod_industrial";2026-10-07
"4959";"Generación de energía eléctrica CDEC (GWh)";"2020-2-1";6368,2;2020;NA;2;"prod_industrial";2026-10-07
"4960";"Generación de energía eléctrica CDEC (GWh)";"2020-3-1";6764,5;2020;NA;3;"prod_industrial";2026-10-07
"4961";"Generación de energía eléctrica CDEC (GWh)";"2020-4-1";6181,5;2020;NA;4;"prod_industrial";2026-10-07
"4962";"Generación de energía eléctrica CDEC (GWh)";"2020-5-1";6406,2;2020;NA;5;"prod_industrial";2026-10-07
"4963";"Generación de energía eléctrica CDEC (GWh)";"2020-6-1";6419,1;2020;NA;6;"prod_industrial";2026-10-07
"4964";"Generación de energía eléctrica CDEC (GWh)";"2020-7-1";6477,7;2020;NA;7;"prod_industrial";2026-10-07
"4965";"Generación de energía eléctrica CDEC (GWh)";"2020-8-1";6452;2020;NA;8;"prod_industrial";2026-10-07
"4966";"Generación de energía eléctrica CDEC (GWh)";"2020-9-1";6163,1;2020;NA;9;"prod_industrial";2026-10-07
"4967";"Generación de energía eléctrica CDEC (GWh)";"2020-10-1";6436,9;2020;NA;10;"prod_industrial";2026-10-07
"4968";"Generación de energía eléctrica CDEC (GWh)";"2020-11-1";6358,1;2020;NA;11;"prod_industrial";2026-10-07
"4969";"Generación de energía eléctrica CDEC (GWh)";"2020-12-1";6873,3;2020;NA;12;"prod_industrial";2026-10-07
"4970";"Generación de energía eléctrica CDEC (GWh)";"2021-1-1";6768,8;2021;NA;1;"prod_industrial";2026-10-07
"4971";"Generación de energía eléctrica CDEC (GWh)";"2021-2-1";6170,4;2021;NA;2;"prod_industrial";2026-10-07
"4972";"Generación de energía eléctrica CDEC (GWh)";"2021-3-1";6974,7;2021;NA;3;"prod_industrial";2026-10-07
"4973";"Generación de energía eléctrica CDEC (GWh)";"2021-4-1";6523,1;2021;NA;4;"prod_industrial";2026-10-07
"4974";"Generación de energía eléctrica CDEC (GWh)";"2021-5-1";6877,5;2021;NA;5;"prod_industrial";2026-10-07
"4975";"Generación de energía eléctrica CDEC (GWh)";"2021-6-1";6781,7;2021;NA;6;"prod_industrial";2026-10-07
"4976";"Generación de energía eléctrica CDEC (GWh)";"2021-7-1";7134,8;2021;NA;7;"prod_industrial";2026-10-07
"4977";"Generación de energía eléctrica CDEC (GWh)";"2021-8-1";7044,6;2021;NA;8;"prod_industrial";2026-10-07
"4978";"Generación de energía eléctrica CDEC (GWh)";"2021-9-1";6527;2021;NA;9;"prod_industrial";2026-10-07
"4979";"Generación de energía eléctrica CDEC (GWh)";"2021-10-1";6797,8;2021;NA;10;"prod_industrial";2026-10-07
"4980";"Generación de energía eléctrica CDEC (GWh)";"2021-11-1";6715;2021;NA;11;"prod_industrial";2026-10-07
"4981";"Generación de energía eléctrica CDEC (GWh)";"2021-12-1";7122,2;2021;NA;12;"prod_industrial";2026-10-07
"4982";"Generación de energía eléctrica CDEC (GWh)";"2022-1-1";7055,2;2022;NA;1;"prod_industrial";2026-10-07
"4983";"Generación de energía eléctrica CDEC (GWh)";"2022-2-1";6522,8;2022;NA;2;"prod_industrial";2026-10-07
"4984";"Generación de energía eléctrica CDEC (GWh)";"2022-3-1";7136,5;2022;NA;3;"prod_industrial";2026-10-07
"4985";"Generación de energía eléctrica CDEC (GWh)";"2022-4-1";6673,6;2022;NA;4;"prod_industrial";2026-10-07
"4986";"Generación de energía eléctrica CDEC (GWh)";"2022-5-1";7131,9;2022;NA;5;"prod_industrial";2026-10-07
"4987";"Generación de energía eléctrica CDEC (GWh)";"2022-6-1";7065,3;2022;NA;6;"prod_industrial";2026-10-07
"4988";"Generación de energía eléctrica CDEC (GWh)";"2022-7-1";7229,7;2022;NA;7;"prod_industrial";2026-10-07
"4989";"Generación de energía eléctrica CDEC (GWh)";"2022-8-1";7043,3;2022;NA;8;"prod_industrial";2026-10-07
"4990";"Generación de energía eléctrica CDEC (GWh)";"2022-9-1";6571,6;2022;NA;9;"prod_industrial";2026-10-07
"4991";"Generación de energía eléctrica CDEC (GWh)";"2022-10-1";6741,1;2022;NA;10;"prod_industrial";2026-10-07
"4992";"Generación de energía eléctrica CDEC (GWh)";"2022-11-1";6795,9;2022;NA;11;"prod_industrial";2026-10-07
"4993";"Generación de energía eléctrica CDEC (GWh)";"2022-12-1";7262,4;2022;NA;12;"prod_industrial";2026-10-07
"4994";"Generación de energía eléctrica CDEC (GWh)";"2023-1-1";7076,1;2023;NA;1;"prod_industrial";2026-10-07
"4995";"Generación de energía eléctrica CDEC (GWh)";"2023-2-1";6521,8;2023;NA;2;"prod_industrial";2026-10-07
"4996";"Generación de energía eléctrica CDEC (GWh)";"2023-3-1";7255,5;2023;NA;3;"prod_industrial";2026-10-07
"4997";"Generación de energía eléctrica CDEC (GWh)";"2023-4-1";6660,6;2023;NA;4;"prod_industrial";2026-10-07
"4998";"Generación de energía eléctrica CDEC (GWh)";"2023-5-1";7045,3;2023;NA;5;"prod_industrial";2026-10-07
"4999";"Generación de energía eléctrica CDEC (GWh)";"2023-6-1";7048,8;2023;NA;6;"prod_industrial";2026-10-07
"5000";"Generación de energía eléctrica CDEC (GWh)";"2023-7-1";7172,4;2023;NA;7;"prod_industrial";2026-10-07
"5001";"Generación de energía eléctrica CDEC (GWh)";"2023-8-1";7114,2;2023;NA;8;"prod_industrial";2026-10-07
"5002";"Generación de energía eléctrica CDEC (GWh)";"2023-9-1";6835,7;2023;NA;9;"prod_industrial";2026-10-07
"5003";"Generación de energía eléctrica CDEC (GWh)";"2023-10-1";6894,6;2023;NA;10;"prod_industrial";2026-10-07
"5004";"Generación de energía eléctrica CDEC (GWh)";"2023-11-1";6803;2023;NA;11;"prod_industrial";2026-10-07
"5005";"Generación de energía eléctrica CDEC (GWh)";"2023-12-1";7209,1;2023;NA;12;"prod_industrial";2026-10-07
"5006";"Generación de energía eléctrica CDEC (GWh)";"2024-1-1";7383;2024;NA;1;"prod_industrial";2026-10-07
"5007";"Generación de energía eléctrica CDEC (GWh)";"2024-2-1";7043,8;2024;NA;2;"prod_industrial";2026-10-07
"5008";"Generación de energía eléctrica CDEC (GWh)";"2024-3-1";7306,4;2024;NA;3;"prod_industrial";2026-10-07
"5009";"Generación de energía eléctrica CDEC (GWh)";"2024-4-1";6819,9;2024;NA;4;"prod_industrial";2026-10-07
"5010";"Generación de energía eléctrica CDEC (GWh)";"2024-5-1";7540,5;2024;NA;5;"prod_industrial";2026-10-07
"5011";"Generación de energía eléctrica CDEC (GWh)";"2024-6-1";7234,4;2024;NA;6;"prod_industrial";2026-10-07
"5012";"Generación de energía eléctrica CDEC (GWh)";"2024-7-1";7340,3;2024;NA;7;"prod_industrial";2026-10-07
"5013";"Generación de energía eléctrica CDEC (GWh)";"2024-8-1";7156,7;2024;NA;8;"prod_industrial";2026-10-07
"5014";"Generación de energía eléctrica CDEC (GWh)";"2024-9-1";6684,9;2024;NA;9;"prod_industrial";2026-10-07
"5015";"Generación de energía eléctrica CDEC (GWh)";"2024-10-1";6871,8;2024;NA;10;"prod_industrial";2026-10-07
"5016";"Generación de energía eléctrica CDEC (GWh)";"2024-11-1";6796,8;2024;NA;11;"prod_industrial";2026-10-07
"5017";"Generación de energía eléctrica CDEC (GWh)";"2024-12-1";7341,1;2024;NA;12;"prod_industrial";2026-10-07
"5018";"Generación de energía eléctrica CDEC (GWh)";"2025-1-1";7310,5;2025;NA;1;"prod_industrial";2026-10-07
"5019";"Generación de energía eléctrica CDEC (GWh)";"2025-2-1";6601,6;2025;NA;2;"prod_industrial";2026-10-07
"5020";"Generación de energía eléctrica CDEC (GWh)";"2025-3-1";7258,8;2025;NA;3;"prod_industrial";2026-10-07
"5021";"Generación de energía eléctrica CDEC (GWh)";"2025-4-1";6767,5;2025;NA;4;"prod_industrial";2026-10-07
"5022";"Generación de energía eléctrica CDEC (GWh)";"2025-5-1";7179,7;2025;NA;5;"prod_industrial";2026-10-07
"5023";"Generación de energía eléctrica CDEC (GWh)";"2025-6-1";7226,5;2025;NA;6;"prod_industrial";2026-10-07
"5024";"Generación de energía eléctrica CDEC (GWh)";"2025-7-1";7363,2;2025;NA;7;"prod_industrial";2026-10-07
"5025";"Generación de energía eléctrica CDEC (GWh)";"2025-8-1";7167,3;2025;NA;8;"prod_industrial";2026-10-07
"5026";"Generación de energía eléctrica CDEC (GWh)";"2025-9-1";6762,2;2025;NA;9;"prod_industrial";2026-10-07
"5027";"Generación de energía eléctrica CDEC (GWh)";"2025-10-1";7029,2;2025;NA;10;"prod_industrial";2026-10-07
"5028";"Generación de energía eléctrica CDEC (GWh)";"2025-11-1";6968,1;2025;NA;11;"prod_industrial";2026-10-07
"5029";"Generación de energía eléctrica CDEC (GWh)";"2025-12-1";7515,4;2025;NA;12;"prod_industrial";2026-10-07
"5030";"Generación de energía eléctrica CDEC (GWh)";"2026-1-1";7433,5;2026;NA;1;"prod_industrial";2026-10-07
"5031";"Generación de energía eléctrica CDEC (GWh)";"2026-2-1";6737,4;2026;NA;2;"prod_industrial";2026-10-07
"5032";"Generación de energía eléctrica CDEC (GWh)";"2026-3-1";7428,3;2026;NA;3;"prod_industrial";2026-10-07
"5033";"Generación de energía eléctrica CDEC (GWh)";"2026-4-1";6921,9;2026;NA;4;"prod_industrial";2026-10-07
"5034";"Generación de energía eléctrica CDEC (GWh)";"2026-5-1";7386;2026;NA;5;"prod_industrial";2026-10-07
"5035";"Generación de energía eléctrica CDEC (GWh)";"2026-6-1";7536,7;2026;NA;6;"prod_industrial";2026-10-07
"5036";"Generación de energía eléctrica CDEC (GWh)";"2026-7-1";7493,9;2026;NA;7;"prod_industrial";2026-10-07
"5037";"Generación de energía eléctrica CDEC (GWh)";"2026-8-1";7236,9;2026;NA;8;"prod_industrial";2026-10-07
"5038";"Índice de ventas comercio real IVCM, INE (prom 2018=100)";"2010-1-1";55,2;2010;NA;1;"prod_industrial";2026-10-07
"5039";"Índice de ventas comercio real IVCM, INE (prom 2018=100)";"2010-2-1";52;2010;NA;2;"prod_industrial";2026-10-07
"5040";"Índice de ventas comercio real IVCM, INE (prom 2018=100)";"2010-3-1";59,9;2010;NA;3;"prod_industrial";2026-10-07
"5041";"Índice de ventas comercio real IVCM, INE (prom 2018=100)";"2010-4-1";61,7;2010;NA;4;"prod_industrial";2026-10-07
"5042";"Índice de ventas comercio real IVCM, INE (prom 2018=100)";"2010-5-1";64,8;2010;NA;5;"prod_industrial";2026-10-07
"5043";"Índice de ventas comercio real IVCM, INE (prom 2018=100)";"2010-6-1";60,1;2010;NA;6;"prod_industrial";2026-10-07
"5044";"Índice de ventas comercio real IVCM, INE (prom 2018=100)";"2010-7-1";63,1;2010;NA;7;"prod_industrial";2026-10-07
"5045";"Índice de ventas comercio real IVCM, INE (prom 2018=100)";"2010-8-1";60,9;2010;NA;8;"prod_industrial";2026-10-07
"5046";"Índice de ventas comercio real IVCM, INE (prom 2018=100)";"2010-9-1";65;2010;NA;9;"prod_industrial";2026-10-07
"5047";"Índice de ventas comercio real IVCM, INE (prom 2018=100)";"2010-10-1";65,2;2010;NA;10;"prod_industrial";2026-10-07
"5048";"Índice de ventas comercio real IVCM, INE (prom 2018=100)";"2010-11-1";65,4;2010;NA;11;"prod_industrial";2026-10-07
"5049";"Índice de ventas comercio real IVCM, INE (prom 2018=100)";"2010-12-1";91,9;2010;NA;12;"prod_industrial";2026-10-07
"5050";"Índice de ventas comercio real IVCM, INE (prom 2018=100)";"2011-1-1";64,8;2011;NA;1;"prod_industrial";2026-10-07
"5051";"Índice de ventas comercio real IVCM, INE (prom 2018=100)";"2011-2-1";61,8;2011;NA;2;"prod_industrial";2026-10-07
"5052";"Índice de ventas comercio real IVCM, INE (prom 2018=100)";"2011-3-1";70,1;2011;NA;3;"prod_industrial";2026-10-07
"5053";"Índice de ventas comercio real IVCM, INE (prom 2018=100)";"2011-4-1";68,2;2011;NA;4;"prod_industrial";2026-10-07
"5054";"Índice de ventas comercio real IVCM, INE (prom 2018=100)";"2011-5-1";70,4;2011;NA;5;"prod_industrial";2026-10-07
"5055";"Índice de ventas comercio real IVCM, INE (prom 2018=100)";"2011-6-1";68,8;2011;NA;6;"prod_industrial";2026-10-07
"5056";"Índice de ventas comercio real IVCM, INE (prom 2018=100)";"2011-7-1";69,1;2011;NA;7;"prod_industrial";2026-10-07
"5057";"Índice de ventas comercio real IVCM, INE (prom 2018=100)";"2011-8-1";67,8;2011;NA;8;"prod_industrial";2026-10-07
"5058";"Índice de ventas comercio real IVCM, INE (prom 2018=100)";"2011-9-1";72,1;2011;NA;9;"prod_industrial";2026-10-07
"5059";"Índice de ventas comercio real IVCM, INE (prom 2018=100)";"2011-10-1";71,4;2011;NA;10;"prod_industrial";2026-10-07
"5060";"Índice de ventas comercio real IVCM, INE (prom 2018=100)";"2011-11-1";70,7;2011;NA;11;"prod_industrial";2026-10-07
"5061";"Índice de ventas comercio real IVCM, INE (prom 2018=100)";"2011-12-1";100,1;2011;NA;12;"prod_industrial";2026-10-07
"5062";"Índice de ventas comercio real IVCM, INE (prom 2018=100)";"2012-1-1";69,1;2012;NA;1;"prod_industrial";2026-10-07
"5063";"Índice de ventas comercio real IVCM, INE (prom 2018=100)";"2012-2-1";69,5;2012;NA;2;"prod_industrial";2026-10-07
"5064";"Índice de ventas comercio real IVCM, INE (prom 2018=100)";"2012-3-1";76,5;2012;NA;3;"prod_industrial";2026-10-07
"5065";"Índice de ventas comercio real IVCM, INE (prom 2018=100)";"2012-4-1";73,1;2012;NA;4;"prod_industrial";2026-10-07
"5066";"Índice de ventas comercio real IVCM, INE (prom 2018=100)";"2012-5-1";74,4;2012;NA;5;"prod_industrial";2026-10-07
"5067";"Índice de ventas comercio real IVCM, INE (prom 2018=100)";"2012-6-1";74,9;2012;NA;6;"prod_industrial";2026-10-07
"5068";"Índice de ventas comercio real IVCM, INE (prom 2018=100)";"2012-7-1";74,5;2012;NA;7;"prod_industrial";2026-10-07
"5069";"Índice de ventas comercio real IVCM, INE (prom 2018=100)";"2012-8-1";75,4;2012;NA;8;"prod_industrial";2026-10-07
"5070";"Índice de ventas comercio real IVCM, INE (prom 2018=100)";"2012-9-1";76,9;2012;NA;9;"prod_industrial";2026-10-07
"5071";"Índice de ventas comercio real IVCM, INE (prom 2018=100)";"2012-10-1";76;2012;NA;10;"prod_industrial";2026-10-07
"5072";"Índice de ventas comercio real IVCM, INE (prom 2018=100)";"2012-11-1";78,2;2012;NA;11;"prod_industrial";2026-10-07
"5073";"Índice de ventas comercio real IVCM, INE (prom 2018=100)";"2012-12-1";110,9;2012;NA;12;"prod_industrial";2026-10-07
"5074";"Índice de ventas comercio real IVCM, INE (prom 2018=100)";"2013-1-1";75,6;2013;NA;1;"prod_industrial";2026-10-07
"5075";"Índice de ventas comercio real IVCM, INE (prom 2018=100)";"2013-2-1";74,5;2013;NA;2;"prod_industrial";2026-10-07
"5076";"Índice de ventas comercio real IVCM, INE (prom 2018=100)";"2013-3-1";84,2;2013;NA;3;"prod_industrial";2026-10-07
"5077";"Índice de ventas comercio real IVCM, INE (prom 2018=100)";"2013-4-1";81,2;2013;NA;4;"prod_industrial";2026-10-07
"5078";"Índice de ventas comercio real IVCM, INE (prom 2018=100)";"2013-5-1";84,2;2013;NA;5;"prod_industrial";2026-10-07
"5079";"Índice de ventas comercio real IVCM, INE (prom 2018=100)";"2013-6-1";80,7;2013;NA;6;"prod_industrial";2026-10-07
"5080";"Índice de ventas comercio real IVCM, INE (prom 2018=100)";"2013-7-1";82,3;2013;NA;7;"prod_industrial";2026-10-07
"5081";"Índice de ventas comercio real IVCM, INE (prom 2018=100)";"2013-8-1";84,5;2013;NA;8;"prod_industrial";2026-10-07
"5082";"Índice de ventas comercio real IVCM, INE (prom 2018=100)";"2013-9-1";82,4;2013;NA;9;"prod_industrial";2026-10-07
"5083";"Índice de ventas comercio real IVCM, INE (prom 2018=100)";"2013-10-1";86,3;2013;NA;10;"prod_industrial";2026-10-07
"5084";"Índice de ventas comercio real IVCM, INE (prom 2018=100)";"2013-11-1";85,7;2013;NA;11;"prod_industrial";2026-10-07
"5085";"Índice de ventas comercio real IVCM, INE (prom 2018=100)";"2013-12-1";119,3;2013;NA;12;"prod_industrial";2026-10-07
"5086";"Índice de ventas comercio real IVCM, INE (prom 2018=100)";"2014-1-1";82;2014;NA;1;"prod_industrial";2026-10-07
"5087";"Índice de ventas comercio real IVCM, INE (prom 2018=100)";"2014-2-1";79,5;2014;NA;2;"prod_industrial";2026-10-07
"5088";"Índice de ventas comercio real IVCM, INE (prom 2018=100)";"2014-3-1";88,4;2014;NA;3;"prod_industrial";2026-10-07
"5089";"Índice de ventas comercio real IVCM, INE (prom 2018=100)";"2014-4-1";83,1;2014;NA;4;"prod_industrial";2026-10-07
"5090";"Índice de ventas comercio real IVCM, INE (prom 2018=100)";"2014-5-1";87;2014;NA;5;"prod_industrial";2026-10-07
"5091";"Índice de ventas comercio real IVCM, INE (prom 2018=100)";"2014-6-1";82,4;2014;NA;6;"prod_industrial";2026-10-07
"5092";"Índice de ventas comercio real IVCM, INE (prom 2018=100)";"2014-7-1";84,1;2014;NA;7;"prod_industrial";2026-10-07
"5093";"Índice de ventas comercio real IVCM, INE (prom 2018=100)";"2014-8-1";87,1;2014;NA;8;"prod_industrial";2026-10-07
"5094";"Índice de ventas comercio real IVCM, INE (prom 2018=100)";"2014-9-1";82,5;2014;NA;9;"prod_industrial";2026-10-07
"5095";"Índice de ventas comercio real IVCM, INE (prom 2018=100)";"2014-10-1";87,1;2014;NA;10;"prod_industrial";2026-10-07
"5096";"Índice de ventas comercio real IVCM, INE (prom 2018=100)";"2014-11-1";86,5;2014;NA;11;"prod_industrial";2026-10-07
"5097";"Índice de ventas comercio real IVCM, INE (prom 2018=100)";"2014-12-1";116,2;2014;NA;12;"prod_industrial";2026-10-07
"5098";"Índice de ventas comercio real IVCM, INE (prom 2018=100)";"2015-1-1";84,9;2015;NA;1;"prod_industrial";2026-10-07
"5099";"Índice de ventas comercio real IVCM, INE (prom 2018=100)";"2015-2-1";81,4;2015;NA;2;"prod_industrial";2026-10-07
"5100";"Índice de ventas comercio real IVCM, INE (prom 2018=100)";"2015-3-1";89,8;2015;NA;3;"prod_industrial";2026-10-07
"5101";"Índice de ventas comercio real IVCM, INE (prom 2018=100)";"2015-4-1";86,2;2015;NA;4;"prod_industrial";2026-10-07
"5102";"Índice de ventas comercio real IVCM, INE (prom 2018=100)";"2015-5-1";88,7;2015;NA;5;"prod_industrial";2026-10-07
"5103";"Índice de ventas comercio real IVCM, INE (prom 2018=100)";"2015-6-1";85,4;2015;NA;6;"prod_industrial";2026-10-07
"5104";"Índice de ventas comercio real IVCM, INE (prom 2018=100)";"2015-7-1";85,9;2015;NA;7;"prod_industrial";2026-10-07
"5105";"Índice de ventas comercio real IVCM, INE (prom 2018=100)";"2015-8-1";88;2015;NA;8;"prod_industrial";2026-10-07
"5106";"Índice de ventas comercio real IVCM, INE (prom 2018=100)";"2015-9-1";85,2;2015;NA;9;"prod_industrial";2026-10-07
"5107";"Índice de ventas comercio real IVCM, INE (prom 2018=100)";"2015-10-1";87,8;2015;NA;10;"prod_industrial";2026-10-07
"5108";"Índice de ventas comercio real IVCM, INE (prom 2018=100)";"2015-11-1";90,6;2015;NA;11;"prod_industrial";2026-10-07
"5109";"Índice de ventas comercio real IVCM, INE (prom 2018=100)";"2015-12-1";117,5;2015;NA;12;"prod_industrial";2026-10-07
"5110";"Índice de ventas comercio real IVCM, INE (prom 2018=100)";"2016-1-1";87,3;2016;NA;1;"prod_industrial";2026-10-07
"5111";"Índice de ventas comercio real IVCM, INE (prom 2018=100)";"2016-2-1";86,9;2016;NA;2;"prod_industrial";2026-10-07
"5112";"Índice de ventas comercio real IVCM, INE (prom 2018=100)";"2016-3-1";91,2;2016;NA;3;"prod_industrial";2026-10-07
"5113";"Índice de ventas comercio real IVCM, INE (prom 2018=100)";"2016-4-1";90,3;2016;NA;4;"prod_industrial";2026-10-07
"5114";"Índice de ventas comercio real IVCM, INE (prom 2018=100)";"2016-5-1";90,6;2016;NA;5;"prod_industrial";2026-10-07
"5115";"Índice de ventas comercio real IVCM, INE (prom 2018=100)";"2016-6-1";86,4;2016;NA;6;"prod_industrial";2026-10-07
"5116";"Índice de ventas comercio real IVCM, INE (prom 2018=100)";"2016-7-1";89,1;2016;NA;7;"prod_industrial";2026-10-07
"5117";"Índice de ventas comercio real IVCM, INE (prom 2018=100)";"2016-8-1";88,3;2016;NA;8;"prod_industrial";2026-10-07
"5118";"Índice de ventas comercio real IVCM, INE (prom 2018=100)";"2016-9-1";89,4;2016;NA;9;"prod_industrial";2026-10-07
"5119";"Índice de ventas comercio real IVCM, INE (prom 2018=100)";"2016-10-1";90;2016;NA;10;"prod_industrial";2026-10-07
"5120";"Índice de ventas comercio real IVCM, INE (prom 2018=100)";"2016-11-1";93,5;2016;NA;11;"prod_industrial";2026-10-07
"5121";"Índice de ventas comercio real IVCM, INE (prom 2018=100)";"2016-12-1";122,1;2016;NA;12;"prod_industrial";2026-10-07
"5122";"Índice de ventas comercio real IVCM, INE (prom 2018=100)";"2017-1-1";91;2017;NA;1;"prod_industrial";2026-10-07
"5123";"Índice de ventas comercio real IVCM, INE (prom 2018=100)";"2017-2-1";87,2;2017;NA;2;"prod_industrial";2026-10-07
"5124";"Índice de ventas comercio real IVCM, INE (prom 2018=100)";"2017-3-1";98,5;2017;NA;3;"prod_industrial";2026-10-07
"5125";"Índice de ventas comercio real IVCM, INE (prom 2018=100)";"2017-4-1";90,6;2017;NA;4;"prod_industrial";2026-10-07
"5126";"Índice de ventas comercio real IVCM, INE (prom 2018=100)";"2017-5-1";96,5;2017;NA;5;"prod_industrial";2026-10-07
"5127";"Índice de ventas comercio real IVCM, INE (prom 2018=100)";"2017-6-1";90,6;2017;NA;6;"prod_industrial";2026-10-07
"5128";"Índice de ventas comercio real IVCM, INE (prom 2018=100)";"2017-7-1";93,1;2017;NA;7;"prod_industrial";2026-10-07
"5129";"Índice de ventas comercio real IVCM, INE (prom 2018=100)";"2017-8-1";94,2;2017;NA;8;"prod_industrial";2026-10-07
"5130";"Índice de ventas comercio real IVCM, INE (prom 2018=100)";"2017-9-1";93,2;2017;NA;9;"prod_industrial";2026-10-07
"5131";"Índice de ventas comercio real IVCM, INE (prom 2018=100)";"2017-10-1";93,7;2017;NA;10;"prod_industrial";2026-10-07
"5132";"Índice de ventas comercio real IVCM, INE (prom 2018=100)";"2017-11-1";99,2;2017;NA;11;"prod_industrial";2026-10-07
"5133";"Índice de ventas comercio real IVCM, INE (prom 2018=100)";"2017-12-1";128,6;2017;NA;12;"prod_industrial";2026-10-07
"5134";"Índice de ventas comercio real IVCM, INE (prom 2018=100)";"2018-1-1";96,1;2018;NA;1;"prod_industrial";2026-10-07
"5135";"Índice de ventas comercio real IVCM, INE (prom 2018=100)";"2018-2-1";92,6;2018;NA;2;"prod_industrial";2026-10-07
"5136";"Índice de ventas comercio real IVCM, INE (prom 2018=100)";"2018-3-1";103,8;2018;NA;3;"prod_industrial";2026-10-07
"5137";"Índice de ventas comercio real IVCM, INE (prom 2018=100)";"2018-4-1";96,7;2018;NA;4;"prod_industrial";2026-10-07
"5138";"Índice de ventas comercio real IVCM, INE (prom 2018=100)";"2018-5-1";98,7;2018;NA;5;"prod_industrial";2026-10-07
"5139";"Índice de ventas comercio real IVCM, INE (prom 2018=100)";"2018-6-1";96;2018;NA;6;"prod_industrial";2026-10-07
"5140";"Índice de ventas comercio real IVCM, INE (prom 2018=100)";"2018-7-1";92,9;2018;NA;7;"prod_industrial";2026-10-07
"5141";"Índice de ventas comercio real IVCM, INE (prom 2018=100)";"2018-8-1";97,8;2018;NA;8;"prod_industrial";2026-10-07
"5142";"Índice de ventas comercio real IVCM, INE (prom 2018=100)";"2018-9-1";95,5;2018;NA;9;"prod_industrial";2026-10-07
"5143";"Índice de ventas comercio real IVCM, INE (prom 2018=100)";"2018-10-1";100,5;2018;NA;10;"prod_industrial";2026-10-07
"5144";"Índice de ventas comercio real IVCM, INE (prom 2018=100)";"2018-11-1";99,2;2018;NA;11;"prod_industrial";2026-10-07
"5145";"Índice de ventas comercio real IVCM, INE (prom 2018=100)";"2018-12-1";130,4;2018;NA;12;"prod_industrial";2026-10-07
"5146";"Índice de ventas comercio real IVCM, INE (prom 2018=100)";"2019-1-1";98,3;2019;NA;1;"prod_industrial";2026-10-07
"5147";"Índice de ventas comercio real IVCM, INE (prom 2018=100)";"2019-2-1";95,5;2019;NA;2;"prod_industrial";2026-10-07
"5148";"Índice de ventas comercio real IVCM, INE (prom 2018=100)";"2019-3-1";107,1;2019;NA;3;"prod_industrial";2026-10-07
"5149";"Índice de ventas comercio real IVCM, INE (prom 2018=100)";"2019-4-1";98,7;2019;NA;4;"prod_industrial";2026-10-07
"5150";"Índice de ventas comercio real IVCM, INE (prom 2018=100)";"2019-5-1";103,8;2019;NA;5;"prod_industrial";2026-10-07
"5151";"Índice de ventas comercio real IVCM, INE (prom 2018=100)";"2019-6-1";98,4;2019;NA;6;"prod_industrial";2026-10-07
"5152";"Índice de ventas comercio real IVCM, INE (prom 2018=100)";"2019-7-1";97,8;2019;NA;7;"prod_industrial";2026-10-07
"5153";"Índice de ventas comercio real IVCM, INE (prom 2018=100)";"2019-8-1";103;2019;NA;8;"prod_industrial";2026-10-07
"5154";"Índice de ventas comercio real IVCM, INE (prom 2018=100)";"2019-9-1";97,2;2019;NA;9;"prod_industrial";2026-10-07
"5155";"Índice de ventas comercio real IVCM, INE (prom 2018=100)";"2019-10-1";93,6;2019;NA;10;"prod_industrial";2026-10-07
"5156";"Índice de ventas comercio real IVCM, INE (prom 2018=100)";"2019-11-1";92,6;2019;NA;11;"prod_industrial";2026-10-07
"5157";"Índice de ventas comercio real IVCM, INE (prom 2018=100)";"2019-12-1";128,7;2019;NA;12;"prod_industrial";2026-10-07
"5158";"Índice de ventas comercio real IVCM, INE (prom 2018=100)";"2020-1-1";100,4;2020;NA;1;"prod_industrial";2026-10-07
"5159";"Índice de ventas comercio real IVCM, INE (prom 2018=100)";"2020-2-1";100,7;2020;NA;2;"prod_industrial";2026-10-07
"5160";"Índice de ventas comercio real IVCM, INE (prom 2018=100)";"2020-3-1";95,1;2020;NA;3;"prod_industrial";2026-10-07
"5161";"Índice de ventas comercio real IVCM, INE (prom 2018=100)";"2020-4-1";73,9;2020;NA;4;"prod_industrial";2026-10-07
"5162";"Índice de ventas comercio real IVCM, INE (prom 2018=100)";"2020-5-1";81,7;2020;NA;5;"prod_industrial";2026-10-07
"5163";"Índice de ventas comercio real IVCM, INE (prom 2018=100)";"2020-6-1";80;2020;NA;6;"prod_industrial";2026-10-07
"5164";"Índice de ventas comercio real IVCM, INE (prom 2018=100)";"2020-7-1";84,1;2020;NA;7;"prod_industrial";2026-10-07
"5165";"Índice de ventas comercio real IVCM, INE (prom 2018=100)";"2020-8-1";110,7;2020;NA;8;"prod_industrial";2026-10-07
"5166";"Índice de ventas comercio real IVCM, INE (prom 2018=100)";"2020-9-1";110,2;2020;NA;9;"prod_industrial";2026-10-07
"5167";"Índice de ventas comercio real IVCM, INE (prom 2018=100)";"2020-10-1";114,1;2020;NA;10;"prod_industrial";2026-10-07
"5168";"Índice de ventas comercio real IVCM, INE (prom 2018=100)";"2020-11-1";117,3;2020;NA;11;"prod_industrial";2026-10-07
"5169";"Índice de ventas comercio real IVCM, INE (prom 2018=100)";"2020-12-1";147;2020;NA;12;"prod_industrial";2026-10-07
"5170";"Índice de ventas comercio real IVCM, INE (prom 2018=100)";"2021-1-1";109,6;2021;NA;1;"prod_industrial";2026-10-07
"5171";"Índice de ventas comercio real IVCM, INE (prom 2018=100)";"2021-2-1";105,8;2021;NA;2;"prod_industrial";2026-10-07
"5172";"Índice de ventas comercio real IVCM, INE (prom 2018=100)";"2021-3-1";116,4;2021;NA;3;"prod_industrial";2026-10-07
"5173";"Índice de ventas comercio real IVCM, INE (prom 2018=100)";"2021-4-1";100,4;2021;NA;4;"prod_industrial";2026-10-07
"5174";"Índice de ventas comercio real IVCM, INE (prom 2018=100)";"2021-5-1";132,3;2021;NA;5;"prod_industrial";2026-10-07
"5175";"Índice de ventas comercio real IVCM, INE (prom 2018=100)";"2021-6-1";127,5;2021;NA;6;"prod_industrial";2026-10-07
"5176";"Índice de ventas comercio real IVCM, INE (prom 2018=100)";"2021-7-1";134,5;2021;NA;7;"prod_industrial";2026-10-07
"5177";"Índice de ventas comercio real IVCM, INE (prom 2018=100)";"2021-8-1";137,9;2021;NA;8;"prod_industrial";2026-10-07
"5178";"Índice de ventas comercio real IVCM, INE (prom 2018=100)";"2021-9-1";132,8;2021;NA;9;"prod_industrial";2026-10-07
"5179";"Índice de ventas comercio real IVCM, INE (prom 2018=100)";"2021-10-1";141,1;2021;NA;10;"prod_industrial";2026-10-07
"5180";"Índice de ventas comercio real IVCM, INE (prom 2018=100)";"2021-11-1";137,3;2021;NA;11;"prod_industrial";2026-10-07
"5181";"Índice de ventas comercio real IVCM, INE (prom 2018=100)";"2021-12-1";168,6;2021;NA;12;"prod_industrial";2026-10-07
"5182";"Índice de ventas comercio real IVCM, INE (prom 2018=100)";"2022-1-1";124,9;2022;NA;1;"prod_industrial";2026-10-07
"5183";"Índice de ventas comercio real IVCM, INE (prom 2018=100)";"2022-2-1";118,9;2022;NA;2;"prod_industrial";2026-10-07
"5184";"Índice de ventas comercio real IVCM, INE (prom 2018=100)";"2022-3-1";131,8;2022;NA;3;"prod_industrial";2026-10-07
"5185";"Índice de ventas comercio real IVCM, INE (prom 2018=100)";"2022-4-1";122;2022;NA;4;"prod_industrial";2026-10-07
"5186";"Índice de ventas comercio real IVCM, INE (prom 2018=100)";"2022-5-1";126,2;2022;NA;5;"prod_industrial";2026-10-07
"5187";"Índice de ventas comercio real IVCM, INE (prom 2018=100)";"2022-6-1";120,1;2022;NA;6;"prod_industrial";2026-10-07
"5188";"Índice de ventas comercio real IVCM, INE (prom 2018=100)";"2022-7-1";120,6;2022;NA;7;"prod_industrial";2026-10-07
"5189";"Índice de ventas comercio real IVCM, INE (prom 2018=100)";"2022-8-1";121;2022;NA;8;"prod_industrial";2026-10-07
"5190";"Índice de ventas comercio real IVCM, INE (prom 2018=100)";"2022-9-1";114,2;2022;NA;9;"prod_industrial";2026-10-07
"5191";"Índice de ventas comercio real IVCM, INE (prom 2018=100)";"2022-10-1";124,1;2022;NA;10;"prod_industrial";2026-10-07
"5192";"Índice de ventas comercio real IVCM, INE (prom 2018=100)";"2022-11-1";117,3;2022;NA;11;"prod_industrial";2026-10-07
"5193";"Índice de ventas comercio real IVCM, INE (prom 2018=100)";"2022-12-1";150,7;2022;NA;12;"prod_industrial";2026-10-07
"5194";"Índice de ventas comercio real IVCM, INE (prom 2018=100)";"2023-1-1";113,9;2023;NA;1;"prod_industrial";2026-10-07
"5195";"Índice de ventas comercio real IVCM, INE (prom 2018=100)";"2023-2-1";110;2023;NA;2;"prod_industrial";2026-10-07
"5196";"Índice de ventas comercio real IVCM, INE (prom 2018=100)";"2023-3-1";121,1;2023;NA;3;"prod_industrial";2026-10-07
"5197";"Índice de ventas comercio real IVCM, INE (prom 2018=100)";"2023-4-1";111;2023;NA;4;"prod_industrial";2026-10-07
"5198";"Índice de ventas comercio real IVCM, INE (prom 2018=100)";"2023-5-1";115,8;2023;NA;5;"prod_industrial";2026-10-07
"5199";"Índice de ventas comercio real IVCM, INE (prom 2018=100)";"2023-6-1";108,4;2023;NA;6;"prod_industrial";2026-10-07
"5200";"Índice de ventas comercio real IVCM, INE (prom 2018=100)";"2023-7-1";111,5;2023;NA;7;"prod_industrial";2026-10-07
"5201";"Índice de ventas comercio real IVCM, INE (prom 2018=100)";"2023-8-1";110,6;2023;NA;8;"prod_industrial";2026-10-07
"5202";"Índice de ventas comercio real IVCM, INE (prom 2018=100)";"2023-9-1";110,4;2023;NA;9;"prod_industrial";2026-10-07
"5203";"Índice de ventas comercio real IVCM, INE (prom 2018=100)";"2023-10-1";118,5;2023;NA;10;"prod_industrial";2026-10-07
"5204";"Índice de ventas comercio real IVCM, INE (prom 2018=100)";"2023-11-1";114,5;2023;NA;11;"prod_industrial";2026-10-07
"5205";"Índice de ventas comercio real IVCM, INE (prom 2018=100)";"2023-12-1";149,7;2023;NA;12;"prod_industrial";2026-10-07
"5206";"Índice de ventas comercio real IVCM, INE (prom 2018=100)";"2024-1-1";116,3;2024;NA;1;"prod_industrial";2026-10-07
"5207";"Índice de ventas comercio real IVCM, INE (prom 2018=100)";"2024-2-1";114,7;2024;NA;2;"prod_industrial";2026-10-07
"5208";"Índice de ventas comercio real IVCM, INE (prom 2018=100)";"2024-3-1";122,8;2024;NA;3;"prod_industrial";2026-10-07
"5209";"Índice de ventas comercio real IVCM, INE (prom 2018=100)";"2024-4-1";117,2;2024;NA;4;"prod_industrial";2026-10-07
"5210";"Índice de ventas comercio real IVCM, INE (prom 2018=100)";"2024-5-1";117,2;2024;NA;5;"prod_industrial";2026-10-07
"5211";"Índice de ventas comercio real IVCM, INE (prom 2018=100)";"2024-6-1";118,6;2024;NA;6;"prod_industrial";2026-10-07
"5212";"Índice de ventas comercio real IVCM, INE (prom 2018=100)";"2024-7-1";115,1;2024;NA;7;"prod_industrial";2026-10-07
"5213";"Índice de ventas comercio real IVCM, INE (prom 2018=100)";"2024-8-1";118,3;2024;NA;8;"prod_industrial";2026-10-07
"5214";"Índice de ventas comercio real IVCM, INE (prom 2018=100)";"2024-9-1";114,4;2024;NA;9;"prod_industrial";2026-10-07
"5215";"Índice de ventas comercio real IVCM, INE (prom 2018=100)";"2024-10-1";123,4;2024;NA;10;"prod_industrial";2026-10-07
"5216";"Índice de ventas comercio real IVCM, INE (prom 2018=100)";"2024-11-1";122,3;2024;NA;11;"prod_industrial";2026-10-07
"5217";"Índice de ventas comercio real IVCM, INE (prom 2018=100)";"2024-12-1";159,4;2024;NA;12;"prod_industrial";2026-10-07
"5218";"Índice de ventas comercio real IVCM, INE (prom 2018=100)";"2025-1-1";124,7;2025;NA;1;"prod_industrial";2026-10-07
"5219";"Índice de ventas comercio real IVCM, INE (prom 2018=100)";"2025-2-1";117,9;2025;NA;2;"prod_industrial";2026-10-07
"5220";"Índice de ventas comercio real IVCM, INE (prom 2018=100)";"2025-3-1";131,8;2025;NA;3;"prod_industrial";2026-10-07
"5221";"Índice de ventas comercio real IVCM, INE (prom 2018=100)";"2025-4-1";122;2025;NA;4;"prod_industrial";2026-10-07
"5222";"Índice de ventas comercio real IVCM, INE (prom 2018=100)";"2025-5-1";124,3;2025;NA;5;"prod_industrial";2026-10-07
"5223";"Índice de ventas comercio real IVCM, INE (prom 2018=100)";"2025-6-1";126,7;2025;NA;6;"prod_industrial";2026-10-07
"5224";"Índice de ventas comercio real IVCM, INE (prom 2018=100)";"2025-7-1";122,3;2025;NA;7;"prod_industrial";2026-10-07
"5225";"Índice de ventas comercio real IVCM, INE (prom 2018=100)";"2025-8-1";125,4;2025;NA;8;"prod_industrial";2026-10-07
"5226";"Índice de ventas comercio real IVCM, INE (prom 2018=100)";"2025-9-1";121,8;2025;NA;9;"prod_industrial";2026-10-07
"5227";"Índice de ventas comercio real IVCM, INE (prom 2018=100)";"2025-10-1";133,6;2025;NA;10;"prod_industrial";2026-10-07
"5228";"Índice de ventas comercio real IVCM, INE (prom 2018=100)";"2025-11-1";129,4;2025;NA;11;"prod_industrial";2026-10-07
"5229";"Índice de ventas comercio real IVCM, INE (prom 2018=100)";"2025-12-1";166,5;2025;NA;12;"prod_industrial";2026-10-07
"5230";"Índice de ventas comercio real IVCM, INE (prom 2018=100)";"2026-1-1";129,2;2026;NA;1;"prod_industrial";2026-10-07
"5231";"Índice de ventas comercio real IVCM, INE (prom 2018=100)";"2026-2-1";124,5;2026;NA;2;"prod_industrial";2026-10-07
"5232";"Índice de ventas comercio real IVCM, INE (prom 2018=100)";"2026-3-1";137,7;2026;NA;3;"prod_industrial";2026-10-07
"5233";"Índice de ventas comercio real IVCM, INE (prom 2018=100)";"2026-4-1";127;2026;NA;4;"prod_industrial";2026-10-07
"5234";"Índice de ventas comercio real IVCM, INE (prom 2018=100)";"2026-5-1";130,6;2026;NA;5;"prod_industrial";2026-10-07
"5235";"Índice de ventas comercio real IVCM, INE (prom 2018=100)";"2026-6-1";133,3;2026;NA;6;"prod_industrial";2026-10-07
"5236";"Índice de ventas comercio real IVCM, INE (prom 2018=100)";"2026-7-1";125,5;2026;NA;7;"prod_industrial";2026-10-07
"5237";"Índice de ventas comercio real IVCM, INE (prom 2018=100)";"2026-8-1";129,7;2026;NA;8;"prod_industrial";2026-10-07
"5238";"Índice de ventas comercio real no durables IVCM, INE (prom 2018=100)";"2014-1-1";87,3;2014;NA;1;"prod_industrial";2026-10-07
"5239";"Índice de ventas comercio real no durables IVCM, INE (prom 2018=100)";"2014-2-1";85,9;2014;NA;2;"prod_industrial";2026-10-07
"5240";"Índice de ventas comercio real no durables IVCM, INE (prom 2018=100)";"2014-3-1";94;2014;NA;3;"prod_industrial";2026-10-07
"5241";"Índice de ventas comercio real no durables IVCM, INE (prom 2018=100)";"2014-4-1";89,2;2014;NA;4;"prod_industrial";2026-10-07
"5242";"Índice de ventas comercio real no durables IVCM, INE (prom 2018=100)";"2014-5-1";92,4;2014;NA;5;"prod_industrial";2026-10-07
"5243";"Índice de ventas comercio real no durables IVCM, INE (prom 2018=100)";"2014-6-1";87,5;2014;NA;6;"prod_industrial";2026-10-07
"5244";"Índice de ventas comercio real no durables IVCM, INE (prom 2018=100)";"2014-7-1";89,6;2014;NA;7;"prod_industrial";2026-10-07
"5245";"Índice de ventas comercio real no durables IVCM, INE (prom 2018=100)";"2014-8-1";91,3;2014;NA;8;"prod_industrial";2026-10-07
"5246";"Índice de ventas comercio real no durables IVCM, INE (prom 2018=100)";"2014-9-1";87,1;2014;NA;9;"prod_industrial";2026-10-07
"5247";"Índice de ventas comercio real no durables IVCM, INE (prom 2018=100)";"2014-10-1";93,7;2014;NA;10;"prod_industrial";2026-10-07
"5248";"Índice de ventas comercio real no durables IVCM, INE (prom 2018=100)";"2014-11-1";91,7;2014;NA;11;"prod_industrial";2026-10-07
"5249";"Índice de ventas comercio real no durables IVCM, INE (prom 2018=100)";"2014-12-1";120,6;2014;NA;12;"prod_industrial";2026-10-07
"5250";"Índice de ventas comercio real no durables IVCM, INE (prom 2018=100)";"2015-1-1";92,3;2015;NA;1;"prod_industrial";2026-10-07
"5251";"Índice de ventas comercio real no durables IVCM, INE (prom 2018=100)";"2015-2-1";89,4;2015;NA;2;"prod_industrial";2026-10-07
"5252";"Índice de ventas comercio real no durables IVCM, INE (prom 2018=100)";"2015-3-1";96;2015;NA;3;"prod_industrial";2026-10-07
"5253";"Índice de ventas comercio real no durables IVCM, INE (prom 2018=100)";"2015-4-1";92;2015;NA;4;"prod_industrial";2026-10-07
"5254";"Índice de ventas comercio real no durables IVCM, INE (prom 2018=100)";"2015-5-1";94,8;2015;NA;5;"prod_industrial";2026-10-07
"5255";"Índice de ventas comercio real no durables IVCM, INE (prom 2018=100)";"2015-6-1";91;2015;NA;6;"prod_industrial";2026-10-07
"5256";"Índice de ventas comercio real no durables IVCM, INE (prom 2018=100)";"2015-7-1";91,6;2015;NA;7;"prod_industrial";2026-10-07
"5257";"Índice de ventas comercio real no durables IVCM, INE (prom 2018=100)";"2015-8-1";92,2;2015;NA;8;"prod_industrial";2026-10-07
"5258";"Índice de ventas comercio real no durables IVCM, INE (prom 2018=100)";"2015-9-1";89,6;2015;NA;9;"prod_industrial";2026-10-07
"5259";"Índice de ventas comercio real no durables IVCM, INE (prom 2018=100)";"2015-10-1";93,7;2015;NA;10;"prod_industrial";2026-10-07
"5260";"Índice de ventas comercio real no durables IVCM, INE (prom 2018=100)";"2015-11-1";94,2;2015;NA;11;"prod_industrial";2026-10-07
"5261";"Índice de ventas comercio real no durables IVCM, INE (prom 2018=100)";"2015-12-1";123,3;2015;NA;12;"prod_industrial";2026-10-07
"5262";"Índice de ventas comercio real no durables IVCM, INE (prom 2018=100)";"2016-1-1";93;2016;NA;1;"prod_industrial";2026-10-07
"5263";"Índice de ventas comercio real no durables IVCM, INE (prom 2018=100)";"2016-2-1";93,5;2016;NA;2;"prod_industrial";2026-10-07
"5264";"Índice de ventas comercio real no durables IVCM, INE (prom 2018=100)";"2016-3-1";96,3;2016;NA;3;"prod_industrial";2026-10-07
"5265";"Índice de ventas comercio real no durables IVCM, INE (prom 2018=100)";"2016-4-1";95,6;2016;NA;4;"prod_industrial";2026-10-07
"5266";"Índice de ventas comercio real no durables IVCM, INE (prom 2018=100)";"2016-5-1";95,1;2016;NA;5;"prod_industrial";2026-10-07
"5267";"Índice de ventas comercio real no durables IVCM, INE (prom 2018=100)";"2016-6-1";91,4;2016;NA;6;"prod_industrial";2026-10-07
"5268";"Índice de ventas comercio real no durables IVCM, INE (prom 2018=100)";"2016-7-1";94,2;2016;NA;7;"prod_industrial";2026-10-07
"5269";"Índice de ventas comercio real no durables IVCM, INE (prom 2018=100)";"2016-8-1";91,6;2016;NA;8;"prod_industrial";2026-10-07
"5270";"Índice de ventas comercio real no durables IVCM, INE (prom 2018=100)";"2016-9-1";93,2;2016;NA;9;"prod_industrial";2026-10-07
"5271";"Índice de ventas comercio real no durables IVCM, INE (prom 2018=100)";"2016-10-1";93,9;2016;NA;10;"prod_industrial";2026-10-07
"5272";"Índice de ventas comercio real no durables IVCM, INE (prom 2018=100)";"2016-11-1";94,7;2016;NA;11;"prod_industrial";2026-10-07
"5273";"Índice de ventas comercio real no durables IVCM, INE (prom 2018=100)";"2016-12-1";126,6;2016;NA;12;"prod_industrial";2026-10-07
"5274";"Índice de ventas comercio real no durables IVCM, INE (prom 2018=100)";"2017-1-1";94,3;2017;NA;1;"prod_industrial";2026-10-07
"5275";"Índice de ventas comercio real no durables IVCM, INE (prom 2018=100)";"2017-2-1";91,1;2017;NA;2;"prod_industrial";2026-10-07
"5276";"Índice de ventas comercio real no durables IVCM, INE (prom 2018=100)";"2017-3-1";100,6;2017;NA;3;"prod_industrial";2026-10-07
"5277";"Índice de ventas comercio real no durables IVCM, INE (prom 2018=100)";"2017-4-1";93,8;2017;NA;4;"prod_industrial";2026-10-07
"5278";"Índice de ventas comercio real no durables IVCM, INE (prom 2018=100)";"2017-5-1";97,6;2017;NA;5;"prod_industrial";2026-10-07
"5279";"Índice de ventas comercio real no durables IVCM, INE (prom 2018=100)";"2017-6-1";93,4;2017;NA;6;"prod_industrial";2026-10-07
"5280";"Índice de ventas comercio real no durables IVCM, INE (prom 2018=100)";"2017-7-1";95,4;2017;NA;7;"prod_industrial";2026-10-07
"5281";"Índice de ventas comercio real no durables IVCM, INE (prom 2018=100)";"2017-8-1";93,8;2017;NA;8;"prod_industrial";2026-10-07
"5282";"Índice de ventas comercio real no durables IVCM, INE (prom 2018=100)";"2017-9-1";95,5;2017;NA;9;"prod_industrial";2026-10-07
"5283";"Índice de ventas comercio real no durables IVCM, INE (prom 2018=100)";"2017-10-1";95,7;2017;NA;10;"prod_industrial";2026-10-07
"5284";"Índice de ventas comercio real no durables IVCM, INE (prom 2018=100)";"2017-11-1";98,2;2017;NA;11;"prod_industrial";2026-10-07
"5285";"Índice de ventas comercio real no durables IVCM, INE (prom 2018=100)";"2017-12-1";130,4;2017;NA;12;"prod_industrial";2026-10-07
"5286";"Índice de ventas comercio real no durables IVCM, INE (prom 2018=100)";"2018-1-1";97,4;2018;NA;1;"prod_industrial";2026-10-07
"5287";"Índice de ventas comercio real no durables IVCM, INE (prom 2018=100)";"2018-2-1";94,8;2018;NA;2;"prod_industrial";2026-10-07
"5288";"Índice de ventas comercio real no durables IVCM, INE (prom 2018=100)";"2018-3-1";104,5;2018;NA;3;"prod_industrial";2026-10-07
"5289";"Índice de ventas comercio real no durables IVCM, INE (prom 2018=100)";"2018-4-1";96,5;2018;NA;4;"prod_industrial";2026-10-07
"5290";"Índice de ventas comercio real no durables IVCM, INE (prom 2018=100)";"2018-5-1";97,9;2018;NA;5;"prod_industrial";2026-10-07
"5291";"Índice de ventas comercio real no durables IVCM, INE (prom 2018=100)";"2018-6-1";96,2;2018;NA;6;"prod_industrial";2026-10-07
"5292";"Índice de ventas comercio real no durables IVCM, INE (prom 2018=100)";"2018-7-1";93,5;2018;NA;7;"prod_industrial";2026-10-07
"5293";"Índice de ventas comercio real no durables IVCM, INE (prom 2018=100)";"2018-8-1";96,5;2018;NA;8;"prod_industrial";2026-10-07
"5294";"Índice de ventas comercio real no durables IVCM, INE (prom 2018=100)";"2018-9-1";96,1;2018;NA;9;"prod_industrial";2026-10-07
"5295";"Índice de ventas comercio real no durables IVCM, INE (prom 2018=100)";"2018-10-1";99,3;2018;NA;10;"prod_industrial";2026-10-07
"5296";"Índice de ventas comercio real no durables IVCM, INE (prom 2018=100)";"2018-11-1";97,9;2018;NA;11;"prod_industrial";2026-10-07
"5297";"Índice de ventas comercio real no durables IVCM, INE (prom 2018=100)";"2018-12-1";129,4;2018;NA;12;"prod_industrial";2026-10-07
"5298";"Índice de ventas comercio real no durables IVCM, INE (prom 2018=100)";"2019-1-1";98,9;2019;NA;1;"prod_industrial";2026-10-07
"5299";"Índice de ventas comercio real no durables IVCM, INE (prom 2018=100)";"2019-2-1";96,5;2019;NA;2;"prod_industrial";2026-10-07
"5300";"Índice de ventas comercio real no durables IVCM, INE (prom 2018=100)";"2019-3-1";107;2019;NA;3;"prod_industrial";2026-10-07
"5301";"Índice de ventas comercio real no durables IVCM, INE (prom 2018=100)";"2019-4-1";97,9;2019;NA;4;"prod_industrial";2026-10-07
"5302";"Índice de ventas comercio real no durables IVCM, INE (prom 2018=100)";"2019-5-1";101,9;2019;NA;5;"prod_industrial";2026-10-07
"5303";"Índice de ventas comercio real no durables IVCM, INE (prom 2018=100)";"2019-6-1";98,4;2019;NA;6;"prod_industrial";2026-10-07
"5304";"Índice de ventas comercio real no durables IVCM, INE (prom 2018=100)";"2019-7-1";98;2019;NA;7;"prod_industrial";2026-10-07
"5305";"Índice de ventas comercio real no durables IVCM, INE (prom 2018=100)";"2019-8-1";101,2;2019;NA;8;"prod_industrial";2026-10-07
"5306";"Índice de ventas comercio real no durables IVCM, INE (prom 2018=100)";"2019-9-1";97,5;2019;NA;9;"prod_industrial";2026-10-07
"5307";"Índice de ventas comercio real no durables IVCM, INE (prom 2018=100)";"2019-10-1";94,6;2019;NA;10;"prod_industrial";2026-10-07
"5308";"Índice de ventas comercio real no durables IVCM, INE (prom 2018=100)";"2019-11-1";94,2;2019;NA;11;"prod_industrial";2026-10-07
"5309";"Índice de ventas comercio real no durables IVCM, INE (prom 2018=100)";"2019-12-1";128,4;2019;NA;12;"prod_industrial";2026-10-07
"5310";"Índice de ventas comercio real no durables IVCM, INE (prom 2018=100)";"2020-1-1";101,3;2020;NA;1;"prod_industrial";2026-10-07
"5311";"Índice de ventas comercio real no durables IVCM, INE (prom 2018=100)";"2020-2-1";103,2;2020;NA;2;"prod_industrial";2026-10-07
"5312";"Índice de ventas comercio real no durables IVCM, INE (prom 2018=100)";"2020-3-1";99,1;2020;NA;3;"prod_industrial";2026-10-07
"5313";"Índice de ventas comercio real no durables IVCM, INE (prom 2018=100)";"2020-4-1";75,8;2020;NA;4;"prod_industrial";2026-10-07
"5314";"Índice de ventas comercio real no durables IVCM, INE (prom 2018=100)";"2020-5-1";82,8;2020;NA;5;"prod_industrial";2026-10-07
"5315";"Índice de ventas comercio real no durables IVCM, INE (prom 2018=100)";"2020-6-1";81,2;2020;NA;6;"prod_industrial";2026-10-07
"5316";"Índice de ventas comercio real no durables IVCM, INE (prom 2018=100)";"2020-7-1";85;2020;NA;7;"prod_industrial";2026-10-07
"5317";"Índice de ventas comercio real no durables IVCM, INE (prom 2018=100)";"2020-8-1";105,8;2020;NA;8;"prod_industrial";2026-10-07
"5318";"Índice de ventas comercio real no durables IVCM, INE (prom 2018=100)";"2020-9-1";106,3;2020;NA;9;"prod_industrial";2026-10-07
"5319";"Índice de ventas comercio real no durables IVCM, INE (prom 2018=100)";"2020-10-1";112,2;2020;NA;10;"prod_industrial";2026-10-07
"5320";"Índice de ventas comercio real no durables IVCM, INE (prom 2018=100)";"2020-11-1";114,4;2020;NA;11;"prod_industrial";2026-10-07
"5321";"Índice de ventas comercio real no durables IVCM, INE (prom 2018=100)";"2020-12-1";145,3;2020;NA;12;"prod_industrial";2026-10-07
"5322";"Índice de ventas comercio real no durables IVCM, INE (prom 2018=100)";"2021-1-1";109,4;2021;NA;1;"prod_industrial";2026-10-07
"5323";"Índice de ventas comercio real no durables IVCM, INE (prom 2018=100)";"2021-2-1";104,8;2021;NA;2;"prod_industrial";2026-10-07
"5324";"Índice de ventas comercio real no durables IVCM, INE (prom 2018=100)";"2021-3-1";113,4;2021;NA;3;"prod_industrial";2026-10-07
"5325";"Índice de ventas comercio real no durables IVCM, INE (prom 2018=100)";"2021-4-1";97,2;2021;NA;4;"prod_industrial";2026-10-07
"5326";"Índice de ventas comercio real no durables IVCM, INE (prom 2018=100)";"2021-5-1";124,7;2021;NA;5;"prod_industrial";2026-10-07
"5327";"Índice de ventas comercio real no durables IVCM, INE (prom 2018=100)";"2021-6-1";121,2;2021;NA;6;"prod_industrial";2026-10-07
"5328";"Índice de ventas comercio real no durables IVCM, INE (prom 2018=100)";"2021-7-1";131,8;2021;NA;7;"prod_industrial";2026-10-07
"5329";"Índice de ventas comercio real no durables IVCM, INE (prom 2018=100)";"2021-8-1";134,5;2021;NA;8;"prod_industrial";2026-10-07
"5330";"Índice de ventas comercio real no durables IVCM, INE (prom 2018=100)";"2021-9-1";130,8;2021;NA;9;"prod_industrial";2026-10-07
"5331";"Índice de ventas comercio real no durables IVCM, INE (prom 2018=100)";"2021-10-1";138,2;2021;NA;10;"prod_industrial";2026-10-07
"5332";"Índice de ventas comercio real no durables IVCM, INE (prom 2018=100)";"2021-11-1";134,9;2021;NA;11;"prod_industrial";2026-10-07
"5333";"Índice de ventas comercio real no durables IVCM, INE (prom 2018=100)";"2021-12-1";168,1;2021;NA;12;"prod_industrial";2026-10-07
"5334";"Índice de ventas comercio real no durables IVCM, INE (prom 2018=100)";"2022-1-1";123,8;2022;NA;1;"prod_industrial";2026-10-07
"5335";"Índice de ventas comercio real no durables IVCM, INE (prom 2018=100)";"2022-2-1";118,1;2022;NA;2;"prod_industrial";2026-10-07
"5336";"Índice de ventas comercio real no durables IVCM, INE (prom 2018=100)";"2022-3-1";129,2;2022;NA;3;"prod_industrial";2026-10-07
"5337";"Índice de ventas comercio real no durables IVCM, INE (prom 2018=100)";"2022-4-1";120,4;2022;NA;4;"prod_industrial";2026-10-07
"5338";"Índice de ventas comercio real no durables IVCM, INE (prom 2018=100)";"2022-5-1";122,1;2022;NA;5;"prod_industrial";2026-10-07
"5339";"Índice de ventas comercio real no durables IVCM, INE (prom 2018=100)";"2022-6-1";115,4;2022;NA;6;"prod_industrial";2026-10-07
"5340";"Índice de ventas comercio real no durables IVCM, INE (prom 2018=100)";"2022-7-1";118,5;2022;NA;7;"prod_industrial";2026-10-07
"5341";"Índice de ventas comercio real no durables IVCM, INE (prom 2018=100)";"2022-8-1";118,3;2022;NA;8;"prod_industrial";2026-10-07
"5342";"Índice de ventas comercio real no durables IVCM, INE (prom 2018=100)";"2022-9-1";113,3;2022;NA;9;"prod_industrial";2026-10-07
"5343";"Índice de ventas comercio real no durables IVCM, INE (prom 2018=100)";"2022-10-1";120,5;2022;NA;10;"prod_industrial";2026-10-07
"5344";"Índice de ventas comercio real no durables IVCM, INE (prom 2018=100)";"2022-11-1";114,7;2022;NA;11;"prod_industrial";2026-10-07
"5345";"Índice de ventas comercio real no durables IVCM, INE (prom 2018=100)";"2022-12-1";149,6;2022;NA;12;"prod_industrial";2026-10-07
"5346";"Índice de ventas comercio real no durables IVCM, INE (prom 2018=100)";"2023-1-1";112,6;2023;NA;1;"prod_industrial";2026-10-07
"5347";"Índice de ventas comercio real no durables IVCM, INE (prom 2018=100)";"2023-2-1";109,1;2023;NA;2;"prod_industrial";2026-10-07
"5348";"Índice de ventas comercio real no durables IVCM, INE (prom 2018=100)";"2023-3-1";117,9;2023;NA;3;"prod_industrial";2026-10-07
"5349";"Índice de ventas comercio real no durables IVCM, INE (prom 2018=100)";"2023-4-1";110,9;2023;NA;4;"prod_industrial";2026-10-07
"5350";"Índice de ventas comercio real no durables IVCM, INE (prom 2018=100)";"2023-5-1";112,5;2023;NA;5;"prod_industrial";2026-10-07
"5351";"Índice de ventas comercio real no durables IVCM, INE (prom 2018=100)";"2023-6-1";107,1;2023;NA;6;"prod_industrial";2026-10-07
"5352";"Índice de ventas comercio real no durables IVCM, INE (prom 2018=100)";"2023-7-1";110,2;2023;NA;7;"prod_industrial";2026-10-07
"5353";"Índice de ventas comercio real no durables IVCM, INE (prom 2018=100)";"2023-8-1";107,6;2023;NA;8;"prod_industrial";2026-10-07
"5354";"Índice de ventas comercio real no durables IVCM, INE (prom 2018=100)";"2023-9-1";108,6;2023;NA;9;"prod_industrial";2026-10-07
"5355";"Índice de ventas comercio real no durables IVCM, INE (prom 2018=100)";"2023-10-1";114,5;2023;NA;10;"prod_industrial";2026-10-07
"5356";"Índice de ventas comercio real no durables IVCM, INE (prom 2018=100)";"2023-11-1";110,6;2023;NA;11;"prod_industrial";2026-10-07
"5357";"Índice de ventas comercio real no durables IVCM, INE (prom 2018=100)";"2023-12-1";146,9;2023;NA;12;"prod_industrial";2026-10-07
"5358";"Índice de ventas comercio real no durables IVCM, INE (prom 2018=100)";"2024-1-1";114,2;2024;NA;1;"prod_industrial";2026-10-07
"5359";"Índice de ventas comercio real no durables IVCM, INE (prom 2018=100)";"2024-2-1";113,2;2024;NA;2;"prod_industrial";2026-10-07
"5360";"Índice de ventas comercio real no durables IVCM, INE (prom 2018=100)";"2024-3-1";120,3;2024;NA;3;"prod_industrial";2026-10-07
"5361";"Índice de ventas comercio real no durables IVCM, INE (prom 2018=100)";"2024-4-1";113,6;2024;NA;4;"prod_industrial";2026-10-07
"5362";"Índice de ventas comercio real no durables IVCM, INE (prom 2018=100)";"2024-5-1";115,8;2024;NA;5;"prod_industrial";2026-10-07
"5363";"Índice de ventas comercio real no durables IVCM, INE (prom 2018=100)";"2024-6-1";114;2024;NA;6;"prod_industrial";2026-10-07
"5364";"Índice de ventas comercio real no durables IVCM, INE (prom 2018=100)";"2024-7-1";112,8;2024;NA;7;"prod_industrial";2026-10-07
"5365";"Índice de ventas comercio real no durables IVCM, INE (prom 2018=100)";"2024-8-1";115,4;2024;NA;8;"prod_industrial";2026-10-07
"5366";"Índice de ventas comercio real no durables IVCM, INE (prom 2018=100)";"2024-9-1";111,9;2024;NA;9;"prod_industrial";2026-10-07
"5367";"Índice de ventas comercio real no durables IVCM, INE (prom 2018=100)";"2024-10-1";118,3;2024;NA;10;"prod_industrial";2026-10-07
"5368";"Índice de ventas comercio real no durables IVCM, INE (prom 2018=100)";"2024-11-1";118,6;2024;NA;11;"prod_industrial";2026-10-07
"5369";"Índice de ventas comercio real no durables IVCM, INE (prom 2018=100)";"2024-12-1";154,9;2024;NA;12;"prod_industrial";2026-10-07
"5370";"Índice de ventas comercio real no durables IVCM, INE (prom 2018=100)";"2025-1-1";122,3;2025;NA;1;"prod_industrial";2026-10-07
"5371";"Índice de ventas comercio real no durables IVCM, INE (prom 2018=100)";"2025-2-1";116,5;2025;NA;2;"prod_industrial";2026-10-07
"5372";"Índice de ventas comercio real no durables IVCM, INE (prom 2018=100)";"2025-3-1";127,8;2025;NA;3;"prod_industrial";2026-10-07
"5373";"Índice de ventas comercio real no durables IVCM, INE (prom 2018=100)";"2025-4-1";118,6;2025;NA;4;"prod_industrial";2026-10-07
"5374";"Índice de ventas comercio real no durables IVCM, INE (prom 2018=100)";"2025-5-1";121,9;2025;NA;5;"prod_industrial";2026-10-07
"5375";"Índice de ventas comercio real no durables IVCM, INE (prom 2018=100)";"2025-6-1";120,4;2025;NA;6;"prod_industrial";2026-10-07
"5376";"Índice de ventas comercio real no durables IVCM, INE (prom 2018=100)";"2025-7-1";118,6;2025;NA;7;"prod_industrial";2026-10-07
"5377";"Índice de ventas comercio real no durables IVCM, INE (prom 2018=100)";"2025-8-1";121,4;2025;NA;8;"prod_industrial";2026-10-07
"5378";"Índice de ventas comercio real no durables IVCM, INE (prom 2018=100)";"2025-9-1";116,9;2025;NA;9;"prod_industrial";2026-10-07
"5379";"Índice de ventas comercio real no durables IVCM, INE (prom 2018=100)";"2025-10-1";127,4;2025;NA;10;"prod_industrial";2026-10-07
"5380";"Índice de ventas comercio real no durables IVCM, INE (prom 2018=100)";"2025-11-1";123,3;2025;NA;11;"prod_industrial";2026-10-07
"5381";"Índice de ventas comercio real no durables IVCM, INE (prom 2018=100)";"2025-12-1";160,9;2025;NA;12;"prod_industrial";2026-10-07
"5382";"Índice de ventas comercio real no durables IVCM, INE (prom 2018=100)";"2026-1-1";126,4;2026;NA;1;"prod_industrial";2026-10-07
"5383";"Índice de ventas comercio real no durables IVCM, INE (prom 2018=100)";"2026-2-1";122,2;2026;NA;2;"prod_industrial";2026-10-07
"5384";"Índice de ventas comercio real no durables IVCM, INE (prom 2018=100)";"2026-3-1";132,6;2026;NA;3;"prod_industrial";2026-10-07
"5385";"Índice de ventas comercio real no durables IVCM, INE (prom 2018=100)";"2026-4-1";122,5;2026;NA;4;"prod_industrial";2026-10-07
"5386";"Índice de ventas comercio real no durables IVCM, INE (prom 2018=100)";"2026-5-1";127,6;2026;NA;5;"prod_industrial";2026-10-07
"5387";"Índice de ventas comercio real no durables IVCM, INE (prom 2018=100)";"2026-6-1";125,9;2026;NA;6;"prod_industrial";2026-10-07
"5388";"Índice de ventas comercio real no durables IVCM, INE (prom 2018=100)";"2026-7-1";121,8;2026;NA;7;"prod_industrial";2026-10-07
"5389";"Índice de ventas comercio real no durables IVCM, INE (prom 2018=100)";"2026-8-1";124,8;2026;NA;8;"prod_industrial";2026-10-07
"5390";"Índice de ventas comercio real durables IVCM, INE (prom 2018=100)";"2014-1-1";64,7;2014;NA;1;"prod_industrial";2026-10-07
"5391";"Índice de ventas comercio real durables IVCM, INE (prom 2018=100)";"2014-2-1";58,9;2014;NA;2;"prod_industrial";2026-10-07
"5392";"Índice de ventas comercio real durables IVCM, INE (prom 2018=100)";"2014-3-1";70,5;2014;NA;3;"prod_industrial";2026-10-07
"5393";"Índice de ventas comercio real durables IVCM, INE (prom 2018=100)";"2014-4-1";63,7;2014;NA;4;"prod_industrial";2026-10-07
"5394";"Índice de ventas comercio real durables IVCM, INE (prom 2018=100)";"2014-5-1";69,8;2014;NA;5;"prod_industrial";2026-10-07
"5395";"Índice de ventas comercio real durables IVCM, INE (prom 2018=100)";"2014-6-1";66,1;2014;NA;6;"prod_industrial";2026-10-07
"5396";"Índice de ventas comercio real durables IVCM, INE (prom 2018=100)";"2014-7-1";66,5;2014;NA;7;"prod_industrial";2026-10-07
"5397";"Índice de ventas comercio real durables IVCM, INE (prom 2018=100)";"2014-8-1";73,7;2014;NA;8;"prod_industrial";2026-10-07
"5398";"Índice de ventas comercio real durables IVCM, INE (prom 2018=100)";"2014-9-1";68;2014;NA;9;"prod_industrial";2026-10-07
"5399";"Índice de ventas comercio real durables IVCM, INE (prom 2018=100)";"2014-10-1";65,8;2014;NA;10;"prod_industrial";2026-10-07
"5400";"Índice de ventas comercio real durables IVCM, INE (prom 2018=100)";"2014-11-1";69,9;2014;NA;11;"prod_industrial";2026-10-07
"5401";"Índice de ventas comercio real durables IVCM, INE (prom 2018=100)";"2014-12-1";102,5;2014;NA;12;"prod_industrial";2026-10-07
"5402";"Índice de ventas comercio real durables IVCM, INE (prom 2018=100)";"2015-1-1";61,1;2015;NA;1;"prod_industrial";2026-10-07
"5403";"Índice de ventas comercio real durables IVCM, INE (prom 2018=100)";"2015-2-1";55,8;2015;NA;2;"prod_industrial";2026-10-07
"5404";"Índice de ventas comercio real durables IVCM, INE (prom 2018=100)";"2015-3-1";69,9;2015;NA;3;"prod_industrial";2026-10-07
"5405";"Índice de ventas comercio real durables IVCM, INE (prom 2018=100)";"2015-4-1";67,6;2015;NA;4;"prod_industrial";2026-10-07
"5406";"Índice de ventas comercio real durables IVCM, INE (prom 2018=100)";"2015-5-1";69,1;2015;NA;5;"prod_industrial";2026-10-07
"5407";"Índice de ventas comercio real durables IVCM, INE (prom 2018=100)";"2015-6-1";67,6;2015;NA;6;"prod_industrial";2026-10-07
"5408";"Índice de ventas comercio real durables IVCM, INE (prom 2018=100)";"2015-7-1";67,7;2015;NA;7;"prod_industrial";2026-10-07
"5409";"Índice de ventas comercio real durables IVCM, INE (prom 2018=100)";"2015-8-1";74,7;2015;NA;8;"prod_industrial";2026-10-07
"5410";"Índice de ventas comercio real durables IVCM, INE (prom 2018=100)";"2015-9-1";71,2;2015;NA;9;"prod_industrial";2026-10-07
"5411";"Índice de ventas comercio real durables IVCM, INE (prom 2018=100)";"2015-10-1";68,8;2015;NA;10;"prod_industrial";2026-10-07
"5412";"Índice de ventas comercio real durables IVCM, INE (prom 2018=100)";"2015-11-1";79,4;2015;NA;11;"prod_industrial";2026-10-07
"5413";"Índice de ventas comercio real durables IVCM, INE (prom 2018=100)";"2015-12-1";99;2015;NA;12;"prod_industrial";2026-10-07
"5414";"Índice de ventas comercio real durables IVCM, INE (prom 2018=100)";"2016-1-1";68,9;2016;NA;1;"prod_industrial";2026-10-07
"5415";"Índice de ventas comercio real durables IVCM, INE (prom 2018=100)";"2016-2-1";65,9;2016;NA;2;"prod_industrial";2026-10-07
"5416";"Índice de ventas comercio real durables IVCM, INE (prom 2018=100)";"2016-3-1";75;2016;NA;3;"prod_industrial";2026-10-07
"5417";"Índice de ventas comercio real durables IVCM, INE (prom 2018=100)";"2016-4-1";73,2;2016;NA;4;"prod_industrial";2026-10-07
"5418";"Índice de ventas comercio real durables IVCM, INE (prom 2018=100)";"2016-5-1";76,1;2016;NA;5;"prod_industrial";2026-10-07
"5419";"Índice de ventas comercio real durables IVCM, INE (prom 2018=100)";"2016-6-1";70,5;2016;NA;6;"prod_industrial";2026-10-07
"5420";"Índice de ventas comercio real durables IVCM, INE (prom 2018=100)";"2016-7-1";72,7;2016;NA;7;"prod_industrial";2026-10-07
"5421";"Índice de ventas comercio real durables IVCM, INE (prom 2018=100)";"2016-8-1";77,8;2016;NA;8;"prod_industrial";2026-10-07
"5422";"Índice de ventas comercio real durables IVCM, INE (prom 2018=100)";"2016-9-1";77,3;2016;NA;9;"prod_industrial";2026-10-07
"5423";"Índice de ventas comercio real durables IVCM, INE (prom 2018=100)";"2016-10-1";77,5;2016;NA;10;"prod_industrial";2026-10-07
"5424";"Índice de ventas comercio real durables IVCM, INE (prom 2018=100)";"2016-11-1";89,6;2016;NA;11;"prod_industrial";2026-10-07
"5425";"Índice de ventas comercio real durables IVCM, INE (prom 2018=100)";"2016-12-1";108;2016;NA;12;"prod_industrial";2026-10-07
"5426";"Índice de ventas comercio real durables IVCM, INE (prom 2018=100)";"2017-1-1";80,5;2017;NA;1;"prod_industrial";2026-10-07
"5427";"Índice de ventas comercio real durables IVCM, INE (prom 2018=100)";"2017-2-1";74,8;2017;NA;2;"prod_industrial";2026-10-07
"5428";"Índice de ventas comercio real durables IVCM, INE (prom 2018=100)";"2017-3-1";91,7;2017;NA;3;"prod_industrial";2026-10-07
"5429";"Índice de ventas comercio real durables IVCM, INE (prom 2018=100)";"2017-4-1";80,2;2017;NA;4;"prod_industrial";2026-10-07
"5430";"Índice de ventas comercio real durables IVCM, INE (prom 2018=100)";"2017-5-1";93;2017;NA;5;"prod_industrial";2026-10-07
"5431";"Índice de ventas comercio real durables IVCM, INE (prom 2018=100)";"2017-6-1";81,4;2017;NA;6;"prod_industrial";2026-10-07
"5432";"Índice de ventas comercio real durables IVCM, INE (prom 2018=100)";"2017-7-1";85,8;2017;NA;7;"prod_industrial";2026-10-07
"5433";"Índice de ventas comercio real durables IVCM, INE (prom 2018=100)";"2017-8-1";95,2;2017;NA;8;"prod_industrial";2026-10-07
"5434";"Índice de ventas comercio real durables IVCM, INE (prom 2018=100)";"2017-9-1";86;2017;NA;9;"prod_industrial";2026-10-07
"5435";"Índice de ventas comercio real durables IVCM, INE (prom 2018=100)";"2017-10-1";87,3;2017;NA;10;"prod_industrial";2026-10-07
"5436";"Índice de ventas comercio real durables IVCM, INE (prom 2018=100)";"2017-11-1";102,3;2017;NA;11;"prod_industrial";2026-10-07
"5437";"Índice de ventas comercio real durables IVCM, INE (prom 2018=100)";"2017-12-1";123;2017;NA;12;"prod_industrial";2026-10-07
"5438";"Índice de ventas comercio real durables IVCM, INE (prom 2018=100)";"2018-1-1";90;2018;NA;1;"prod_industrial";2026-10-07
"5439";"Índice de ventas comercio real durables IVCM, INE (prom 2018=100)";"2018-2-1";82,3;2018;NA;2;"prod_industrial";2026-10-07
"5440";"Índice de ventas comercio real durables IVCM, INE (prom 2018=100)";"2018-3-1";100,3;2018;NA;3;"prod_industrial";2026-10-07
"5441";"Índice de ventas comercio real durables IVCM, INE (prom 2018=100)";"2018-4-1";97,7;2018;NA;4;"prod_industrial";2026-10-07
"5442";"Índice de ventas comercio real durables IVCM, INE (prom 2018=100)";"2018-5-1";102,2;2018;NA;5;"prod_industrial";2026-10-07
"5443";"Índice de ventas comercio real durables IVCM, INE (prom 2018=100)";"2018-6-1";95;2018;NA;6;"prod_industrial";2026-10-07
"5444";"Índice de ventas comercio real durables IVCM, INE (prom 2018=100)";"2018-7-1";90,3;2018;NA;7;"prod_industrial";2026-10-07
"5445";"Índice de ventas comercio real durables IVCM, INE (prom 2018=100)";"2018-8-1";103,7;2018;NA;8;"prod_industrial";2026-10-07
"5446";"Índice de ventas comercio real durables IVCM, INE (prom 2018=100)";"2018-9-1";92,7;2018;NA;9;"prod_industrial";2026-10-07
"5447";"Índice de ventas comercio real durables IVCM, INE (prom 2018=100)";"2018-10-1";106,1;2018;NA;10;"prod_industrial";2026-10-07
"5448";"Índice de ventas comercio real durables IVCM, INE (prom 2018=100)";"2018-11-1";104,9;2018;NA;11;"prod_industrial";2026-10-07
"5449";"Índice de ventas comercio real durables IVCM, INE (prom 2018=100)";"2018-12-1";135;2018;NA;12;"prod_industrial";2026-10-07
"5450";"Índice de ventas comercio real durables IVCM, INE (prom 2018=100)";"2019-1-1";95,5;2019;NA;1;"prod_industrial";2026-10-07
"5451";"Índice de ventas comercio real durables IVCM, INE (prom 2018=100)";"2019-2-1";90,9;2019;NA;2;"prod_industrial";2026-10-07
"5452";"Índice de ventas comercio real durables IVCM, INE (prom 2018=100)";"2019-3-1";107,9;2019;NA;3;"prod_industrial";2026-10-07
"5453";"Índice de ventas comercio real durables IVCM, INE (prom 2018=100)";"2019-4-1";102,6;2019;NA;4;"prod_industrial";2026-10-07
"5454";"Índice de ventas comercio real durables IVCM, INE (prom 2018=100)";"2019-5-1";112,7;2019;NA;5;"prod_industrial";2026-10-07
"5455";"Índice de ventas comercio real durables IVCM, INE (prom 2018=100)";"2019-6-1";98,5;2019;NA;6;"prod_industrial";2026-10-07
"5456";"Índice de ventas comercio real durables IVCM, INE (prom 2018=100)";"2019-7-1";97;2019;NA;7;"prod_industrial";2026-10-07
"5457";"Índice de ventas comercio real durables IVCM, INE (prom 2018=100)";"2019-8-1";111,5;2019;NA;8;"prod_industrial";2026-10-07
"5458";"Índice de ventas comercio real durables IVCM, INE (prom 2018=100)";"2019-9-1";95,6;2019;NA;9;"prod_industrial";2026-10-07
"5459";"Índice de ventas comercio real durables IVCM, INE (prom 2018=100)";"2019-10-1";89,1;2019;NA;10;"prod_industrial";2026-10-07
"5460";"Índice de ventas comercio real durables IVCM, INE (prom 2018=100)";"2019-11-1";85,4;2019;NA;11;"prod_industrial";2026-10-07
"5461";"Índice de ventas comercio real durables IVCM, INE (prom 2018=100)";"2019-12-1";130,3;2019;NA;12;"prod_industrial";2026-10-07
"5462";"Índice de ventas comercio real durables IVCM, INE (prom 2018=100)";"2020-1-1";96;2020;NA;1;"prod_industrial";2026-10-07
"5463";"Índice de ventas comercio real durables IVCM, INE (prom 2018=100)";"2020-2-1";89,3;2020;NA;2;"prod_industrial";2026-10-07
"5464";"Índice de ventas comercio real durables IVCM, INE (prom 2018=100)";"2020-3-1";76,7;2020;NA;3;"prod_industrial";2026-10-07
"5465";"Índice de ventas comercio real durables IVCM, INE (prom 2018=100)";"2020-4-1";65,3;2020;NA;4;"prod_industrial";2026-10-07
"5466";"Índice de ventas comercio real durables IVCM, INE (prom 2018=100)";"2020-5-1";76,5;2020;NA;5;"prod_industrial";2026-10-07
"5467";"Índice de ventas comercio real durables IVCM, INE (prom 2018=100)";"2020-6-1";74,6;2020;NA;6;"prod_industrial";2026-10-07
"5468";"Índice de ventas comercio real durables IVCM, INE (prom 2018=100)";"2020-7-1";80,2;2020;NA;7;"prod_industrial";2026-10-07
"5469";"Índice de ventas comercio real durables IVCM, INE (prom 2018=100)";"2020-8-1";133,4;2020;NA;8;"prod_industrial";2026-10-07
"5470";"Índice de ventas comercio real durables IVCM, INE (prom 2018=100)";"2020-9-1";128,7;2020;NA;9;"prod_industrial";2026-10-07
"5471";"Índice de ventas comercio real durables IVCM, INE (prom 2018=100)";"2020-10-1";123,1;2020;NA;10;"prod_industrial";2026-10-07
"5472";"Índice de ventas comercio real durables IVCM, INE (prom 2018=100)";"2020-11-1";131;2020;NA;11;"prod_industrial";2026-10-07
"5473";"Índice de ventas comercio real durables IVCM, INE (prom 2018=100)";"2020-12-1";155,2;2020;NA;12;"prod_industrial";2026-10-07
"5474";"Índice de ventas comercio real durables IVCM, INE (prom 2018=100)";"2021-1-1";110,2;2021;NA;1;"prod_industrial";2026-10-07
"5475";"Índice de ventas comercio real durables IVCM, INE (prom 2018=100)";"2021-2-1";110;2021;NA;2;"prod_industrial";2026-10-07
"5476";"Índice de ventas comercio real durables IVCM, INE (prom 2018=100)";"2021-3-1";130,2;2021;NA;3;"prod_industrial";2026-10-07
"5477";"Índice de ventas comercio real durables IVCM, INE (prom 2018=100)";"2021-4-1";115,3;2021;NA;4;"prod_industrial";2026-10-07
"5478";"Índice de ventas comercio real durables IVCM, INE (prom 2018=100)";"2021-5-1";167,7;2021;NA;5;"prod_industrial";2026-10-07
"5479";"Índice de ventas comercio real durables IVCM, INE (prom 2018=100)";"2021-6-1";156,7;2021;NA;6;"prod_industrial";2026-10-07
"5480";"Índice de ventas comercio real durables IVCM, INE (prom 2018=100)";"2021-7-1";146,7;2021;NA;7;"prod_industrial";2026-10-07
"5481";"Índice de ventas comercio real durables IVCM, INE (prom 2018=100)";"2021-8-1";153,7;2021;NA;8;"prod_industrial";2026-10-07
"5482";"Índice de ventas comercio real durables IVCM, INE (prom 2018=100)";"2021-9-1";142,1;2021;NA;9;"prod_industrial";2026-10-07
"5483";"Índice de ventas comercio real durables IVCM, INE (prom 2018=100)";"2021-10-1";154,6;2021;NA;10;"prod_industrial";2026-10-07
"5484";"Índice de ventas comercio real durables IVCM, INE (prom 2018=100)";"2021-11-1";148,7;2021;NA;11;"prod_industrial";2026-10-07
"5485";"Índice de ventas comercio real durables IVCM, INE (prom 2018=100)";"2021-12-1";170,9;2021;NA;12;"prod_industrial";2026-10-07
"5486";"Índice de ventas comercio real durables IVCM, INE (prom 2018=100)";"2022-1-1";130;2022;NA;1;"prod_industrial";2026-10-07
"5487";"Índice de ventas comercio real durables IVCM, INE (prom 2018=100)";"2022-2-1";122,7;2022;NA;2;"prod_industrial";2026-10-07
"5488";"Índice de ventas comercio real durables IVCM, INE (prom 2018=100)";"2022-3-1";143,9;2022;NA;3;"prod_industrial";2026-10-07
"5489";"Índice de ventas comercio real durables IVCM, INE (prom 2018=100)";"2022-4-1";129,1;2022;NA;4;"prod_industrial";2026-10-07
"5490";"Índice de ventas comercio real durables IVCM, INE (prom 2018=100)";"2022-5-1";145,3;2022;NA;5;"prod_industrial";2026-10-07
"5491";"Índice de ventas comercio real durables IVCM, INE (prom 2018=100)";"2022-6-1";141,5;2022;NA;6;"prod_industrial";2026-10-07
"5492";"Índice de ventas comercio real durables IVCM, INE (prom 2018=100)";"2022-7-1";130;2022;NA;7;"prod_industrial";2026-10-07
"5493";"Índice de ventas comercio real durables IVCM, INE (prom 2018=100)";"2022-8-1";133;2022;NA;8;"prod_industrial";2026-10-07
"5494";"Índice de ventas comercio real durables IVCM, INE (prom 2018=100)";"2022-9-1";118;2022;NA;9;"prod_industrial";2026-10-07
"5495";"Índice de ventas comercio real durables IVCM, INE (prom 2018=100)";"2022-10-1";140,5;2022;NA;10;"prod_industrial";2026-10-07
"5496";"Índice de ventas comercio real durables IVCM, INE (prom 2018=100)";"2022-11-1";129,5;2022;NA;11;"prod_industrial";2026-10-07
"5497";"Índice de ventas comercio real durables IVCM, INE (prom 2018=100)";"2022-12-1";155,7;2022;NA;12;"prod_industrial";2026-10-07
"5498";"Índice de ventas comercio real durables IVCM, INE (prom 2018=100)";"2023-1-1";120,2;2023;NA;1;"prod_industrial";2026-10-07
"5499";"Índice de ventas comercio real durables IVCM, INE (prom 2018=100)";"2023-2-1";114,4;2023;NA;2;"prod_industrial";2026-10-07
"5500";"Índice de ventas comercio real durables IVCM, INE (prom 2018=100)";"2023-3-1";135,9;2023;NA;3;"prod_industrial";2026-10-07
"5501";"Índice de ventas comercio real durables IVCM, INE (prom 2018=100)";"2023-4-1";111,4;2023;NA;4;"prod_industrial";2026-10-07
"5502";"Índice de ventas comercio real durables IVCM, INE (prom 2018=100)";"2023-5-1";131,1;2023;NA;5;"prod_industrial";2026-10-07
"5503";"Índice de ventas comercio real durables IVCM, INE (prom 2018=100)";"2023-6-1";114,8;2023;NA;6;"prod_industrial";2026-10-07
"5504";"Índice de ventas comercio real durables IVCM, INE (prom 2018=100)";"2023-7-1";117,1;2023;NA;7;"prod_industrial";2026-10-07
"5505";"Índice de ventas comercio real durables IVCM, INE (prom 2018=100)";"2023-8-1";124,4;2023;NA;8;"prod_industrial";2026-10-07
"5506";"Índice de ventas comercio real durables IVCM, INE (prom 2018=100)";"2023-9-1";118,9;2023;NA;9;"prod_industrial";2026-10-07
"5507";"Índice de ventas comercio real durables IVCM, INE (prom 2018=100)";"2023-10-1";137;2023;NA;10;"prod_industrial";2026-10-07
"5508";"Índice de ventas comercio real durables IVCM, INE (prom 2018=100)";"2023-11-1";133;2023;NA;11;"prod_industrial";2026-10-07
"5509";"Índice de ventas comercio real durables IVCM, INE (prom 2018=100)";"2023-12-1";162,6;2023;NA;12;"prod_industrial";2026-10-07
"5510";"Índice de ventas comercio real durables IVCM, INE (prom 2018=100)";"2024-1-1";126,1;2024;NA;1;"prod_industrial";2026-10-07
"5511";"Índice de ventas comercio real durables IVCM, INE (prom 2018=100)";"2024-2-1";121,6;2024;NA;2;"prod_industrial";2026-10-07
"5512";"Índice de ventas comercio real durables IVCM, INE (prom 2018=100)";"2024-3-1";134,6;2024;NA;3;"prod_industrial";2026-10-07
"5513";"Índice de ventas comercio real durables IVCM, INE (prom 2018=100)";"2024-4-1";133,9;2024;NA;4;"prod_industrial";2026-10-07
"5514";"Índice de ventas comercio real durables IVCM, INE (prom 2018=100)";"2024-5-1";123,8;2024;NA;5;"prod_industrial";2026-10-07
"5515";"Índice de ventas comercio real durables IVCM, INE (prom 2018=100)";"2024-6-1";139,9;2024;NA;6;"prod_industrial";2026-10-07
"5516";"Índice de ventas comercio real durables IVCM, INE (prom 2018=100)";"2024-7-1";125,6;2024;NA;7;"prod_industrial";2026-10-07
"5517";"Índice de ventas comercio real durables IVCM, INE (prom 2018=100)";"2024-8-1";132,1;2024;NA;8;"prod_industrial";2026-10-07
"5518";"Índice de ventas comercio real durables IVCM, INE (prom 2018=100)";"2024-9-1";126;2024;NA;9;"prod_industrial";2026-10-07
"5519";"Índice de ventas comercio real durables IVCM, INE (prom 2018=100)";"2024-10-1";146,6;2024;NA;10;"prod_industrial";2026-10-07
"5520";"Índice de ventas comercio real durables IVCM, INE (prom 2018=100)";"2024-11-1";139,1;2024;NA;11;"prod_industrial";2026-10-07
"5521";"Índice de ventas comercio real durables IVCM, INE (prom 2018=100)";"2024-12-1";180,1;2024;NA;12;"prod_industrial";2026-10-07
"5522";"Índice de ventas comercio real durables IVCM, INE (prom 2018=100)";"2025-1-1";136;2025;NA;1;"prod_industrial";2026-10-07
"5523";"Índice de ventas comercio real durables IVCM, INE (prom 2018=100)";"2025-2-1";124,3;2025;NA;2;"prod_industrial";2026-10-07
"5524";"Índice de ventas comercio real durables IVCM, INE (prom 2018=100)";"2025-3-1";150;2025;NA;3;"prod_industrial";2026-10-07
"5525";"Índice de ventas comercio real durables IVCM, INE (prom 2018=100)";"2025-4-1";137,7;2025;NA;4;"prod_industrial";2026-10-07
"5526";"Índice de ventas comercio real durables IVCM, INE (prom 2018=100)";"2025-5-1";135,4;2025;NA;5;"prod_industrial";2026-10-07
"5527";"Índice de ventas comercio real durables IVCM, INE (prom 2018=100)";"2025-6-1";155,8;2025;NA;6;"prod_industrial";2026-10-07
"5528";"Índice de ventas comercio real durables IVCM, INE (prom 2018=100)";"2025-7-1";139,8;2025;NA;7;"prod_industrial";2026-10-07
"5529";"Índice de ventas comercio real durables IVCM, INE (prom 2018=100)";"2025-8-1";144;2025;NA;8;"prod_industrial";2026-10-07
"5530";"Índice de ventas comercio real durables IVCM, INE (prom 2018=100)";"2025-9-1";144,6;2025;NA;9;"prod_industrial";2026-10-07
"5531";"Índice de ventas comercio real durables IVCM, INE (prom 2018=100)";"2025-10-1";162,5;2025;NA;10;"prod_industrial";2026-10-07
"5532";"Índice de ventas comercio real durables IVCM, INE (prom 2018=100)";"2025-11-1";157,5;2025;NA;11;"prod_industrial";2026-10-07
"5533";"Índice de ventas comercio real durables IVCM, INE (prom 2018=100)";"2025-12-1";192,1;2025;NA;12;"prod_industrial";2026-10-07
"5534";"Índice de ventas comercio real durables IVCM, INE (prom 2018=100)";"2026-1-1";142;2026;NA;1;"prod_industrial";2026-10-07
"5535";"Índice de ventas comercio real durables IVCM, INE (prom 2018=100)";"2026-2-1";135,2;2026;NA;2;"prod_industrial";2026-10-07
"5536";"Índice de ventas comercio real durables IVCM, INE (prom 2018=100)";"2026-3-1";161,3;2026;NA;3;"prod_industrial";2026-10-07
"5537";"Índice de ventas comercio real durables IVCM, INE (prom 2018=100)";"2026-4-1";147,8;2026;NA;4;"prod_industrial";2026-10-07
"5538";"Índice de ventas comercio real durables IVCM, INE (prom 2018=100)";"2026-5-1";144,2;2026;NA;5;"prod_industrial";2026-10-07
"5539";"Índice de ventas comercio real durables IVCM, INE (prom 2018=100)";"2026-6-1";167,7;2026;NA;6;"prod_industrial";2026-10-07
"5540";"Índice de ventas comercio real durables IVCM, INE (prom 2018=100)";"2026-7-1";142,2;2026;NA;7;"prod_industrial";2026-10-07
"5541";"Índice de ventas comercio real durables IVCM, INE (prom 2018=100)";"2026-8-1";152,2;2026;NA;8;"prod_industrial";2026-10-07
"5542";"Ventas autos nuevos ANAC (unidades)";"2010-1-1";19342;2010;NA;1;"prod_industrial";2026-10-07
"5543";"Ventas autos nuevos ANAC (unidades)";"2010-2-1";17615;2010;NA;2;"prod_industrial";2026-10-07
"5544";"Ventas autos nuevos ANAC (unidades)";"2010-3-1";17808;2010;NA;3;"prod_industrial";2026-10-07
"5545";"Ventas autos nuevos ANAC (unidades)";"2010-4-1";22198;2010;NA;4;"prod_industrial";2026-10-07
"5546";"Ventas autos nuevos ANAC (unidades)";"2010-5-1";25016;2010;NA;5;"prod_industrial";2026-10-07
"5547";"Ventas autos nuevos ANAC (unidades)";"2010-6-1";21739;2010;NA;6;"prod_industrial";2026-10-07
"5548";"Ventas autos nuevos ANAC (unidades)";"2010-7-1";20861;2010;NA;7;"prod_industrial";2026-10-07
"5549";"Ventas autos nuevos ANAC (unidades)";"2010-8-1";17999;2010;NA;8;"prod_industrial";2026-10-07
"5550";"Ventas autos nuevos ANAC (unidades)";"2010-9-1";32732;2010;NA;9;"prod_industrial";2026-10-07
"5551";"Ventas autos nuevos ANAC (unidades)";"2010-10-1";24088;2010;NA;10;"prod_industrial";2026-10-07
"5552";"Ventas autos nuevos ANAC (unidades)";"2010-11-1";24072;2010;NA;11;"prod_industrial";2026-10-07
"5553";"Ventas autos nuevos ANAC (unidades)";"2010-12-1";31800;2010;NA;12;"prod_industrial";2026-10-07
"5554";"Ventas autos nuevos ANAC (unidades)";"2011-1-1";28846;2011;NA;1;"prod_industrial";2026-10-07
"5555";"Ventas autos nuevos ANAC (unidades)";"2011-2-1";24143;2011;NA;2;"prod_industrial";2026-10-07
"5556";"Ventas autos nuevos ANAC (unidades)";"2011-3-1";27918;2011;NA;3;"prod_industrial";2026-10-07
"5557";"Ventas autos nuevos ANAC (unidades)";"2011-4-1";28153;2011;NA;4;"prod_industrial";2026-10-07
"5558";"Ventas autos nuevos ANAC (unidades)";"2011-5-1";28096;2011;NA;5;"prod_industrial";2026-10-07
"5559";"Ventas autos nuevos ANAC (unidades)";"2011-6-1";26253;2011;NA;6;"prod_industrial";2026-10-07
"5560";"Ventas autos nuevos ANAC (unidades)";"2011-7-1";24327;2011;NA;7;"prod_industrial";2026-10-07
"5561";"Ventas autos nuevos ANAC (unidades)";"2011-8-1";23988;2011;NA;8;"prod_industrial";2026-10-07
"5562";"Ventas autos nuevos ANAC (unidades)";"2011-9-1";36595;2011;NA;9;"prod_industrial";2026-10-07
"5563";"Ventas autos nuevos ANAC (unidades)";"2011-10-1";26412;2011;NA;10;"prod_industrial";2026-10-07
"5564";"Ventas autos nuevos ANAC (unidades)";"2011-11-1";28384;2011;NA;11;"prod_industrial";2026-10-07
"5565";"Ventas autos nuevos ANAC (unidades)";"2011-12-1";30937;2011;NA;12;"prod_industrial";2026-10-07
"5566";"Ventas autos nuevos ANAC (unidades)";"2012-1-1";27513;2012;NA;1;"prod_industrial";2026-10-07
"5567";"Ventas autos nuevos ANAC (unidades)";"2012-2-1";23701;2012;NA;2;"prod_industrial";2026-10-07
"5568";"Ventas autos nuevos ANAC (unidades)";"2012-3-1";26245;2012;NA;3;"prod_industrial";2026-10-07
"5569";"Ventas autos nuevos ANAC (unidades)";"2012-4-1";25315;2012;NA;4;"prod_industrial";2026-10-07
"5570";"Ventas autos nuevos ANAC (unidades)";"2012-5-1";28105;2012;NA;5;"prod_industrial";2026-10-07
"5571";"Ventas autos nuevos ANAC (unidades)";"2012-6-1";26411;2012;NA;6;"prod_industrial";2026-10-07
"5572";"Ventas autos nuevos ANAC (unidades)";"2012-7-1";26448;2012;NA;7;"prod_industrial";2026-10-07
"5573";"Ventas autos nuevos ANAC (unidades)";"2012-8-1";26951;2012;NA;8;"prod_industrial";2026-10-07
"5574";"Ventas autos nuevos ANAC (unidades)";"2012-9-1";32068;2012;NA;9;"prod_industrial";2026-10-07
"5575";"Ventas autos nuevos ANAC (unidades)";"2012-10-1";34175;2012;NA;10;"prod_industrial";2026-10-07
"5576";"Ventas autos nuevos ANAC (unidades)";"2012-11-1";29399;2012;NA;11;"prod_industrial";2026-10-07
"5577";"Ventas autos nuevos ANAC (unidades)";"2012-12-1";32495;2012;NA;12;"prod_industrial";2026-10-07
"5578";"Ventas autos nuevos ANAC (unidades)";"2013-1-1";33568;2013;NA;1;"prod_industrial";2026-10-07
"5579";"Ventas autos nuevos ANAC (unidades)";"2013-2-1";28140;2013;NA;2;"prod_industrial";2026-10-07
"5580";"Ventas autos nuevos ANAC (unidades)";"2013-3-1";28577;2013;NA;3;"prod_industrial";2026-10-07
"5581";"Ventas autos nuevos ANAC (unidades)";"2013-4-1";32206;2013;NA;4;"prod_industrial";2026-10-07
"5582";"Ventas autos nuevos ANAC (unidades)";"2013-5-1";31589;2013;NA;5;"prod_industrial";2026-10-07
"5583";"Ventas autos nuevos ANAC (unidades)";"2013-6-1";28457;2013;NA;6;"prod_industrial";2026-10-07
"5584";"Ventas autos nuevos ANAC (unidades)";"2013-7-1";31736;2013;NA;7;"prod_industrial";2026-10-07
"5585";"Ventas autos nuevos ANAC (unidades)";"2013-8-1";27984;2013;NA;8;"prod_industrial";2026-10-07
"5586";"Ventas autos nuevos ANAC (unidades)";"2013-9-1";32220;2013;NA;9;"prod_industrial";2026-10-07
"5587";"Ventas autos nuevos ANAC (unidades)";"2013-10-1";31380;2013;NA;10;"prod_industrial";2026-10-07
"5588";"Ventas autos nuevos ANAC (unidades)";"2013-11-1";34358;2013;NA;11;"prod_industrial";2026-10-07
"5589";"Ventas autos nuevos ANAC (unidades)";"2013-12-1";38025;2013;NA;12;"prod_industrial";2026-10-07
"5590";"Ventas autos nuevos ANAC (unidades)";"2014-1-1";34224;2014;NA;1;"prod_industrial";2026-10-07
"5591";"Ventas autos nuevos ANAC (unidades)";"2014-2-1";25716;2014;NA;2;"prod_industrial";2026-10-07
"5592";"Ventas autos nuevos ANAC (unidades)";"2014-3-1";27801;2014;NA;3;"prod_industrial";2026-10-07
"5593";"Ventas autos nuevos ANAC (unidades)";"2014-4-1";26698;2014;NA;4;"prod_industrial";2026-10-07
"5594";"Ventas autos nuevos ANAC (unidades)";"2014-5-1";25289;2014;NA;5;"prod_industrial";2026-10-07
"5595";"Ventas autos nuevos ANAC (unidades)";"2014-6-1";25797;2014;NA;6;"prod_industrial";2026-10-07
"5596";"Ventas autos nuevos ANAC (unidades)";"2014-7-1";27561;2014;NA;7;"prod_industrial";2026-10-07
"5597";"Ventas autos nuevos ANAC (unidades)";"2014-8-1";30846;2014;NA;8;"prod_industrial";2026-10-07
"5598";"Ventas autos nuevos ANAC (unidades)";"2014-9-1";29753;2014;NA;9;"prod_industrial";2026-10-07
"5599";"Ventas autos nuevos ANAC (unidades)";"2014-10-1";25459;2014;NA;10;"prod_industrial";2026-10-07
"5600";"Ventas autos nuevos ANAC (unidades)";"2014-11-1";24286;2014;NA;11;"prod_industrial";2026-10-07
"5601";"Ventas autos nuevos ANAC (unidades)";"2014-12-1";34164;2014;NA;12;"prod_industrial";2026-10-07
"5602";"Ventas autos nuevos ANAC (unidades)";"2015-1-1";23891;2015;NA;1;"prod_industrial";2026-10-07
"5603";"Ventas autos nuevos ANAC (unidades)";"2015-2-1";18233;2015;NA;2;"prod_industrial";2026-10-07
"5604";"Ventas autos nuevos ANAC (unidades)";"2015-3-1";21469;2015;NA;3;"prod_industrial";2026-10-07
"5605";"Ventas autos nuevos ANAC (unidades)";"2015-4-1";23084;2015;NA;4;"prod_industrial";2026-10-07
"5606";"Ventas autos nuevos ANAC (unidades)";"2015-5-1";21184;2015;NA;5;"prod_industrial";2026-10-07
"5607";"Ventas autos nuevos ANAC (unidades)";"2015-6-1";22632;2015;NA;6;"prod_industrial";2026-10-07
"5608";"Ventas autos nuevos ANAC (unidades)";"2015-7-1";22247;2015;NA;7;"prod_industrial";2026-10-07
"5609";"Ventas autos nuevos ANAC (unidades)";"2015-8-1";24374;2015;NA;8;"prod_industrial";2026-10-07
"5610";"Ventas autos nuevos ANAC (unidades)";"2015-9-1";28669;2015;NA;9;"prod_industrial";2026-10-07
"5611";"Ventas autos nuevos ANAC (unidades)";"2015-10-1";22887;2015;NA;10;"prod_industrial";2026-10-07
"5612";"Ventas autos nuevos ANAC (unidades)";"2015-11-1";23727;2015;NA;11;"prod_industrial";2026-10-07
"5613";"Ventas autos nuevos ANAC (unidades)";"2015-12-1";29835;2015;NA;12;"prod_industrial";2026-10-07
"5614";"Ventas autos nuevos ANAC (unidades)";"2016-1-1";25484;2016;NA;1;"prod_industrial";2026-10-07
"5615";"Ventas autos nuevos ANAC (unidades)";"2016-2-1";21571;2016;NA;2;"prod_industrial";2026-10-07
"5616";"Ventas autos nuevos ANAC (unidades)";"2016-3-1";23053;2016;NA;3;"prod_industrial";2026-10-07
"5617";"Ventas autos nuevos ANAC (unidades)";"2016-4-1";22401;2016;NA;4;"prod_industrial";2026-10-07
"5618";"Ventas autos nuevos ANAC (unidades)";"2016-5-1";24002;2016;NA;5;"prod_industrial";2026-10-07
"5619";"Ventas autos nuevos ANAC (unidades)";"2016-6-1";23636;2016;NA;6;"prod_industrial";2026-10-07
"5620";"Ventas autos nuevos ANAC (unidades)";"2016-7-1";22528;2016;NA;7;"prod_industrial";2026-10-07
"5621";"Ventas autos nuevos ANAC (unidades)";"2016-8-1";24544;2016;NA;8;"prod_industrial";2026-10-07
"5622";"Ventas autos nuevos ANAC (unidades)";"2016-9-1";32377;2016;NA;9;"prod_industrial";2026-10-07
"5623";"Ventas autos nuevos ANAC (unidades)";"2016-10-1";25552;2016;NA;10;"prod_industrial";2026-10-07
"5624";"Ventas autos nuevos ANAC (unidades)";"2016-11-1";28730;2016;NA;11;"prod_industrial";2026-10-07
"5625";"Ventas autos nuevos ANAC (unidades)";"2016-12-1";31662;2016;NA;12;"prod_industrial";2026-10-07
"5626";"Ventas autos nuevos ANAC (unidades)";"2017-1-1";27308;2017;NA;1;"prod_industrial";2026-10-07
"5627";"Ventas autos nuevos ANAC (unidades)";"2017-2-1";23805;2017;NA;2;"prod_industrial";2026-10-07
"5628";"Ventas autos nuevos ANAC (unidades)";"2017-3-1";29639;2017;NA;3;"prod_industrial";2026-10-07
"5629";"Ventas autos nuevos ANAC (unidades)";"2017-4-1";24675;2017;NA;4;"prod_industrial";2026-10-07
"5630";"Ventas autos nuevos ANAC (unidades)";"2017-5-1";29910;2017;NA;5;"prod_industrial";2026-10-07
"5631";"Ventas autos nuevos ANAC (unidades)";"2017-6-1";27326;2017;NA;6;"prod_industrial";2026-10-07
"5632";"Ventas autos nuevos ANAC (unidades)";"2017-7-1";28092;2017;NA;7;"prod_industrial";2026-10-07
"5633";"Ventas autos nuevos ANAC (unidades)";"2017-8-1";35354;2017;NA;8;"prod_industrial";2026-10-07
"5634";"Ventas autos nuevos ANAC (unidades)";"2017-9-1";35461;2017;NA;9;"prod_industrial";2026-10-07
"5635";"Ventas autos nuevos ANAC (unidades)";"2017-10-1";30114;2017;NA;10;"prod_industrial";2026-10-07
"5636";"Ventas autos nuevos ANAC (unidades)";"2017-11-1";34458;2017;NA;11;"prod_industrial";2026-10-07
"5637";"Ventas autos nuevos ANAC (unidades)";"2017-12-1";34758;2017;NA;12;"prod_industrial";2026-10-07
"5638";"Ventas autos nuevos ANAC (unidades)";"2018-1-1";35322;2018;NA;1;"prod_industrial";2026-10-07
"5639";"Ventas autos nuevos ANAC (unidades)";"2018-2-1";29427;2018;NA;2;"prod_industrial";2026-10-07
"5640";"Ventas autos nuevos ANAC (unidades)";"2018-3-1";33355;2018;NA;3;"prod_industrial";2026-10-07
"5641";"Ventas autos nuevos ANAC (unidades)";"2018-4-1";35470;2018;NA;4;"prod_industrial";2026-10-07
"5642";"Ventas autos nuevos ANAC (unidades)";"2018-5-1";35328;2018;NA;5;"prod_industrial";2026-10-07
"5643";"Ventas autos nuevos ANAC (unidades)";"2018-6-1";33228;2018;NA;6;"prod_industrial";2026-10-07
"5644";"Ventas autos nuevos ANAC (unidades)";"2018-7-1";31285;2018;NA;7;"prod_industrial";2026-10-07
"5645";"Ventas autos nuevos ANAC (unidades)";"2018-8-1";38729;2018;NA;8;"prod_industrial";2026-10-07
"5646";"Ventas autos nuevos ANAC (unidades)";"2018-9-1";39263;2018;NA;9;"prod_industrial";2026-10-07
"5647";"Ventas autos nuevos ANAC (unidades)";"2018-10-1";37132;2018;NA;10;"prod_industrial";2026-10-07
"5648";"Ventas autos nuevos ANAC (unidades)";"2018-11-1";33518;2018;NA;11;"prod_industrial";2026-10-07
"5649";"Ventas autos nuevos ANAC (unidades)";"2018-12-1";34981;2018;NA;12;"prod_industrial";2026-10-07
"5650";"Ventas autos nuevos ANAC (unidades)";"2019-1-1";36543;2019;NA;1;"prod_industrial";2026-10-07
"5651";"Ventas autos nuevos ANAC (unidades)";"2019-2-1";27912;2019;NA;2;"prod_industrial";2026-10-07
"5652";"Ventas autos nuevos ANAC (unidades)";"2019-3-1";30199;2019;NA;3;"prod_industrial";2026-10-07
"5653";"Ventas autos nuevos ANAC (unidades)";"2019-4-1";32716;2019;NA;4;"prod_industrial";2026-10-07
"5654";"Ventas autos nuevos ANAC (unidades)";"2019-5-1";31204;2019;NA;5;"prod_industrial";2026-10-07
"5655";"Ventas autos nuevos ANAC (unidades)";"2019-6-1";28446;2019;NA;6;"prod_industrial";2026-10-07
"5656";"Ventas autos nuevos ANAC (unidades)";"2019-7-1";31474;2019;NA;7;"prod_industrial";2026-10-07
"5657";"Ventas autos nuevos ANAC (unidades)";"2019-8-1";33059;2019;NA;8;"prod_industrial";2026-10-07
"5658";"Ventas autos nuevos ANAC (unidades)";"2019-9-1";37925;2019;NA;9;"prod_industrial";2026-10-07
"5659";"Ventas autos nuevos ANAC (unidades)";"2019-10-1";28038;2019;NA;10;"prod_industrial";2026-10-07
"5660";"Ventas autos nuevos ANAC (unidades)";"2019-11-1";24272;2019;NA;11;"prod_industrial";2026-10-07
"5661";"Ventas autos nuevos ANAC (unidades)";"2019-12-1";31090;2019;NA;12;"prod_industrial";2026-10-07
"5662";"Ventas autos nuevos ANAC (unidades)";"2020-1-1";32104;2020;NA;1;"prod_industrial";2026-10-07
"5663";"Ventas autos nuevos ANAC (unidades)";"2020-2-1";25028;2020;NA;2;"prod_industrial";2026-10-07
"5664";"Ventas autos nuevos ANAC (unidades)";"2020-3-1";19056;2020;NA;3;"prod_industrial";2026-10-07
"5665";"Ventas autos nuevos ANAC (unidades)";"2020-4-1";8906;2020;NA;4;"prod_industrial";2026-10-07
"5666";"Ventas autos nuevos ANAC (unidades)";"2020-5-1";8681;2020;NA;5;"prod_industrial";2026-10-07
"5667";"Ventas autos nuevos ANAC (unidades)";"2020-6-1";8971;2020;NA;6;"prod_industrial";2026-10-07
"5668";"Ventas autos nuevos ANAC (unidades)";"2020-7-1";11464;2020;NA;7;"prod_industrial";2026-10-07
"5669";"Ventas autos nuevos ANAC (unidades)";"2020-8-1";19037;2020;NA;8;"prod_industrial";2026-10-07
"5670";"Ventas autos nuevos ANAC (unidades)";"2020-9-1";31897;2020;NA;9;"prod_industrial";2026-10-07
"5671";"Ventas autos nuevos ANAC (unidades)";"2020-10-1";36243;2020;NA;10;"prod_industrial";2026-10-07
"5672";"Ventas autos nuevos ANAC (unidades)";"2020-11-1";29486;2020;NA;11;"prod_industrial";2026-10-07
"5673";"Ventas autos nuevos ANAC (unidades)";"2020-12-1";27962;2020;NA;12;"prod_industrial";2026-10-07
"5674";"Ventas autos nuevos ANAC (unidades)";"2021-1-1";24984;2021;NA;1;"prod_industrial";2026-10-07
"5675";"Ventas autos nuevos ANAC (unidades)";"2021-2-1";24491;2021;NA;2;"prod_industrial";2026-10-07
"5676";"Ventas autos nuevos ANAC (unidades)";"2021-3-1";32511;2021;NA;3;"prod_industrial";2026-10-07
"5677";"Ventas autos nuevos ANAC (unidades)";"2021-4-1";27241;2021;NA;4;"prod_industrial";2026-10-07
"5678";"Ventas autos nuevos ANAC (unidades)";"2021-5-1";34130;2021;NA;5;"prod_industrial";2026-10-07
"5679";"Ventas autos nuevos ANAC (unidades)";"2021-6-1";35499;2021;NA;6;"prod_industrial";2026-10-07
"5680";"Ventas autos nuevos ANAC (unidades)";"2021-7-1";38226;2021;NA;7;"prod_industrial";2026-10-07
"5681";"Ventas autos nuevos ANAC (unidades)";"2021-8-1";37564;2021;NA;8;"prod_industrial";2026-10-07
"5682";"Ventas autos nuevos ANAC (unidades)";"2021-9-1";42627;2021;NA;9;"prod_industrial";2026-10-07
"5683";"Ventas autos nuevos ANAC (unidades)";"2021-10-1";38551;2021;NA;10;"prod_industrial";2026-10-07
"5684";"Ventas autos nuevos ANAC (unidades)";"2021-11-1";38981;2021;NA;11;"prod_industrial";2026-10-07
"5685";"Ventas autos nuevos ANAC (unidades)";"2021-12-1";40776;2021;NA;12;"prod_industrial";2026-10-07
"5686";"Ventas autos nuevos ANAC (unidades)";"2022-1-1";37281;2022;NA;1;"prod_industrial";2026-10-07
"5687";"Ventas autos nuevos ANAC (unidades)";"2022-2-1";31745;2022;NA;2;"prod_industrial";2026-10-07
"5688";"Ventas autos nuevos ANAC (unidades)";"2022-3-1";41467;2022;NA;3;"prod_industrial";2026-10-07
"5689";"Ventas autos nuevos ANAC (unidades)";"2022-4-1";37867;2022;NA;4;"prod_industrial";2026-10-07
"5690";"Ventas autos nuevos ANAC (unidades)";"2022-5-1";37887;2022;NA;5;"prod_industrial";2026-10-07
"5691";"Ventas autos nuevos ANAC (unidades)";"2022-6-1";36206;2022;NA;6;"prod_industrial";2026-10-07
"5692";"Ventas autos nuevos ANAC (unidades)";"2022-7-1";38306;2022;NA;7;"prod_industrial";2026-10-07
"5693";"Ventas autos nuevos ANAC (unidades)";"2022-8-1";35018;2022;NA;8;"prod_industrial";2026-10-07
"5694";"Ventas autos nuevos ANAC (unidades)";"2022-9-1";36718;2022;NA;9;"prod_industrial";2026-10-07
"5695";"Ventas autos nuevos ANAC (unidades)";"2022-10-1";28642;2022;NA;10;"prod_industrial";2026-10-07
"5696";"Ventas autos nuevos ANAC (unidades)";"2022-11-1";31708;2022;NA;11;"prod_industrial";2026-10-07
"5697";"Ventas autos nuevos ANAC (unidades)";"2022-12-1";33932;2022;NA;12;"prod_industrial";2026-10-07
"5698";"Ventas autos nuevos ANAC (unidades)";"2023-1-1";27617;2023;NA;1;"prod_industrial";2026-10-07
"5699";"Ventas autos nuevos ANAC (unidades)";"2023-2-1";26220;2023;NA;2;"prod_industrial";2026-10-07
"5700";"Ventas autos nuevos ANAC (unidades)";"2023-3-1";37560;2023;NA;3;"prod_industrial";2026-10-07
"5701";"Ventas autos nuevos ANAC (unidades)";"2023-4-1";19522;2023;NA;4;"prod_industrial";2026-10-07
"5702";"Ventas autos nuevos ANAC (unidades)";"2023-5-1";25616;2023;NA;5;"prod_industrial";2026-10-07
"5703";"Ventas autos nuevos ANAC (unidades)";"2023-6-1";22676;2023;NA;6;"prod_industrial";2026-10-07
"5704";"Ventas autos nuevos ANAC (unidades)";"2023-7-1";23051;2023;NA;7;"prod_industrial";2026-10-07
"5705";"Ventas autos nuevos ANAC (unidades)";"2023-8-1";28314;2023;NA;8;"prod_industrial";2026-10-07
"5706";"Ventas autos nuevos ANAC (unidades)";"2023-9-1";25503;2023;NA;9;"prod_industrial";2026-10-07
"5707";"Ventas autos nuevos ANAC (unidades)";"2023-10-1";25053;2023;NA;10;"prod_industrial";2026-10-07
"5708";"Ventas autos nuevos ANAC (unidades)";"2023-11-1";25630;2023;NA;11;"prod_industrial";2026-10-07
"5709";"Ventas autos nuevos ANAC (unidades)";"2023-12-1";27103;2023;NA;12;"prod_industrial";2026-10-07
"5710";"Ventas autos nuevos ANAC (unidades)";"2024-1-1";25117;2024;NA;1;"prod_industrial";2026-10-07
"5711";"Ventas autos nuevos ANAC (unidades)";"2024-2-1";22450;2024;NA;2;"prod_industrial";2026-10-07
"5712";"Ventas autos nuevos ANAC (unidades)";"2024-3-1";23525;2024;NA;3;"prod_industrial";2026-10-07
"5713";"Ventas autos nuevos ANAC (unidades)";"2024-4-1";25490;2024;NA;4;"prod_industrial";2026-10-07
"5714";"Ventas autos nuevos ANAC (unidades)";"2024-5-1";23337;2024;NA;5;"prod_industrial";2026-10-07
"5715";"Ventas autos nuevos ANAC (unidades)";"2024-6-1";22567;2024;NA;6;"prod_industrial";2026-10-07
"5716";"Ventas autos nuevos ANAC (unidades)";"2024-7-1";25087;2024;NA;7;"prod_industrial";2026-10-07
"5717";"Ventas autos nuevos ANAC (unidades)";"2024-8-1";28335;2024;NA;8;"prod_industrial";2026-10-07
"5718";"Ventas autos nuevos ANAC (unidades)";"2024-9-1";25765;2024;NA;9;"prod_industrial";2026-10-07
"5719";"Ventas autos nuevos ANAC (unidades)";"2024-10-1";27629;2024;NA;10;"prod_industrial";2026-10-07
"5720";"Ventas autos nuevos ANAC (unidades)";"2024-11-1";25103;2024;NA;11;"prod_industrial";2026-10-07
"5721";"Ventas autos nuevos ANAC (unidades)";"2024-12-1";27961;2024;NA;12;"prod_industrial";2026-10-07
"5722";"Ventas autos nuevos ANAC (unidades)";"2025-1-1";25834;2025;NA;1;"prod_industrial";2026-10-07
"5723";"Ventas autos nuevos ANAC (unidades)";"2025-2-1";21044;2025;NA;2;"prod_industrial";2026-10-07
"5724";"Ventas autos nuevos ANAC (unidades)";"2025-3-1";24000;2025;NA;3;"prod_industrial";2026-10-07
"5725";"Ventas autos nuevos ANAC (unidades)";"2025-4-1";26132;2025;NA;4;"prod_industrial";2026-10-07
"5726";"Ventas autos nuevos ANAC (unidades)";"2025-5-1";24337;2025;NA;5;"prod_industrial";2026-10-07
"5727";"Ventas autos nuevos ANAC (unidades)";"2025-6-1";24281;2025;NA;6;"prod_industrial";2026-10-07
"5728";"Ventas autos nuevos ANAC (unidades)";"2025-7-1";26909;2025;NA;7;"prod_industrial";2026-10-07
"5729";"Ventas autos nuevos ANAC (unidades)";"2025-8-1";27462;2025;NA;8;"prod_industrial";2026-10-07
"5730";"Ventas autos nuevos ANAC (unidades)";"2025-9-1";31871;2025;NA;9;"prod_industrial";2026-10-07
"5731";"Ventas autos nuevos ANAC (unidades)";"2025-10-1";23531;2025;NA;10;"prod_industrial";2026-10-07
"5732";"Ventas autos nuevos ANAC (unidades)";"2025-11-1";25620;2025;NA;11;"prod_industrial";2026-10-07
"5733";"Ventas autos nuevos ANAC (unidades)";"2025-12-1";29577;2025;NA;12;"prod_industrial";2026-10-07
"5734";"Ventas autos nuevos ANAC (unidades)";"2026-1-1";25301;2026;NA;1;"prod_industrial";2026-10-07
"5735";"Ventas autos nuevos ANAC (unidades)";"2026-2-1";22318;2026;NA;2;"prod_industrial";2026-10-07
"5736";"Ventas autos nuevos ANAC (unidades)";"2026-3-1";27358;2026;NA;3;"prod_industrial";2026-10-07
"5737";"Ventas autos nuevos ANAC (unidades)";"2026-4-1";27572;2026;NA;4;"prod_industrial";2026-10-07
"5738";"Ventas autos nuevos ANAC (unidades)";"2026-5-1";24449;2026;NA;5;"prod_industrial";2026-10-07
"5739";"Ventas autos nuevos ANAC (unidades)";"2026-6-1";26576;2026;NA;6;"prod_industrial";2026-10-07
"5740";"Ventas autos nuevos ANAC (unidades)";"2026-7-1";24722;2026;NA;7;"prod_industrial";2026-10-07
"5741";"Ventas autos nuevos ANAC (unidades)";"2026-8-1";27896;2026;NA;8;"prod_industrial";2026-10-07
"5742";"Ventas autos nuevos ANAC (unidades)";"2026-9-1";30989;2026;NA;9;"prod_industrial";2026-10-07
