"";"serie";"fecha";"valor";"año";"mes";"fecha_scraping"
<<<<<<< HEAD
"1";"Fuerza de trabajo ( promedio móvil trimestral, miles de personas )";"2010-3-1";7883,7;2010;3;2026-07-23
"2";"Fuerza de trabajo ( promedio móvil trimestral, miles de personas )";"2010-4-1";7896,5;2010;4;2026-07-23
"3";"Fuerza de trabajo ( promedio móvil trimestral, miles de personas )";"2010-5-1";7899,8;2010;5;2026-07-23
"4";"Fuerza de trabajo ( promedio móvil trimestral, miles de personas )";"2010-6-1";7905,9;2010;6;2026-07-23
"5";"Fuerza de trabajo ( promedio móvil trimestral, miles de personas )";"2010-7-1";7931,6;2010;7;2026-07-23
"6";"Fuerza de trabajo ( promedio móvil trimestral, miles de personas )";"2010-8-1";7960,8;2010;8;2026-07-23
"7";"Fuerza de trabajo ( promedio móvil trimestral, miles de personas )";"2010-9-1";8042,9;2010;9;2026-07-23
"8";"Fuerza de trabajo ( promedio móvil trimestral, miles de personas )";"2010-10-1";8043;2010;10;2026-07-23
"9";"Fuerza de trabajo ( promedio móvil trimestral, miles de personas )";"2010-11-1";8087,4;2010;11;2026-07-23
"10";"Fuerza de trabajo ( promedio móvil trimestral, miles de personas )";"2010-12-1";8160,7;2010;12;2026-07-23
"11";"Fuerza de trabajo ( promedio móvil trimestral, miles de personas )";"2011-1-1";8227,8;2011;1;2026-07-23
"12";"Fuerza de trabajo ( promedio móvil trimestral, miles de personas )";"2011-2-1";8233,9;2011;2;2026-07-23
"13";"Fuerza de trabajo ( promedio móvil trimestral, miles de personas )";"2011-3-1";8246,4;2011;3;2026-07-23
"14";"Fuerza de trabajo ( promedio móvil trimestral, miles de personas )";"2011-4-1";8250;2011;4;2026-07-23
"15";"Fuerza de trabajo ( promedio móvil trimestral, miles de personas )";"2011-5-1";8269,6;2011;5;2026-07-23
"16";"Fuerza de trabajo ( promedio móvil trimestral, miles de personas )";"2011-6-1";8296,9;2011;6;2026-07-23
"17";"Fuerza de trabajo ( promedio móvil trimestral, miles de personas )";"2011-7-1";8285,2;2011;7;2026-07-23
"18";"Fuerza de trabajo ( promedio móvil trimestral, miles de personas )";"2011-8-1";8308,5;2011;8;2026-07-23
"19";"Fuerza de trabajo ( promedio móvil trimestral, miles de personas )";"2011-9-1";8323,2;2011;9;2026-07-23
"20";"Fuerza de trabajo ( promedio móvil trimestral, miles de personas )";"2011-10-1";8322;2011;10;2026-07-23
"21";"Fuerza de trabajo ( promedio móvil trimestral, miles de personas )";"2011-11-1";8327,4;2011;11;2026-07-23
"22";"Fuerza de trabajo ( promedio móvil trimestral, miles de personas )";"2011-12-1";8356,4;2011;12;2026-07-23
"23";"Fuerza de trabajo ( promedio móvil trimestral, miles de personas )";"2012-1-1";8391,7;2012;1;2026-07-23
"24";"Fuerza de trabajo ( promedio móvil trimestral, miles de personas )";"2012-2-1";8424;2012;2;2026-07-23
"25";"Fuerza de trabajo ( promedio móvil trimestral, miles de personas )";"2012-3-1";8416,9;2012;3;2026-07-23
"26";"Fuerza de trabajo ( promedio móvil trimestral, miles de personas )";"2012-4-1";8420;2012;4;2026-07-23
"27";"Fuerza de trabajo ( promedio móvil trimestral, miles de personas )";"2012-5-1";8423;2012;5;2026-07-23
"28";"Fuerza de trabajo ( promedio móvil trimestral, miles de personas )";"2012-6-1";8388,4;2012;6;2026-07-23
"29";"Fuerza de trabajo ( promedio móvil trimestral, miles de personas )";"2012-7-1";8367,1;2012;7;2026-07-23
"30";"Fuerza de trabajo ( promedio móvil trimestral, miles de personas )";"2012-8-1";8356,3;2012;8;2026-07-23
"31";"Fuerza de trabajo ( promedio móvil trimestral, miles de personas )";"2012-9-1";8428,3;2012;9;2026-07-23
"32";"Fuerza de trabajo ( promedio móvil trimestral, miles de personas )";"2012-10-1";8455,5;2012;10;2026-07-23
"33";"Fuerza de trabajo ( promedio móvil trimestral, miles de personas )";"2012-11-1";8462,8;2012;11;2026-07-23
"34";"Fuerza de trabajo ( promedio móvil trimestral, miles de personas )";"2012-12-1";8480,1;2012;12;2026-07-23
"35";"Fuerza de trabajo ( promedio móvil trimestral, miles de personas )";"2013-1-1";8520;2013;1;2026-07-23
"36";"Fuerza de trabajo ( promedio móvil trimestral, miles de personas )";"2013-2-1";8535,7;2013;2;2026-07-23
"37";"Fuerza de trabajo ( promedio móvil trimestral, miles de personas )";"2013-3-1";8539,4;2013;3;2026-07-23
"38";"Fuerza de trabajo ( promedio móvil trimestral, miles de personas )";"2013-4-1";8580,1;2013;4;2026-07-23
"39";"Fuerza de trabajo ( promedio móvil trimestral, miles de personas )";"2013-5-1";8579,5;2013;5;2026-07-23
"40";"Fuerza de trabajo ( promedio móvil trimestral, miles de personas )";"2013-6-1";8538,8;2013;6;2026-07-23
"41";"Fuerza de trabajo ( promedio móvil trimestral, miles de personas )";"2013-7-1";8486,1;2013;7;2026-07-23
"42";"Fuerza de trabajo ( promedio móvil trimestral, miles de personas )";"2013-8-1";8506,1;2013;8;2026-07-23
"43";"Fuerza de trabajo ( promedio móvil trimestral, miles de personas )";"2013-9-1";8509,5;2013;9;2026-07-23
"44";"Fuerza de trabajo ( promedio móvil trimestral, miles de personas )";"2013-10-1";8537,8;2013;10;2026-07-23
"45";"Fuerza de trabajo ( promedio móvil trimestral, miles de personas )";"2013-11-1";8569,7;2013;11;2026-07-23
"46";"Fuerza de trabajo ( promedio móvil trimestral, miles de personas )";"2013-12-1";8649,5;2013;12;2026-07-23
"47";"Fuerza de trabajo ( promedio móvil trimestral, miles de personas )";"2014-1-1";8714;2014;1;2026-07-23
"48";"Fuerza de trabajo ( promedio móvil trimestral, miles de personas )";"2014-2-1";8743,7;2014;2;2026-07-23
"49";"Fuerza de trabajo ( promedio móvil trimestral, miles de personas )";"2014-3-1";8722,9;2014;3;2026-07-23
"50";"Fuerza de trabajo ( promedio móvil trimestral, miles de personas )";"2014-4-1";8716,9;2014;4;2026-07-23
"51";"Fuerza de trabajo ( promedio móvil trimestral, miles de personas )";"2014-5-1";8706,6;2014;5;2026-07-23
"52";"Fuerza de trabajo ( promedio móvil trimestral, miles de personas )";"2014-6-1";8686,6;2014;6;2026-07-23
"53";"Fuerza de trabajo ( promedio móvil trimestral, miles de personas )";"2014-7-1";8655,8;2014;7;2026-07-23
"54";"Fuerza de trabajo ( promedio móvil trimestral, miles de personas )";"2014-8-1";8633,9;2014;8;2026-07-23
"55";"Fuerza de trabajo ( promedio móvil trimestral, miles de personas )";"2014-9-1";8675,2;2014;9;2026-07-23
"56";"Fuerza de trabajo ( promedio móvil trimestral, miles de personas )";"2014-10-1";8709,6;2014;10;2026-07-23
"57";"Fuerza de trabajo ( promedio móvil trimestral, miles de personas )";"2014-11-1";8751,6;2014;11;2026-07-23
"58";"Fuerza de trabajo ( promedio móvil trimestral, miles de personas )";"2014-12-1";8795,4;2014;12;2026-07-23
"59";"Fuerza de trabajo ( promedio móvil trimestral, miles de personas )";"2015-1-1";8807,6;2015;1;2026-07-23
"60";"Fuerza de trabajo ( promedio móvil trimestral, miles de personas )";"2015-2-1";8810,7;2015;2;2026-07-23
"61";"Fuerza de trabajo ( promedio móvil trimestral, miles de personas )";"2015-3-1";8779;2015;3;2026-07-23
"62";"Fuerza de trabajo ( promedio móvil trimestral, miles de personas )";"2015-4-1";8788,9;2015;4;2026-07-23
"63";"Fuerza de trabajo ( promedio móvil trimestral, miles de personas )";"2015-5-1";8806,4;2015;5;2026-07-23
"64";"Fuerza de trabajo ( promedio móvil trimestral, miles de personas )";"2015-6-1";8802,8;2015;6;2026-07-23
"65";"Fuerza de trabajo ( promedio móvil trimestral, miles de personas )";"2015-7-1";8810,4;2015;7;2026-07-23
"66";"Fuerza de trabajo ( promedio móvil trimestral, miles de personas )";"2015-8-1";8829,1;2015;8;2026-07-23
"67";"Fuerza de trabajo ( promedio móvil trimestral, miles de personas )";"2015-9-1";8883,4;2015;9;2026-07-23
"68";"Fuerza de trabajo ( promedio móvil trimestral, miles de personas )";"2015-10-1";8884,7;2015;10;2026-07-23
"69";"Fuerza de trabajo ( promedio móvil trimestral, miles de personas )";"2015-11-1";8909,4;2015;11;2026-07-23
"70";"Fuerza de trabajo ( promedio móvil trimestral, miles de personas )";"2015-12-1";8954,1;2015;12;2026-07-23
"71";"Fuerza de trabajo ( promedio móvil trimestral, miles de personas )";"2016-1-1";8983,7;2016;1;2026-07-23
"72";"Fuerza de trabajo ( promedio móvil trimestral, miles de personas )";"2016-2-1";8958,8;2016;2;2026-07-23
"73";"Fuerza de trabajo ( promedio móvil trimestral, miles de personas )";"2016-3-1";8940,9;2016;3;2026-07-23
"74";"Fuerza de trabajo ( promedio móvil trimestral, miles de personas )";"2016-4-1";8968,6;2016;4;2026-07-23
"75";"Fuerza de trabajo ( promedio móvil trimestral, miles de personas )";"2016-5-1";8981,5;2016;5;2026-07-23
"76";"Fuerza de trabajo ( promedio móvil trimestral, miles de personas )";"2016-6-1";8966,7;2016;6;2026-07-23
"77";"Fuerza de trabajo ( promedio móvil trimestral, miles de personas )";"2016-7-1";8989,5;2016;7;2026-07-23
"78";"Fuerza de trabajo ( promedio móvil trimestral, miles de personas )";"2016-8-1";8967,2;2016;8;2026-07-23
"79";"Fuerza de trabajo ( promedio móvil trimestral, miles de personas )";"2016-9-1";9012;2016;9;2026-07-23
"80";"Fuerza de trabajo ( promedio móvil trimestral, miles de personas )";"2016-10-1";8994,6;2016;10;2026-07-23
"81";"Fuerza de trabajo ( promedio móvil trimestral, miles de personas )";"2016-11-1";9046,4;2016;11;2026-07-23
"82";"Fuerza de trabajo ( promedio móvil trimestral, miles de personas )";"2016-12-1";9062,6;2016;12;2026-07-23
"83";"Fuerza de trabajo ( promedio móvil trimestral, miles de personas )";"2017-1-1";9115,1;2017;1;2026-07-23
"84";"Fuerza de trabajo ( promedio móvil trimestral, miles de personas )";"2017-2-1";9102;2017;2;2026-07-23
"85";"Fuerza de trabajo ( promedio móvil trimestral, miles de personas )";"2017-3-1";9127;2017;3;2026-07-23
"86";"Fuerza de trabajo ( promedio móvil trimestral, miles de personas )";"2017-4-1";9147,4;2017;4;2026-07-23
"87";"Fuerza de trabajo ( promedio móvil trimestral, miles de personas )";"2017-5-1";9210;2017;5;2026-07-23
"88";"Fuerza de trabajo ( promedio móvil trimestral, miles de personas )";"2017-6-1";9196,6;2017;6;2026-07-23
"89";"Fuerza de trabajo ( promedio móvil trimestral, miles de personas )";"2017-7-1";9201,4;2017;7;2026-07-23
"90";"Fuerza de trabajo ( promedio móvil trimestral, miles de personas )";"2017-8-1";9209,7;2017;8;2026-07-23
"91";"Fuerza de trabajo ( promedio móvil trimestral, miles de personas )";"2017-9-1";9260,9;2017;9;2026-07-23
"92";"Fuerza de trabajo ( promedio móvil trimestral, miles de personas )";"2017-10-1";9270,2;2017;10;2026-07-23
"93";"Fuerza de trabajo ( promedio móvil trimestral, miles de personas )";"2017-11-1";9338,7;2017;11;2026-07-23
"94";"Fuerza de trabajo ( promedio móvil trimestral, miles de personas )";"2017-12-1";9379,5;2017;12;2026-07-23
"95";"Fuerza de trabajo ( promedio móvil trimestral, miles de personas )";"2018-1-1";9438,1;2018;1;2026-07-23
"96";"Fuerza de trabajo ( promedio móvil trimestral, miles de personas )";"2018-2-1";9449,5;2018;2;2026-07-23
"97";"Fuerza de trabajo ( promedio móvil trimestral, miles de personas )";"2018-3-1";9456,6;2018;3;2026-07-23
"98";"Fuerza de trabajo ( promedio móvil trimestral, miles de personas )";"2018-4-1";9441,4;2018;4;2026-07-23
"99";"Fuerza de trabajo ( promedio móvil trimestral, miles de personas )";"2018-5-1";9465,3;2018;5;2026-07-23
"100";"Fuerza de trabajo ( promedio móvil trimestral, miles de personas )";"2018-6-1";9466,9;2018;6;2026-07-23
"101";"Fuerza de trabajo ( promedio móvil trimestral, miles de personas )";"2018-7-1";9451;2018;7;2026-07-23
"102";"Fuerza de trabajo ( promedio móvil trimestral, miles de personas )";"2018-8-1";9435,5;2018;8;2026-07-23
"103";"Fuerza de trabajo ( promedio móvil trimestral, miles de personas )";"2018-9-1";9414,2;2018;9;2026-07-23
"104";"Fuerza de trabajo ( promedio móvil trimestral, miles de personas )";"2018-10-1";9476,2;2018;10;2026-07-23
"105";"Fuerza de trabajo ( promedio móvil trimestral, miles de personas )";"2018-11-1";9525,4;2018;11;2026-07-23
"106";"Fuerza de trabajo ( promedio móvil trimestral, miles de personas )";"2018-12-1";9600,3;2018;12;2026-07-23
"107";"Fuerza de trabajo ( promedio móvil trimestral, miles de personas )";"2019-1-1";9613,3;2019;1;2026-07-23
"108";"Fuerza de trabajo ( promedio móvil trimestral, miles de personas )";"2019-2-1";9581,6;2019;2;2026-07-23
"109";"Fuerza de trabajo ( promedio móvil trimestral, miles de personas )";"2019-3-1";9571,7;2019;3;2026-07-23
"110";"Fuerza de trabajo ( promedio móvil trimestral, miles de personas )";"2019-4-1";9597,1;2019;4;2026-07-23
"111";"Fuerza de trabajo ( promedio móvil trimestral, miles de personas )";"2019-5-1";9621,1;2019;5;2026-07-23
"112";"Fuerza de trabajo ( promedio móvil trimestral, miles de personas )";"2019-6-1";9620,5;2019;6;2026-07-23
"113";"Fuerza de trabajo ( promedio móvil trimestral, miles de personas )";"2019-7-1";9638,1;2019;7;2026-07-23
"114";"Fuerza de trabajo ( promedio móvil trimestral, miles de personas )";"2019-8-1";9659,4;2019;8;2026-07-23
"115";"Fuerza de trabajo ( promedio móvil trimestral, miles de personas )";"2019-9-1";9712,7;2019;9;2026-07-23
"116";"Fuerza de trabajo ( promedio móvil trimestral, miles de personas )";"2019-10-1";9686;2019;10;2026-07-23
"117";"Fuerza de trabajo ( promedio móvil trimestral, miles de personas )";"2019-11-1";9722;2019;11;2026-07-23
"118";"Fuerza de trabajo ( promedio móvil trimestral, miles de personas )";"2019-12-1";9777,8;2019;12;2026-07-23
"119";"Fuerza de trabajo ( promedio móvil trimestral, miles de personas )";"2020-1-1";9848,7;2020;1;2026-07-23
"120";"Fuerza de trabajo ( promedio móvil trimestral, miles de personas )";"2020-2-1";9831,2;2020;2;2026-07-23
"121";"Fuerza de trabajo ( promedio móvil trimestral, miles de personas )";"2020-3-1";9744,2;2020;3;2026-07-23
"122";"Fuerza de trabajo ( promedio móvil trimestral, miles de personas )";"2020-4-1";9050,7;2020;4;2026-07-23
"123";"Fuerza de trabajo ( promedio móvil trimestral, miles de personas )";"2020-5-1";8390,9;2020;5;2026-07-23
"124";"Fuerza de trabajo ( promedio móvil trimestral, miles de personas )";"2020-6-1";8136,7;2020;6;2026-07-23
"125";"Fuerza de trabajo ( promedio móvil trimestral, miles de personas )";"2020-7-1";8138,6;2020;7;2026-07-23
"126";"Fuerza de trabajo ( promedio móvil trimestral, miles de personas )";"2020-8-1";8257,2;2020;8;2026-07-23
"127";"Fuerza de trabajo ( promedio móvil trimestral, miles de personas )";"2020-9-1";8402,6;2020;9;2026-07-23
"128";"Fuerza de trabajo ( promedio móvil trimestral, miles de personas )";"2020-10-1";8671,6;2020;10;2026-07-23
"129";"Fuerza de trabajo ( promedio móvil trimestral, miles de personas )";"2020-11-1";8871,1;2020;11;2026-07-23
"130";"Fuerza de trabajo ( promedio móvil trimestral, miles de personas )";"2020-12-1";8946,5;2020;12;2026-07-23
"131";"Fuerza de trabajo ( promedio móvil trimestral, miles de personas )";"2021-1-1";9046,6;2021;1;2026-07-23
"132";"Fuerza de trabajo ( promedio móvil trimestral, miles de personas )";"2021-2-1";9105,9;2021;2;2026-07-23
"133";"Fuerza de trabajo ( promedio móvil trimestral, miles de personas )";"2021-3-1";9089,3;2021;3;2026-07-23
"134";"Fuerza de trabajo ( promedio móvil trimestral, miles de personas )";"2021-4-1";9029,1;2021;4;2026-07-23
"135";"Fuerza de trabajo ( promedio móvil trimestral, miles de personas )";"2021-5-1";8938,3;2021;5;2026-07-23
"136";"Fuerza de trabajo ( promedio móvil trimestral, miles de personas )";"2021-6-1";8884,9;2021;6;2026-07-23
"137";"Fuerza de trabajo ( promedio móvil trimestral, miles de personas )";"2021-7-1";8948,3;2021;7;2026-07-23
"138";"Fuerza de trabajo ( promedio móvil trimestral, miles de personas )";"2021-8-1";9030,7;2021;8;2026-07-23
"139";"Fuerza de trabajo ( promedio móvil trimestral, miles de personas )";"2021-9-1";9111,1;2021;9;2026-07-23
"140";"Fuerza de trabajo ( promedio móvil trimestral, miles de personas )";"2021-10-1";9199,5;2021;10;2026-07-23
"141";"Fuerza de trabajo ( promedio móvil trimestral, miles de personas )";"2021-11-1";9255;2021;11;2026-07-23
"142";"Fuerza de trabajo ( promedio móvil trimestral, miles de personas )";"2021-12-1";9350,6;2021;12;2026-07-23
"143";"Fuerza de trabajo ( promedio móvil trimestral, miles de personas )";"2022-1-1";9396,1;2022;1;2026-07-23
"144";"Fuerza de trabajo ( promedio móvil trimestral, miles de personas )";"2022-2-1";9479,5;2022;2;2026-07-23
"145";"Fuerza de trabajo ( promedio móvil trimestral, miles de personas )";"2022-3-1";9541,6;2022;3;2026-07-23
"146";"Fuerza de trabajo ( promedio móvil trimestral, miles de personas )";"2022-4-1";9577,5;2022;4;2026-07-23
"147";"Fuerza de trabajo ( promedio móvil trimestral, miles de personas )";"2022-5-1";9604,6;2022;5;2026-07-23
"148";"Fuerza de trabajo ( promedio móvil trimestral, miles de personas )";"2022-6-1";9587,3;2022;6;2026-07-23
"149";"Fuerza de trabajo ( promedio móvil trimestral, miles de personas )";"2022-7-1";9610,9;2022;7;2026-07-23
"150";"Fuerza de trabajo ( promedio móvil trimestral, miles de personas )";"2022-8-1";9615,8;2022;8;2026-07-23
"151";"Fuerza de trabajo ( promedio móvil trimestral, miles de personas )";"2022-9-1";9616,7;2022;9;2026-07-23
"152";"Fuerza de trabajo ( promedio móvil trimestral, miles de personas )";"2022-10-1";9637,3;2022;10;2026-07-23
"153";"Fuerza de trabajo ( promedio móvil trimestral, miles de personas )";"2022-11-1";9650,2;2022;11;2026-07-23
"154";"Fuerza de trabajo ( promedio móvil trimestral, miles de personas )";"2022-12-1";9730,3;2022;12;2026-07-23
"155";"Fuerza de trabajo ( promedio móvil trimestral, miles de personas )";"2023-1-1";9795,9;2023;1;2026-07-23
"156";"Fuerza de trabajo ( promedio móvil trimestral, miles de personas )";"2023-2-1";9854,8;2023;2;2026-07-23
"157";"Fuerza de trabajo ( promedio móvil trimestral, miles de personas )";"2023-3-1";9876,1;2023;3;2026-07-23
"158";"Fuerza de trabajo ( promedio móvil trimestral, miles de personas )";"2023-4-1";9860,6;2023;4;2026-07-23
"159";"Fuerza de trabajo ( promedio móvil trimestral, miles de personas )";"2023-5-1";9876,1;2023;5;2026-07-23
"160";"Fuerza de trabajo ( promedio móvil trimestral, miles de personas )";"2023-6-1";9877,4;2023;6;2026-07-23
"161";"Fuerza de trabajo ( promedio móvil trimestral, miles de personas )";"2023-7-1";9896,8;2023;7;2026-07-23
"162";"Fuerza de trabajo ( promedio móvil trimestral, miles de personas )";"2023-8-1";9895,6;2023;8;2026-07-23
"163";"Fuerza de trabajo ( promedio móvil trimestral, miles de personas )";"2023-9-1";9906,4;2023;9;2026-07-23
"164";"Fuerza de trabajo ( promedio móvil trimestral, miles de personas )";"2023-10-1";9935,9;2023;10;2026-07-23
"165";"Fuerza de trabajo ( promedio móvil trimestral, miles de personas )";"2023-11-1";10012,8;2023;11;2026-07-23
"166";"Fuerza de trabajo ( promedio móvil trimestral, miles de personas )";"2023-12-1";10077,2;2023;12;2026-07-23
"167";"Fuerza de trabajo ( promedio móvil trimestral, miles de personas )";"2024-1-1";10127,8;2024;1;2026-07-23
"168";"Fuerza de trabajo ( promedio móvil trimestral, miles de personas )";"2024-2-1";10174,9;2024;2;2026-07-23
"169";"Fuerza de trabajo ( promedio móvil trimestral, miles de personas )";"2024-3-1";10193,2;2024;3;2026-07-23
"170";"Fuerza de trabajo ( promedio móvil trimestral, miles de personas )";"2024-4-1";10209,5;2024;4;2026-07-23
"171";"Fuerza de trabajo ( promedio móvil trimestral, miles de personas )";"2024-5-1";10177,7;2024;5;2026-07-23
"172";"Fuerza de trabajo ( promedio móvil trimestral, miles de personas )";"2024-6-1";10170,4;2024;6;2026-07-23
"173";"Fuerza de trabajo ( promedio móvil trimestral, miles de personas )";"2024-7-1";10137,9;2024;7;2026-07-23
"174";"Fuerza de trabajo ( promedio móvil trimestral, miles de personas )";"2024-8-1";10137,4;2024;8;2026-07-23
"175";"Fuerza de trabajo ( promedio móvil trimestral, miles de personas )";"2024-9-1";10128,9;2024;9;2026-07-23
"176";"Fuerza de trabajo ( promedio móvil trimestral, miles de personas )";"2024-10-1";10117;2024;10;2026-07-23
"177";"Fuerza de trabajo ( promedio móvil trimestral, miles de personas )";"2024-11-1";10117,4;2024;11;2026-07-23
"178";"Fuerza de trabajo ( promedio móvil trimestral, miles de personas )";"2024-12-1";10124,1;2024;12;2026-07-23
"179";"Fuerza de trabajo ( promedio móvil trimestral, miles de personas )";"2025-1-1";10213,5;2025;1;2026-07-23
"180";"Fuerza de trabajo ( promedio móvil trimestral, miles de personas )";"2025-2-1";10256,6;2025;2;2026-07-23
"181";"Fuerza de trabajo ( promedio móvil trimestral, miles de personas )";"2025-3-1";10284,5;2025;3;2026-07-23
"182";"Fuerza de trabajo ( promedio móvil trimestral, miles de personas )";"2025-4-1";10267;2025;4;2026-07-23
"183";"Fuerza de trabajo ( promedio móvil trimestral, miles de personas )";"2025-5-1";10264,1;2025;5;2026-07-23
"184";"Fuerza de trabajo ( promedio móvil trimestral, miles de personas )";"2025-6-1";10231,4;2025;6;2026-07-23
"185";"Fuerza de trabajo ( promedio móvil trimestral, miles de personas )";"2025-7-1";10219,3;2025;7;2026-07-23
"186";"Fuerza de trabajo ( promedio móvil trimestral, miles de personas )";"2025-8-1";10231;2025;8;2026-07-23
"187";"Fuerza de trabajo ( promedio móvil trimestral, miles de personas )";"2025-9-1";10252;2025;9;2026-07-23
"188";"Fuerza de trabajo ( promedio móvil trimestral, miles de personas )";"2025-10-1";10252,5;2025;10;2026-07-23
"189";"Fuerza de trabajo ( promedio móvil trimestral, miles de personas )";"2025-11-1";10266,5;2025;11;2026-07-23
"190";"Fuerza de trabajo ( promedio móvil trimestral, miles de personas )";"2025-12-1";10302,6;2025;12;2026-07-23
"191";"Fuerza de trabajo ( promedio móvil trimestral, miles de personas )";"2026-1-1";10361,5;2026;1;2026-07-23
"192";"Fuerza de trabajo ( promedio móvil trimestral, miles de personas )";"2026-2-1";10354,1;2026;2;2026-07-23
"193";"Fuerza de trabajo ( promedio móvil trimestral, miles de personas )";"2026-3-1";10359,3;2026;3;2026-07-23
"194";"Fuerza de trabajo ( promedio móvil trimestral, miles de personas )";"2026-4-1";10372,4;2026;4;2026-07-23
"195";"Fuerza de trabajo ( promedio móvil trimestral, miles de personas )";"2026-5-1";10397,7;2026;5;2026-07-23
"196";"Empleo ( promedio móvil trimestral, miles de personas )";"2010-3-1";7156,2;2010;3;2026-07-23
"197";"Empleo ( promedio móvil trimestral, miles de personas )";"2010-4-1";7198,8;2010;4;2026-07-23
"198";"Empleo ( promedio móvil trimestral, miles de personas )";"2010-5-1";7181,9;2010;5;2026-07-23
"199";"Empleo ( promedio móvil trimestral, miles de personas )";"2010-6-1";7221,6;2010;6;2026-07-23
"200";"Empleo ( promedio móvil trimestral, miles de personas )";"2010-7-1";7256,5;2010;7;2026-07-23
"201";"Empleo ( promedio móvil trimestral, miles de personas )";"2010-8-1";7289,2;2010;8;2026-07-23
"202";"Empleo ( promedio móvil trimestral, miles de personas )";"2010-9-1";7389,5;2010;9;2026-07-23
"203";"Empleo ( promedio móvil trimestral, miles de personas )";"2010-10-1";7414,4;2010;10;2026-07-23
"204";"Empleo ( promedio móvil trimestral, miles de personas )";"2010-11-1";7503,1;2010;11;2026-07-23
"205";"Empleo ( promedio móvil trimestral, miles de personas )";"2010-12-1";7572,3;2010;12;2026-07-23
"206";"Empleo ( promedio móvil trimestral, miles de personas )";"2011-1-1";7615,5;2011;1;2026-07-23
"207";"Empleo ( promedio móvil trimestral, miles de personas )";"2011-2-1";7621;2011;2;2026-07-23
"208";"Empleo ( promedio móvil trimestral, miles de personas )";"2011-3-1";7623,9;2011;3;2026-07-23
"209";"Empleo ( promedio móvil trimestral, miles de personas )";"2011-4-1";7655,1;2011;4;2026-07-23
"210";"Empleo ( promedio móvil trimestral, miles de personas )";"2011-5-1";7665,5;2011;5;2026-07-23
"211";"Empleo ( promedio móvil trimestral, miles de personas )";"2011-6-1";7698,5;2011;6;2026-07-23
"212";"Empleo ( promedio móvil trimestral, miles de personas )";"2011-7-1";7659,4;2011;7;2026-07-23
"213";"Empleo ( promedio móvil trimestral, miles de personas )";"2011-8-1";7684,2;2011;8;2026-07-23
"214";"Empleo ( promedio móvil trimestral, miles de personas )";"2011-9-1";7688,4;2011;9;2026-07-23
"215";"Empleo ( promedio móvil trimestral, miles de personas )";"2011-10-1";7703,1;2011;10;2026-07-23
"216";"Empleo ( promedio móvil trimestral, miles de personas )";"2011-11-1";7716,9;2011;11;2026-07-23
"217";"Empleo ( promedio móvil trimestral, miles de personas )";"2011-12-1";7786,9;2011;12;2026-07-23
"218";"Empleo ( promedio móvil trimestral, miles de personas )";"2012-1-1";7816,6;2012;1;2026-07-23
"219";"Empleo ( promedio móvil trimestral, miles de personas )";"2012-2-1";7874,1;2012;2;2026-07-23
"220";"Empleo ( promedio móvil trimestral, miles de personas )";"2012-3-1";7844,8;2012;3;2026-07-23
"221";"Empleo ( promedio móvil trimestral, miles de personas )";"2012-4-1";7850,5;2012;4;2026-07-23
"222";"Empleo ( promedio móvil trimestral, miles de personas )";"2012-5-1";7838,3;2012;5;2026-07-23
"223";"Empleo ( promedio móvil trimestral, miles de personas )";"2012-6-1";7819,5;2012;6;2026-07-23
"224";"Empleo ( promedio móvil trimestral, miles de personas )";"2012-7-1";7809,5;2012;7;2026-07-23
"225";"Empleo ( promedio móvil trimestral, miles de personas )";"2012-8-1";7809,9;2012;8;2026-07-23
"226";"Empleo ( promedio móvil trimestral, miles de personas )";"2012-9-1";7874,1;2012;9;2026-07-23
"227";"Empleo ( promedio móvil trimestral, miles de personas )";"2012-10-1";7889,4;2012;10;2026-07-23
"228";"Empleo ( promedio móvil trimestral, miles de personas )";"2012-11-1";7924,6;2012;11;2026-07-23
"229";"Empleo ( promedio móvil trimestral, miles de personas )";"2012-12-1";7952,3;2012;12;2026-07-23
"230";"Empleo ( promedio móvil trimestral, miles de personas )";"2013-1-1";7998,6;2013;1;2026-07-23
"231";"Empleo ( promedio móvil trimestral, miles de personas )";"2013-2-1";7993,3;2013;2;2026-07-23
"232";"Empleo ( promedio móvil trimestral, miles de personas )";"2013-3-1";7990,7;2013;3;2026-07-23
"233";"Empleo ( promedio móvil trimestral, miles de personas )";"2013-4-1";8019,1;2013;4;2026-07-23
"234";"Empleo ( promedio móvil trimestral, miles de personas )";"2013-5-1";8018,3;2013;5;2026-07-23
"235";"Empleo ( promedio móvil trimestral, miles de personas )";"2013-6-1";8004,2;2013;6;2026-07-23
"236";"Empleo ( promedio móvil trimestral, miles de personas )";"2013-7-1";7986,8;2013;7;2026-07-23
"237";"Empleo ( promedio móvil trimestral, miles de personas )";"2013-8-1";8008,6;2013;8;2026-07-23
"238";"Empleo ( promedio móvil trimestral, miles de personas )";"2013-9-1";8010,8;2013;9;2026-07-23
"239";"Empleo ( promedio móvil trimestral, miles de personas )";"2013-10-1";8029,6;2013;10;2026-07-23
"240";"Empleo ( promedio móvil trimestral, miles de personas )";"2013-11-1";8067,1;2013;11;2026-07-23
"241";"Empleo ( promedio móvil trimestral, miles de personas )";"2013-12-1";8149,4;2013;12;2026-07-23
"242";"Empleo ( promedio móvil trimestral, miles de personas )";"2014-1-1";8171;2014;1;2026-07-23
"243";"Empleo ( promedio móvil trimestral, miles de personas )";"2014-2-1";8202,9;2014;2;2026-07-23
"244";"Empleo ( promedio móvil trimestral, miles de personas )";"2014-3-1";8156,2;2014;3;2026-07-23
"245";"Empleo ( promedio móvil trimestral, miles de personas )";"2014-4-1";8181,3;2014;4;2026-07-23
"246";"Empleo ( promedio móvil trimestral, miles de personas )";"2014-5-1";8156;2014;5;2026-07-23
"247";"Empleo ( promedio móvil trimestral, miles de personas )";"2014-6-1";8120,4;2014;6;2026-07-23
"248";"Empleo ( promedio móvil trimestral, miles de personas )";"2014-7-1";8085;2014;7;2026-07-23
"249";"Empleo ( promedio móvil trimestral, miles de personas )";"2014-8-1";8044,5;2014;8;2026-07-23
"250";"Empleo ( promedio móvil trimestral, miles de personas )";"2014-9-1";8088,7;2014;9;2026-07-23
"251";"Empleo ( promedio móvil trimestral, miles de personas )";"2014-10-1";8137,9;2014;10;2026-07-23
"252";"Empleo ( promedio móvil trimestral, miles de personas )";"2014-11-1";8207,7;2014;11;2026-07-23
"253";"Empleo ( promedio móvil trimestral, miles de personas )";"2014-12-1";8249,6;2014;12;2026-07-23
"254";"Empleo ( promedio móvil trimestral, miles de personas )";"2015-1-1";8259,2;2015;1;2026-07-23
"255";"Empleo ( promedio móvil trimestral, miles de personas )";"2015-2-1";8263,1;2015;2;2026-07-23
"256";"Empleo ( promedio móvil trimestral, miles de personas )";"2015-3-1";8232,2;2015;3;2026-07-23
"257";"Empleo ( promedio móvil trimestral, miles de personas )";"2015-4-1";8230,3;2015;4;2026-07-23
"258";"Empleo ( promedio móvil trimestral, miles de personas )";"2015-5-1";8211,8;2015;5;2026-07-23
"259";"Empleo ( promedio móvil trimestral, miles de personas )";"2015-6-1";8215,6;2015;6;2026-07-23
"260";"Empleo ( promedio móvil trimestral, miles de personas )";"2015-7-1";8220,8;2015;7;2026-07-23
"261";"Empleo ( promedio móvil trimestral, miles de personas )";"2015-8-1";8250,1;2015;8;2026-07-23
"262";"Empleo ( promedio móvil trimestral, miles de personas )";"2015-9-1";8302;2015;9;2026-07-23
"263";"Empleo ( promedio móvil trimestral, miles de personas )";"2015-10-1";8312,1;2015;10;2026-07-23
"264";"Empleo ( promedio móvil trimestral, miles de personas )";"2015-11-1";8359,3;2015;11;2026-07-23
"265";"Empleo ( promedio móvil trimestral, miles de personas )";"2015-12-1";8428,5;2015;12;2026-07-23
"266";"Empleo ( promedio móvil trimestral, miles de personas )";"2016-1-1";8452,1;2016;1;2026-07-23
"267";"Empleo ( promedio móvil trimestral, miles de personas )";"2016-2-1";8417,1;2016;2;2026-07-23
"268";"Empleo ( promedio móvil trimestral, miles de personas )";"2016-3-1";8360,6;2016;3;2026-07-23
"269";"Empleo ( promedio móvil trimestral, miles de personas )";"2016-4-1";8376,2;2016;4;2026-07-23
"270";"Empleo ( promedio móvil trimestral, miles de personas )";"2016-5-1";8350,3;2016;5;2026-07-23
"271";"Empleo ( promedio móvil trimestral, miles de personas )";"2016-6-1";8337,4;2016;6;2026-07-23
"272";"Empleo ( promedio móvil trimestral, miles de personas )";"2016-7-1";8336,2;2016;7;2026-07-23
"273";"Empleo ( promedio móvil trimestral, miles de personas )";"2016-8-1";8333,2;2016;8;2026-07-23
"274";"Empleo ( promedio móvil trimestral, miles de personas )";"2016-9-1";8378,4;2016;9;2026-07-23
"275";"Empleo ( promedio móvil trimestral, miles de personas )";"2016-10-1";8393,7;2016;10;2026-07-23
"276";"Empleo ( promedio móvil trimestral, miles de personas )";"2016-11-1";8467,1;2016;11;2026-07-23
"277";"Empleo ( promedio móvil trimestral, miles de personas )";"2016-12-1";8500,7;2016;12;2026-07-23
"278";"Empleo ( promedio móvil trimestral, miles de personas )";"2017-1-1";8534,6;2017;1;2026-07-23
"279";"Empleo ( promedio móvil trimestral, miles de personas )";"2017-2-1";8485,7;2017;2;2026-07-23
"280";"Empleo ( promedio móvil trimestral, miles de personas )";"2017-3-1";8484,4;2017;3;2026-07-23
"281";"Empleo ( promedio móvil trimestral, miles de personas )";"2017-4-1";8499,9;2017;4;2026-07-23
"282";"Empleo ( promedio móvil trimestral, miles de personas )";"2017-5-1";8535,2;2017;5;2026-07-23
"283";"Empleo ( promedio móvil trimestral, miles de personas )";"2017-6-1";8524,1;2017;6;2026-07-23
"284";"Empleo ( promedio móvil trimestral, miles de personas )";"2017-7-1";8537,4;2017;7;2026-07-23
"285";"Empleo ( promedio móvil trimestral, miles de personas )";"2017-8-1";8573,5;2017;8;2026-07-23
"286";"Empleo ( promedio móvil trimestral, miles de personas )";"2017-9-1";8613,1;2017;9;2026-07-23
"287";"Empleo ( promedio móvil trimestral, miles de personas )";"2017-10-1";8622,7;2017;10;2026-07-23
"288";"Empleo ( promedio móvil trimestral, miles de personas )";"2017-11-1";8712,7;2017;11;2026-07-23
"289";"Empleo ( promedio móvil trimestral, miles de personas )";"2017-12-1";8768,7;2017;12;2026-07-23
"290";"Empleo ( promedio móvil trimestral, miles de personas )";"2018-1-1";8793,9;2018;1;2026-07-23
"291";"Empleo ( promedio móvil trimestral, miles de personas )";"2018-2-1";8787,1;2018;2;2026-07-23
"292";"Empleo ( promedio móvil trimestral, miles de personas )";"2018-3-1";8759,1;2018;3;2026-07-23
"293";"Empleo ( promedio móvil trimestral, miles de personas )";"2018-4-1";8781,1;2018;4;2026-07-23
"294";"Empleo ( promedio móvil trimestral, miles de personas )";"2018-5-1";8766,7;2018;5;2026-07-23
"295";"Empleo ( promedio móvil trimestral, miles de personas )";"2018-6-1";8755,5;2018;6;2026-07-23
"296";"Empleo ( promedio móvil trimestral, miles de personas )";"2018-7-1";8708,7;2018;7;2026-07-23
"297";"Empleo ( promedio móvil trimestral, miles de personas )";"2018-8-1";8707,2;2018;8;2026-07-23
"298";"Empleo ( promedio móvil trimestral, miles de personas )";"2018-9-1";8710,9;2018;9;2026-07-23
"299";"Empleo ( promedio móvil trimestral, miles de personas )";"2018-10-1";8773,8;2018;10;2026-07-23
"300";"Empleo ( promedio móvil trimestral, miles de personas )";"2018-11-1";8829;2018;11;2026-07-23
"301";"Empleo ( promedio móvil trimestral, miles de personas )";"2018-12-1";8914,2;2018;12;2026-07-23
"302";"Empleo ( promedio móvil trimestral, miles de personas )";"2019-1-1";8928;2019;1;2026-07-23
"303";"Empleo ( promedio móvil trimestral, miles de personas )";"2019-2-1";8907,6;2019;2;2026-07-23
"304";"Empleo ( promedio móvil trimestral, miles de personas )";"2019-3-1";8879,1;2019;3;2026-07-23
"305";"Empleo ( promedio móvil trimestral, miles de personas )";"2019-4-1";8916;2019;4;2026-07-23
"306";"Empleo ( promedio móvil trimestral, miles de personas )";"2019-5-1";8925,3;2019;5;2026-07-23
"307";"Empleo ( promedio móvil trimestral, miles de personas )";"2019-6-1";8922,6;2019;6;2026-07-23
"308";"Empleo ( promedio móvil trimestral, miles de personas )";"2019-7-1";8910,6;2019;7;2026-07-23
"309";"Empleo ( promedio móvil trimestral, miles de personas )";"2019-8-1";8928;2019;8;2026-07-23
"310";"Empleo ( promedio móvil trimestral, miles de personas )";"2019-9-1";9000,1;2019;9;2026-07-23
"311";"Empleo ( promedio móvil trimestral, miles de personas )";"2019-10-1";8994,4;2019;10;2026-07-23
"312";"Empleo ( promedio móvil trimestral, miles de personas )";"2019-11-1";9045,4;2019;11;2026-07-23
"313";"Empleo ( promedio móvil trimestral, miles de personas )";"2019-12-1";9087,1;2019;12;2026-07-23
"314";"Empleo ( promedio móvil trimestral, miles de personas )";"2020-1-1";9115,6;2020;1;2026-07-23
"315";"Empleo ( promedio móvil trimestral, miles de personas )";"2020-2-1";9063,4;2020;2;2026-07-23
"316";"Empleo ( promedio móvil trimestral, miles de personas )";"2020-3-1";8942,4;2020;3;2026-07-23
"317";"Empleo ( promedio móvil trimestral, miles de personas )";"2020-4-1";8235,9;2020;4;2026-07-23
"318";"Empleo ( promedio móvil trimestral, miles de personas )";"2020-5-1";7450,5;2020;5;2026-07-23
"319";"Empleo ( promedio móvil trimestral, miles de personas )";"2020-6-1";7142,6;2020;6;2026-07-23
"320";"Empleo ( promedio móvil trimestral, miles de personas )";"2020-7-1";7073,2;2020;7;2026-07-23
"321";"Empleo ( promedio móvil trimestral, miles de personas )";"2020-8-1";7191,4;2020;8;2026-07-23
"322";"Empleo ( promedio móvil trimestral, miles de personas )";"2020-9-1";7365,1;2020;9;2026-07-23
"323";"Empleo ( promedio móvil trimestral, miles de personas )";"2020-10-1";7667,7;2020;10;2026-07-23
"324";"Empleo ( promedio móvil trimestral, miles de personas )";"2020-11-1";7916,7;2020;11;2026-07-23
"325";"Empleo ( promedio móvil trimestral, miles de personas )";"2020-12-1";8026,2;2020;12;2026-07-23
"326";"Empleo ( promedio móvil trimestral, miles de personas )";"2021-1-1";8121,4;2021;1;2026-07-23
"327";"Empleo ( promedio móvil trimestral, miles de personas )";"2021-2-1";8167,6;2021;2;2026-07-23
"328";"Empleo ( promedio móvil trimestral, miles de personas )";"2021-3-1";8148,2;2021;3;2026-07-23
"329";"Empleo ( promedio móvil trimestral, miles de personas )";"2021-4-1";8104,1;2021;4;2026-07-23
"330";"Empleo ( promedio móvil trimestral, miles de personas )";"2021-5-1";8041,1;2021;5;2026-07-23
"331";"Empleo ( promedio móvil trimestral, miles de personas )";"2021-6-1";8041,2;2021;6;2026-07-23
"332";"Empleo ( promedio móvil trimestral, miles de personas )";"2021-7-1";8148,9;2021;7;2026-07-23
"333";"Empleo ( promedio móvil trimestral, miles de personas )";"2021-8-1";8258,8;2021;8;2026-07-23
"334";"Empleo ( promedio móvil trimestral, miles de personas )";"2021-9-1";8345,2;2021;9;2026-07-23
"335";"Empleo ( promedio móvil trimestral, miles de personas )";"2021-10-1";8456,5;2021;10;2026-07-23
"336";"Empleo ( promedio móvil trimestral, miles de personas )";"2021-11-1";8558,4;2021;11;2026-07-23
"337";"Empleo ( promedio móvil trimestral, miles de personas )";"2021-12-1";8678,3;2021;12;2026-07-23
"338";"Empleo ( promedio móvil trimestral, miles de personas )";"2022-1-1";8712,9;2022;1;2026-07-23
"339";"Empleo ( promedio móvil trimestral, miles de personas )";"2022-2-1";8768,6;2022;2;2026-07-23
"340";"Empleo ( promedio móvil trimestral, miles de personas )";"2022-3-1";8797,6;2022;3;2026-07-23
"341";"Empleo ( promedio móvil trimestral, miles de personas )";"2022-4-1";8835,5;2022;4;2026-07-23
"342";"Empleo ( promedio móvil trimestral, miles de personas )";"2022-5-1";8855,1;2022;5;2026-07-23
"343";"Empleo ( promedio móvil trimestral, miles de personas )";"2022-6-1";8838,4;2022;6;2026-07-23
"344";"Empleo ( promedio móvil trimestral, miles de personas )";"2022-7-1";8849,8;2022;7;2026-07-23
"345";"Empleo ( promedio móvil trimestral, miles de personas )";"2022-8-1";8853,3;2022;8;2026-07-23
"346";"Empleo ( promedio móvil trimestral, miles de personas )";"2022-9-1";8843,5;2022;9;2026-07-23
"347";"Empleo ( promedio móvil trimestral, miles de personas )";"2022-10-1";8869,3;2022;10;2026-07-23
"348";"Empleo ( promedio móvil trimestral, miles de personas )";"2022-11-1";8883,1;2022;11;2026-07-23
"349";"Empleo ( promedio móvil trimestral, miles de personas )";"2022-12-1";8965,2;2022;12;2026-07-23
"350";"Empleo ( promedio móvil trimestral, miles de personas )";"2023-1-1";9008,5;2023;1;2026-07-23
"351";"Empleo ( promedio móvil trimestral, miles de personas )";"2023-2-1";9030,2;2023;2;2026-07-23
"352";"Empleo ( promedio móvil trimestral, miles de personas )";"2023-3-1";9006,1;2023;3;2026-07-23
"353";"Empleo ( promedio móvil trimestral, miles de personas )";"2023-4-1";9006,7;2023;4;2026-07-23
"354";"Empleo ( promedio móvil trimestral, miles de personas )";"2023-5-1";9034,2;2023;5;2026-07-23
"355";"Empleo ( promedio móvil trimestral, miles de personas )";"2023-6-1";9035,1;2023;6;2026-07-23
"356";"Empleo ( promedio móvil trimestral, miles de personas )";"2023-7-1";9028,6;2023;7;2026-07-23
"357";"Empleo ( promedio móvil trimestral, miles de personas )";"2023-8-1";9005,4;2023;8;2026-07-23
"358";"Empleo ( promedio móvil trimestral, miles de personas )";"2023-9-1";9023,5;2023;9;2026-07-23
"359";"Empleo ( promedio móvil trimestral, miles de personas )";"2023-10-1";9053;2023;10;2026-07-23
"360";"Empleo ( promedio móvil trimestral, miles de personas )";"2023-11-1";9138,4;2023;11;2026-07-23
"361";"Empleo ( promedio móvil trimestral, miles de personas )";"2023-12-1";9223,1;2023;12;2026-07-23
"362";"Empleo ( promedio móvil trimestral, miles de personas )";"2024-1-1";9273,4;2024;1;2026-07-23
"363";"Empleo ( promedio móvil trimestral, miles de personas )";"2024-2-1";9309,6;2024;2;2026-07-23
"364";"Empleo ( promedio móvil trimestral, miles de personas )";"2024-3-1";9308,7;2024;3;2026-07-23
"365";"Empleo ( promedio móvil trimestral, miles de personas )";"2024-4-1";9339,3;2024;4;2026-07-23
"366";"Empleo ( promedio móvil trimestral, miles de personas )";"2024-5-1";9331,6;2024;5;2026-07-23
"367";"Empleo ( promedio móvil trimestral, miles de personas )";"2024-6-1";9321,4;2024;6;2026-07-23
"368";"Empleo ( promedio móvil trimestral, miles de personas )";"2024-7-1";9257,5;2024;7;2026-07-23
"369";"Empleo ( promedio móvil trimestral, miles de personas )";"2024-8-1";9235,1;2024;8;2026-07-23
"370";"Empleo ( promedio móvil trimestral, miles de personas )";"2024-9-1";9243,4;2024;9;2026-07-23
"371";"Empleo ( promedio móvil trimestral, miles de personas )";"2024-10-1";9249;2024;10;2026-07-23
"372";"Empleo ( promedio móvil trimestral, miles de personas )";"2024-11-1";9286;2024;11;2026-07-23
"373";"Empleo ( promedio móvil trimestral, miles de personas )";"2024-12-1";9306,1;2024;12;2026-07-23
"374";"Empleo ( promedio móvil trimestral, miles de personas )";"2025-1-1";9394,1;2025;1;2026-07-23
"375";"Empleo ( promedio móvil trimestral, miles de personas )";"2025-2-1";9396,9;2025;2;2026-07-23
"376";"Empleo ( promedio móvil trimestral, miles de personas )";"2025-3-1";9388,8;2025;3;2026-07-23
"377";"Empleo ( promedio móvil trimestral, miles de personas )";"2025-4-1";9359,3;2025;4;2026-07-23
"378";"Empleo ( promedio móvil trimestral, miles de personas )";"2025-5-1";9346,2;2025;5;2026-07-23
"379";"Empleo ( promedio móvil trimestral, miles de personas )";"2025-6-1";9321,5;2025;6;2026-07-23
"380";"Empleo ( promedio móvil trimestral, miles de personas )";"2025-7-1";9330,3;2025;7;2026-07-23
"381";"Empleo ( promedio móvil trimestral, miles de personas )";"2025-8-1";9355,1;2025;8;2026-07-23
"382";"Empleo ( promedio móvil trimestral, miles de personas )";"2025-9-1";9377,6;2025;9;2026-07-23
"383";"Empleo ( promedio móvil trimestral, miles de personas )";"2025-10-1";9386,4;2025;10;2026-07-23
"384";"Empleo ( promedio móvil trimestral, miles de personas )";"2025-11-1";9401,6;2025;11;2026-07-23
"385";"Empleo ( promedio móvil trimestral, miles de personas )";"2025-12-1";9473,3;2025;12;2026-07-23
"386";"Empleo ( promedio móvil trimestral, miles de personas )";"2026-1-1";9503,1;2026;1;2026-07-23
"387";"Empleo ( promedio móvil trimestral, miles de personas )";"2026-2-1";9491,6;2026;2;2026-07-23
"388";"Empleo ( promedio móvil trimestral, miles de personas )";"2026-3-1";9434,2;2026;3;2026-07-23
"389";"Empleo ( promedio móvil trimestral, miles de personas )";"2026-4-1";9427,6;2026;4;2026-07-23
"390";"Empleo ( promedio móvil trimestral, miles de personas )";"2026-5-1";9416,4;2026;5;2026-07-23
"391";"Tasa  de  desempleo  (porcentaje)";"2010-3-1";9,2;2010;3;2026-07-23
"392";"Tasa  de  desempleo  (porcentaje)";"2010-4-1";8,8;2010;4;2026-07-23
"393";"Tasa  de  desempleo  (porcentaje)";"2010-5-1";9,1;2010;5;2026-07-23
"394";"Tasa  de  desempleo  (porcentaje)";"2010-6-1";8,7;2010;6;2026-07-23
"395";"Tasa  de  desempleo  (porcentaje)";"2010-7-1";8,5;2010;7;2026-07-23
"396";"Tasa  de  desempleo  (porcentaje)";"2010-8-1";8,4;2010;8;2026-07-23
"397";"Tasa  de  desempleo  (porcentaje)";"2010-9-1";8,1;2010;9;2026-07-23
"398";"Tasa  de  desempleo  (porcentaje)";"2010-10-1";7,8;2010;10;2026-07-23
"399";"Tasa  de  desempleo  (porcentaje)";"2010-11-1";7,2;2010;11;2026-07-23
"400";"Tasa  de  desempleo  (porcentaje)";"2010-12-1";7,2;2010;12;2026-07-23
"401";"Tasa  de  desempleo  (porcentaje)";"2011-1-1";7,4;2011;1;2026-07-23
"402";"Tasa  de  desempleo  (porcentaje)";"2011-2-1";7,4;2011;2;2026-07-23
"403";"Tasa  de  desempleo  (porcentaje)";"2011-3-1";7,5;2011;3;2026-07-23
"404";"Tasa  de  desempleo  (porcentaje)";"2011-4-1";7,2;2011;4;2026-07-23
"405";"Tasa  de  desempleo  (porcentaje)";"2011-5-1";7,3;2011;5;2026-07-23
"406";"Tasa  de  desempleo  (porcentaje)";"2011-6-1";7,2;2011;6;2026-07-23
"407";"Tasa  de  desempleo  (porcentaje)";"2011-7-1";7,6;2011;7;2026-07-23
"408";"Tasa  de  desempleo  (porcentaje)";"2011-8-1";7,5;2011;8;2026-07-23
"409";"Tasa  de  desempleo  (porcentaje)";"2011-9-1";7,6;2011;9;2026-07-23
"410";"Tasa  de  desempleo  (porcentaje)";"2011-10-1";7,4;2011;10;2026-07-23
"411";"Tasa  de  desempleo  (porcentaje)";"2011-11-1";7,3;2011;11;2026-07-23
"412";"Tasa  de  desempleo  (porcentaje)";"2011-12-1";6,8;2011;12;2026-07-23
"413";"Tasa  de  desempleo  (porcentaje)";"2012-1-1";6,9;2012;1;2026-07-23
"414";"Tasa  de  desempleo  (porcentaje)";"2012-2-1";6,5;2012;2;2026-07-23
"415";"Tasa  de  desempleo  (porcentaje)";"2012-3-1";6,8;2012;3;2026-07-23
"416";"Tasa  de  desempleo  (porcentaje)";"2012-4-1";6,8;2012;4;2026-07-23
"417";"Tasa  de  desempleo  (porcentaje)";"2012-5-1";6,9;2012;5;2026-07-23
"418";"Tasa  de  desempleo  (porcentaje)";"2012-6-1";6,8;2012;6;2026-07-23
"419";"Tasa  de  desempleo  (porcentaje)";"2012-7-1";6,7;2012;7;2026-07-23
"420";"Tasa  de  desempleo  (porcentaje)";"2012-8-1";6,5;2012;8;2026-07-23
"421";"Tasa  de  desempleo  (porcentaje)";"2012-9-1";6,6;2012;9;2026-07-23
"422";"Tasa  de  desempleo  (porcentaje)";"2012-10-1";6,7;2012;10;2026-07-23
"423";"Tasa  de  desempleo  (porcentaje)";"2012-11-1";6,4;2012;11;2026-07-23
"424";"Tasa  de  desempleo  (porcentaje)";"2012-12-1";6,2;2012;12;2026-07-23
"425";"Tasa  de  desempleo  (porcentaje)";"2013-1-1";6,1;2013;1;2026-07-23
"426";"Tasa  de  desempleo  (porcentaje)";"2013-2-1";6,4;2013;2;2026-07-23
"427";"Tasa  de  desempleo  (porcentaje)";"2013-3-1";6,4;2013;3;2026-07-23
"428";"Tasa  de  desempleo  (porcentaje)";"2013-4-1";6,5;2013;4;2026-07-23
"429";"Tasa  de  desempleo  (porcentaje)";"2013-5-1";6,5;2013;5;2026-07-23
"430";"Tasa  de  desempleo  (porcentaje)";"2013-6-1";6,3;2013;6;2026-07-23
"431";"Tasa  de  desempleo  (porcentaje)";"2013-7-1";5,9;2013;7;2026-07-23
"432";"Tasa  de  desempleo  (porcentaje)";"2013-8-1";5,8;2013;8;2026-07-23
"433";"Tasa  de  desempleo  (porcentaje)";"2013-9-1";5,9;2013;9;2026-07-23
"434";"Tasa  de  desempleo  (porcentaje)";"2013-10-1";6;2013;10;2026-07-23
"435";"Tasa  de  desempleo  (porcentaje)";"2013-11-1";5,9;2013;11;2026-07-23
"436";"Tasa  de  desempleo  (porcentaje)";"2013-12-1";5,8;2013;12;2026-07-23
"437";"Tasa  de  desempleo  (porcentaje)";"2014-1-1";6,2;2014;1;2026-07-23
"438";"Tasa  de  desempleo  (porcentaje)";"2014-2-1";6,2;2014;2;2026-07-23
"439";"Tasa  de  desempleo  (porcentaje)";"2014-3-1";6,5;2014;3;2026-07-23
"440";"Tasa  de  desempleo  (porcentaje)";"2014-4-1";6,1;2014;4;2026-07-23
"441";"Tasa  de  desempleo  (porcentaje)";"2014-5-1";6,3;2014;5;2026-07-23
"442";"Tasa  de  desempleo  (porcentaje)";"2014-6-1";6,5;2014;6;2026-07-23
"443";"Tasa  de  desempleo  (porcentaje)";"2014-7-1";6,6;2014;7;2026-07-23
"444";"Tasa  de  desempleo  (porcentaje)";"2014-8-1";6,8;2014;8;2026-07-23
"445";"Tasa  de  desempleo  (porcentaje)";"2014-9-1";6,8;2014;9;2026-07-23
"446";"Tasa  de  desempleo  (porcentaje)";"2014-10-1";6,6;2014;10;2026-07-23
"447";"Tasa  de  desempleo  (porcentaje)";"2014-11-1";6,2;2014;11;2026-07-23
"448";"Tasa  de  desempleo  (porcentaje)";"2014-12-1";6,2;2014;12;2026-07-23
"449";"Tasa  de  desempleo  (porcentaje)";"2015-1-1";6,2;2015;1;2026-07-23
"450";"Tasa  de  desempleo  (porcentaje)";"2015-2-1";6,2;2015;2;2026-07-23
"451";"Tasa  de  desempleo  (porcentaje)";"2015-3-1";6,2;2015;3;2026-07-23
"452";"Tasa  de  desempleo  (porcentaje)";"2015-4-1";6,4;2015;4;2026-07-23
"453";"Tasa  de  desempleo  (porcentaje)";"2015-5-1";6,8;2015;5;2026-07-23
"454";"Tasa  de  desempleo  (porcentaje)";"2015-6-1";6,7;2015;6;2026-07-23
"455";"Tasa  de  desempleo  (porcentaje)";"2015-7-1";6,7;2015;7;2026-07-23
"456";"Tasa  de  desempleo  (porcentaje)";"2015-8-1";6,6;2015;8;2026-07-23
"457";"Tasa  de  desempleo  (porcentaje)";"2015-9-1";6,5;2015;9;2026-07-23
"458";"Tasa  de  desempleo  (porcentaje)";"2015-10-1";6,4;2015;10;2026-07-23
"459";"Tasa  de  desempleo  (porcentaje)";"2015-11-1";6,2;2015;11;2026-07-23
"460";"Tasa  de  desempleo  (porcentaje)";"2015-12-1";5,9;2015;12;2026-07-23
"461";"Tasa  de  desempleo  (porcentaje)";"2016-1-1";5,9;2016;1;2026-07-23
"462";"Tasa  de  desempleo  (porcentaje)";"2016-2-1";6;2016;2;2026-07-23
"463";"Tasa  de  desempleo  (porcentaje)";"2016-3-1";6,5;2016;3;2026-07-23
"464";"Tasa  de  desempleo  (porcentaje)";"2016-4-1";6,6;2016;4;2026-07-23
"465";"Tasa  de  desempleo  (porcentaje)";"2016-5-1";7;2016;5;2026-07-23
"466";"Tasa  de  desempleo  (porcentaje)";"2016-6-1";7;2016;6;2026-07-23
"467";"Tasa  de  desempleo  (porcentaje)";"2016-7-1";7,3;2016;7;2026-07-23
"468";"Tasa  de  desempleo  (porcentaje)";"2016-8-1";7,1;2016;8;2026-07-23
"469";"Tasa  de  desempleo  (porcentaje)";"2016-9-1";7;2016;9;2026-07-23
"470";"Tasa  de  desempleo  (porcentaje)";"2016-10-1";6,7;2016;10;2026-07-23
"471";"Tasa  de  desempleo  (porcentaje)";"2016-11-1";6,4;2016;11;2026-07-23
"472";"Tasa  de  desempleo  (porcentaje)";"2016-12-1";6,2;2016;12;2026-07-23
"473";"Tasa  de  desempleo  (porcentaje)";"2017-1-1";6,4;2017;1;2026-07-23
"474";"Tasa  de  desempleo  (porcentaje)";"2017-2-1";6,8;2017;2;2026-07-23
"475";"Tasa  de  desempleo  (porcentaje)";"2017-3-1";7;2017;3;2026-07-23
"476";"Tasa  de  desempleo  (porcentaje)";"2017-4-1";7,1;2017;4;2026-07-23
"477";"Tasa  de  desempleo  (porcentaje)";"2017-5-1";7,3;2017;5;2026-07-23
"478";"Tasa  de  desempleo  (porcentaje)";"2017-6-1";7,3;2017;6;2026-07-23
"479";"Tasa  de  desempleo  (porcentaje)";"2017-7-1";7,2;2017;7;2026-07-23
"480";"Tasa  de  desempleo  (porcentaje)";"2017-8-1";6,9;2017;8;2026-07-23
"481";"Tasa  de  desempleo  (porcentaje)";"2017-9-1";7;2017;9;2026-07-23
"482";"Tasa  de  desempleo  (porcentaje)";"2017-10-1";7;2017;10;2026-07-23
"483";"Tasa  de  desempleo  (porcentaje)";"2017-11-1";6,7;2017;11;2026-07-23
"484";"Tasa  de  desempleo  (porcentaje)";"2017-12-1";6,5;2017;12;2026-07-23
"485";"Tasa  de  desempleo  (porcentaje)";"2018-1-1";6,8;2018;1;2026-07-23
"486";"Tasa  de  desempleo  (porcentaje)";"2018-2-1";7;2018;2;2026-07-23
"487";"Tasa  de  desempleo  (porcentaje)";"2018-3-1";7,4;2018;3;2026-07-23
"488";"Tasa  de  desempleo  (porcentaje)";"2018-4-1";7;2018;4;2026-07-23
"489";"Tasa  de  desempleo  (porcentaje)";"2018-5-1";7,4;2018;5;2026-07-23
"490";"Tasa  de  desempleo  (porcentaje)";"2018-6-1";7,5;2018;6;2026-07-23
"491";"Tasa  de  desempleo  (porcentaje)";"2018-7-1";7,9;2018;7;2026-07-23
"492";"Tasa  de  desempleo  (porcentaje)";"2018-8-1";7,7;2018;8;2026-07-23
"493";"Tasa  de  desempleo  (porcentaje)";"2018-9-1";7,5;2018;9;2026-07-23
"494";"Tasa  de  desempleo  (porcentaje)";"2018-10-1";7,4;2018;10;2026-07-23
"495";"Tasa  de  desempleo  (porcentaje)";"2018-11-1";7,3;2018;11;2026-07-23
"496";"Tasa  de  desempleo  (porcentaje)";"2018-12-1";7,1;2018;12;2026-07-23
"497";"Tasa  de  desempleo  (porcentaje)";"2019-1-1";7,1;2019;1;2026-07-23
"498";"Tasa  de  desempleo  (porcentaje)";"2019-2-1";7;2019;2;2026-07-23
"499";"Tasa  de  desempleo  (porcentaje)";"2019-3-1";7,2;2019;3;2026-07-23
"500";"Tasa  de  desempleo  (porcentaje)";"2019-4-1";7,1;2019;4;2026-07-23
"501";"Tasa  de  desempleo  (porcentaje)";"2019-5-1";7,2;2019;5;2026-07-23
"502";"Tasa  de  desempleo  (porcentaje)";"2019-6-1";7,3;2019;6;2026-07-23
"503";"Tasa  de  desempleo  (porcentaje)";"2019-7-1";7,5;2019;7;2026-07-23
"504";"Tasa  de  desempleo  (porcentaje)";"2019-8-1";7,6;2019;8;2026-07-23
"505";"Tasa  de  desempleo  (porcentaje)";"2019-9-1";7,3;2019;9;2026-07-23
"506";"Tasa  de  desempleo  (porcentaje)";"2019-10-1";7,1;2019;10;2026-07-23
"507";"Tasa  de  desempleo  (porcentaje)";"2019-11-1";7;2019;11;2026-07-23
"508";"Tasa  de  desempleo  (porcentaje)";"2019-12-1";7,1;2019;12;2026-07-23
"509";"Tasa  de  desempleo  (porcentaje)";"2020-1-1";7,4;2020;1;2026-07-23
"510";"Tasa  de  desempleo  (porcentaje)";"2020-2-1";7,8;2020;2;2026-07-23
"511";"Tasa  de  desempleo  (porcentaje)";"2020-3-1";8,2;2020;3;2026-07-23
"512";"Tasa  de  desempleo  (porcentaje)";"2020-4-1";9;2020;4;2026-07-23
"513";"Tasa  de  desempleo  (porcentaje)";"2020-5-1";11,2;2020;5;2026-07-23
"514";"Tasa  de  desempleo  (porcentaje)";"2020-6-1";12,2;2020;6;2026-07-23
"515";"Tasa  de  desempleo  (porcentaje)";"2020-7-1";13,1;2020;7;2026-07-23
"516";"Tasa  de  desempleo  (porcentaje)";"2020-8-1";12,9;2020;8;2026-07-23
"517";"Tasa  de  desempleo  (porcentaje)";"2020-9-1";12,3;2020;9;2026-07-23
"518";"Tasa  de  desempleo  (porcentaje)";"2020-10-1";11,6;2020;10;2026-07-23
"519";"Tasa  de  desempleo  (porcentaje)";"2020-11-1";10,8;2020;11;2026-07-23
"520";"Tasa  de  desempleo  (porcentaje)";"2020-12-1";10,3;2020;12;2026-07-23
"521";"Tasa  de  desempleo  (porcentaje)";"2021-1-1";10,2;2021;1;2026-07-23
"522";"Tasa  de  desempleo  (porcentaje)";"2021-2-1";10,3;2021;2;2026-07-23
"523";"Tasa  de  desempleo  (porcentaje)";"2021-3-1";10,4;2021;3;2026-07-23
"524";"Tasa  de  desempleo  (porcentaje)";"2021-4-1";10,2;2021;4;2026-07-23
"525";"Tasa  de  desempleo  (porcentaje)";"2021-5-1";10;2021;5;2026-07-23
"526";"Tasa  de  desempleo  (porcentaje)";"2021-6-1";9,5;2021;6;2026-07-23
"527";"Tasa  de  desempleo  (porcentaje)";"2021-7-1";8,9;2021;7;2026-07-23
"528";"Tasa  de  desempleo  (porcentaje)";"2021-8-1";8,5;2021;8;2026-07-23
"529";"Tasa  de  desempleo  (porcentaje)";"2021-9-1";8,4;2021;9;2026-07-23
"530";"Tasa  de  desempleo  (porcentaje)";"2021-10-1";8,1;2021;10;2026-07-23
"531";"Tasa  de  desempleo  (porcentaje)";"2021-11-1";7,5;2021;11;2026-07-23
"532";"Tasa  de  desempleo  (porcentaje)";"2021-12-1";7,2;2021;12;2026-07-23
"533";"Tasa  de  desempleo  (porcentaje)";"2022-1-1";7,3;2022;1;2026-07-23
"534";"Tasa  de  desempleo  (porcentaje)";"2022-2-1";7,5;2022;2;2026-07-23
"535";"Tasa  de  desempleo  (porcentaje)";"2022-3-1";7,8;2022;3;2026-07-23
"536";"Tasa  de  desempleo  (porcentaje)";"2022-4-1";7,7;2022;4;2026-07-23
"537";"Tasa  de  desempleo  (porcentaje)";"2022-5-1";7,8;2022;5;2026-07-23
"538";"Tasa  de  desempleo  (porcentaje)";"2022-6-1";7,8;2022;6;2026-07-23
"539";"Tasa  de  desempleo  (porcentaje)";"2022-7-1";7,9;2022;7;2026-07-23
"540";"Tasa  de  desempleo  (porcentaje)";"2022-8-1";7,9;2022;8;2026-07-23
"541";"Tasa  de  desempleo  (porcentaje)";"2022-9-1";8;2022;9;2026-07-23
"542";"Tasa  de  desempleo  (porcentaje)";"2022-10-1";8;2022;10;2026-07-23
"543";"Tasa  de  desempleo  (porcentaje)";"2022-11-1";7,9;2022;11;2026-07-23
"544";"Tasa  de  desempleo  (porcentaje)";"2022-12-1";7,9;2022;12;2026-07-23
"545";"Tasa  de  desempleo  (porcentaje)";"2023-1-1";8;2023;1;2026-07-23
"546";"Tasa  de  desempleo  (porcentaje)";"2023-2-1";8,4;2023;2;2026-07-23
"547";"Tasa  de  desempleo  (porcentaje)";"2023-3-1";8,8;2023;3;2026-07-23
"548";"Tasa  de  desempleo  (porcentaje)";"2023-4-1";8,7;2023;4;2026-07-23
"549";"Tasa  de  desempleo  (porcentaje)";"2023-5-1";8,5;2023;5;2026-07-23
"550";"Tasa  de  desempleo  (porcentaje)";"2023-6-1";8,5;2023;6;2026-07-23
"551";"Tasa  de  desempleo  (porcentaje)";"2023-7-1";8,8;2023;7;2026-07-23
"552";"Tasa  de  desempleo  (porcentaje)";"2023-8-1";9;2023;8;2026-07-23
"553";"Tasa  de  desempleo  (porcentaje)";"2023-9-1";8,9;2023;9;2026-07-23
"554";"Tasa  de  desempleo  (porcentaje)";"2023-10-1";8,9;2023;10;2026-07-23
"555";"Tasa  de  desempleo  (porcentaje)";"2023-11-1";8,7;2023;11;2026-07-23
"556";"Tasa  de  desempleo  (porcentaje)";"2023-12-1";8,5;2023;12;2026-07-23
"557";"Tasa  de  desempleo  (porcentaje)";"2024-1-1";8,4;2024;1;2026-07-23
"558";"Tasa  de  desempleo  (porcentaje)";"2024-2-1";8,5;2024;2;2026-07-23
"559";"Tasa  de  desempleo  (porcentaje)";"2024-3-1";8,7;2024;3;2026-07-23
"560";"Tasa  de  desempleo  (porcentaje)";"2024-4-1";8,5;2024;4;2026-07-23
"561";"Tasa  de  desempleo  (porcentaje)";"2024-5-1";8,3;2024;5;2026-07-23
"562";"Tasa  de  desempleo  (porcentaje)";"2024-6-1";8,3;2024;6;2026-07-23
"563";"Tasa  de  desempleo  (porcentaje)";"2024-7-1";8,7;2024;7;2026-07-23
"564";"Tasa  de  desempleo  (porcentaje)";"2024-8-1";8,9;2024;8;2026-07-23
"565";"Tasa  de  desempleo  (porcentaje)";"2024-9-1";8,7;2024;9;2026-07-23
"566";"Tasa  de  desempleo  (porcentaje)";"2024-10-1";8,6;2024;10;2026-07-23
"567";"Tasa  de  desempleo  (porcentaje)";"2024-11-1";8,2;2024;11;2026-07-23
"568";"Tasa  de  desempleo  (porcentaje)";"2024-12-1";8,1;2024;12;2026-07-23
"569";"Tasa  de  desempleo  (porcentaje)";"2025-1-1";8;2025;1;2026-07-23
"570";"Tasa  de  desempleo  (porcentaje)";"2025-2-1";8,4;2025;2;2026-07-23
"571";"Tasa  de  desempleo  (porcentaje)";"2025-3-1";8,7;2025;3;2026-07-23
"572";"Tasa  de  desempleo  (porcentaje)";"2025-4-1";8,8;2025;4;2026-07-23
"573";"Tasa  de  desempleo  (porcentaje)";"2025-5-1";8,9;2025;5;2026-07-23
"574";"Tasa  de  desempleo  (porcentaje)";"2025-6-1";8,9;2025;6;2026-07-23
"575";"Tasa  de  desempleo  (porcentaje)";"2025-7-1";8,7;2025;7;2026-07-23
"576";"Tasa  de  desempleo  (porcentaje)";"2025-8-1";8,6;2025;8;2026-07-23
"577";"Tasa  de  desempleo  (porcentaje)";"2025-9-1";8,5;2025;9;2026-07-23
"578";"Tasa  de  desempleo  (porcentaje)";"2025-10-1";8,4;2025;10;2026-07-23
"579";"Tasa  de  desempleo  (porcentaje)";"2025-11-1";8,4;2025;11;2026-07-23
"580";"Tasa  de  desempleo  (porcentaje)";"2025-12-1";8;2025;12;2026-07-23
"581";"Tasa  de  desempleo  (porcentaje)";"2026-1-1";8,3;2026;1;2026-07-23
"582";"Tasa  de  desempleo  (porcentaje)";"2026-2-1";8,3;2026;2;2026-07-23
"583";"Tasa  de  desempleo  (porcentaje)";"2026-3-1";8,9;2026;3;2026-07-23
"584";"Tasa  de  desempleo  (porcentaje)";"2026-4-1";9,1;2026;4;2026-07-23
"585";"Tasa  de  desempleo  (porcentaje)";"2026-5-1";9,4;2026;5;2026-07-23
=======
"1";"Fuerza de trabajo ( promedio móvil trimestral, miles de personas )";"2010-3-1";7883,7;2010;3;2026-08-29
"2";"Fuerza de trabajo ( promedio móvil trimestral, miles de personas )";"2010-4-1";7896,5;2010;4;2026-08-29
"3";"Fuerza de trabajo ( promedio móvil trimestral, miles de personas )";"2010-5-1";7899,8;2010;5;2026-08-29
"4";"Fuerza de trabajo ( promedio móvil trimestral, miles de personas )";"2010-6-1";7905,9;2010;6;2026-08-29
"5";"Fuerza de trabajo ( promedio móvil trimestral, miles de personas )";"2010-7-1";7931,6;2010;7;2026-08-29
"6";"Fuerza de trabajo ( promedio móvil trimestral, miles de personas )";"2010-8-1";7960,8;2010;8;2026-08-29
"7";"Fuerza de trabajo ( promedio móvil trimestral, miles de personas )";"2010-9-1";8042,9;2010;9;2026-08-29
"8";"Fuerza de trabajo ( promedio móvil trimestral, miles de personas )";"2010-10-1";8043;2010;10;2026-08-29
"9";"Fuerza de trabajo ( promedio móvil trimestral, miles de personas )";"2010-11-1";8087,4;2010;11;2026-08-29
"10";"Fuerza de trabajo ( promedio móvil trimestral, miles de personas )";"2010-12-1";8160,7;2010;12;2026-08-29
"11";"Fuerza de trabajo ( promedio móvil trimestral, miles de personas )";"2011-1-1";8227,8;2011;1;2026-08-29
"12";"Fuerza de trabajo ( promedio móvil trimestral, miles de personas )";"2011-2-1";8233,9;2011;2;2026-08-29
"13";"Fuerza de trabajo ( promedio móvil trimestral, miles de personas )";"2011-3-1";8246,4;2011;3;2026-08-29
"14";"Fuerza de trabajo ( promedio móvil trimestral, miles de personas )";"2011-4-1";8250;2011;4;2026-08-29
"15";"Fuerza de trabajo ( promedio móvil trimestral, miles de personas )";"2011-5-1";8269,6;2011;5;2026-08-29
"16";"Fuerza de trabajo ( promedio móvil trimestral, miles de personas )";"2011-6-1";8296,9;2011;6;2026-08-29
"17";"Fuerza de trabajo ( promedio móvil trimestral, miles de personas )";"2011-7-1";8285,2;2011;7;2026-08-29
"18";"Fuerza de trabajo ( promedio móvil trimestral, miles de personas )";"2011-8-1";8308,5;2011;8;2026-08-29
"19";"Fuerza de trabajo ( promedio móvil trimestral, miles de personas )";"2011-9-1";8323,2;2011;9;2026-08-29
"20";"Fuerza de trabajo ( promedio móvil trimestral, miles de personas )";"2011-10-1";8322;2011;10;2026-08-29
"21";"Fuerza de trabajo ( promedio móvil trimestral, miles de personas )";"2011-11-1";8327,4;2011;11;2026-08-29
"22";"Fuerza de trabajo ( promedio móvil trimestral, miles de personas )";"2011-12-1";8356,4;2011;12;2026-08-29
"23";"Fuerza de trabajo ( promedio móvil trimestral, miles de personas )";"2012-1-1";8391,7;2012;1;2026-08-29
"24";"Fuerza de trabajo ( promedio móvil trimestral, miles de personas )";"2012-2-1";8424;2012;2;2026-08-29
"25";"Fuerza de trabajo ( promedio móvil trimestral, miles de personas )";"2012-3-1";8416,9;2012;3;2026-08-29
"26";"Fuerza de trabajo ( promedio móvil trimestral, miles de personas )";"2012-4-1";8420;2012;4;2026-08-29
"27";"Fuerza de trabajo ( promedio móvil trimestral, miles de personas )";"2012-5-1";8423;2012;5;2026-08-29
"28";"Fuerza de trabajo ( promedio móvil trimestral, miles de personas )";"2012-6-1";8388,4;2012;6;2026-08-29
"29";"Fuerza de trabajo ( promedio móvil trimestral, miles de personas )";"2012-7-1";8367,1;2012;7;2026-08-29
"30";"Fuerza de trabajo ( promedio móvil trimestral, miles de personas )";"2012-8-1";8356,3;2012;8;2026-08-29
"31";"Fuerza de trabajo ( promedio móvil trimestral, miles de personas )";"2012-9-1";8428,3;2012;9;2026-08-29
"32";"Fuerza de trabajo ( promedio móvil trimestral, miles de personas )";"2012-10-1";8455,5;2012;10;2026-08-29
"33";"Fuerza de trabajo ( promedio móvil trimestral, miles de personas )";"2012-11-1";8462,8;2012;11;2026-08-29
"34";"Fuerza de trabajo ( promedio móvil trimestral, miles de personas )";"2012-12-1";8480,1;2012;12;2026-08-29
"35";"Fuerza de trabajo ( promedio móvil trimestral, miles de personas )";"2013-1-1";8520;2013;1;2026-08-29
"36";"Fuerza de trabajo ( promedio móvil trimestral, miles de personas )";"2013-2-1";8535,7;2013;2;2026-08-29
"37";"Fuerza de trabajo ( promedio móvil trimestral, miles de personas )";"2013-3-1";8539,4;2013;3;2026-08-29
"38";"Fuerza de trabajo ( promedio móvil trimestral, miles de personas )";"2013-4-1";8580,1;2013;4;2026-08-29
"39";"Fuerza de trabajo ( promedio móvil trimestral, miles de personas )";"2013-5-1";8579,5;2013;5;2026-08-29
"40";"Fuerza de trabajo ( promedio móvil trimestral, miles de personas )";"2013-6-1";8538,8;2013;6;2026-08-29
"41";"Fuerza de trabajo ( promedio móvil trimestral, miles de personas )";"2013-7-1";8486,1;2013;7;2026-08-29
"42";"Fuerza de trabajo ( promedio móvil trimestral, miles de personas )";"2013-8-1";8506,1;2013;8;2026-08-29
"43";"Fuerza de trabajo ( promedio móvil trimestral, miles de personas )";"2013-9-1";8509,5;2013;9;2026-08-29
"44";"Fuerza de trabajo ( promedio móvil trimestral, miles de personas )";"2013-10-1";8537,8;2013;10;2026-08-29
"45";"Fuerza de trabajo ( promedio móvil trimestral, miles de personas )";"2013-11-1";8569,7;2013;11;2026-08-29
"46";"Fuerza de trabajo ( promedio móvil trimestral, miles de personas )";"2013-12-1";8649,5;2013;12;2026-08-29
"47";"Fuerza de trabajo ( promedio móvil trimestral, miles de personas )";"2014-1-1";8714;2014;1;2026-08-29
"48";"Fuerza de trabajo ( promedio móvil trimestral, miles de personas )";"2014-2-1";8743,7;2014;2;2026-08-29
"49";"Fuerza de trabajo ( promedio móvil trimestral, miles de personas )";"2014-3-1";8722,9;2014;3;2026-08-29
"50";"Fuerza de trabajo ( promedio móvil trimestral, miles de personas )";"2014-4-1";8716,9;2014;4;2026-08-29
"51";"Fuerza de trabajo ( promedio móvil trimestral, miles de personas )";"2014-5-1";8706,6;2014;5;2026-08-29
"52";"Fuerza de trabajo ( promedio móvil trimestral, miles de personas )";"2014-6-1";8686,6;2014;6;2026-08-29
"53";"Fuerza de trabajo ( promedio móvil trimestral, miles de personas )";"2014-7-1";8655,8;2014;7;2026-08-29
"54";"Fuerza de trabajo ( promedio móvil trimestral, miles de personas )";"2014-8-1";8633,9;2014;8;2026-08-29
"55";"Fuerza de trabajo ( promedio móvil trimestral, miles de personas )";"2014-9-1";8675,2;2014;9;2026-08-29
"56";"Fuerza de trabajo ( promedio móvil trimestral, miles de personas )";"2014-10-1";8709,6;2014;10;2026-08-29
"57";"Fuerza de trabajo ( promedio móvil trimestral, miles de personas )";"2014-11-1";8751,6;2014;11;2026-08-29
"58";"Fuerza de trabajo ( promedio móvil trimestral, miles de personas )";"2014-12-1";8795,4;2014;12;2026-08-29
"59";"Fuerza de trabajo ( promedio móvil trimestral, miles de personas )";"2015-1-1";8807,6;2015;1;2026-08-29
"60";"Fuerza de trabajo ( promedio móvil trimestral, miles de personas )";"2015-2-1";8810,7;2015;2;2026-08-29
"61";"Fuerza de trabajo ( promedio móvil trimestral, miles de personas )";"2015-3-1";8779;2015;3;2026-08-29
"62";"Fuerza de trabajo ( promedio móvil trimestral, miles de personas )";"2015-4-1";8788,9;2015;4;2026-08-29
"63";"Fuerza de trabajo ( promedio móvil trimestral, miles de personas )";"2015-5-1";8806,4;2015;5;2026-08-29
"64";"Fuerza de trabajo ( promedio móvil trimestral, miles de personas )";"2015-6-1";8802,8;2015;6;2026-08-29
"65";"Fuerza de trabajo ( promedio móvil trimestral, miles de personas )";"2015-7-1";8810,4;2015;7;2026-08-29
"66";"Fuerza de trabajo ( promedio móvil trimestral, miles de personas )";"2015-8-1";8829,1;2015;8;2026-08-29
"67";"Fuerza de trabajo ( promedio móvil trimestral, miles de personas )";"2015-9-1";8883,4;2015;9;2026-08-29
"68";"Fuerza de trabajo ( promedio móvil trimestral, miles de personas )";"2015-10-1";8884,7;2015;10;2026-08-29
"69";"Fuerza de trabajo ( promedio móvil trimestral, miles de personas )";"2015-11-1";8909,4;2015;11;2026-08-29
"70";"Fuerza de trabajo ( promedio móvil trimestral, miles de personas )";"2015-12-1";8954,1;2015;12;2026-08-29
"71";"Fuerza de trabajo ( promedio móvil trimestral, miles de personas )";"2016-1-1";8983,7;2016;1;2026-08-29
"72";"Fuerza de trabajo ( promedio móvil trimestral, miles de personas )";"2016-2-1";8958,8;2016;2;2026-08-29
"73";"Fuerza de trabajo ( promedio móvil trimestral, miles de personas )";"2016-3-1";8940,9;2016;3;2026-08-29
"74";"Fuerza de trabajo ( promedio móvil trimestral, miles de personas )";"2016-4-1";8968,6;2016;4;2026-08-29
"75";"Fuerza de trabajo ( promedio móvil trimestral, miles de personas )";"2016-5-1";8981,5;2016;5;2026-08-29
"76";"Fuerza de trabajo ( promedio móvil trimestral, miles de personas )";"2016-6-1";8966,7;2016;6;2026-08-29
"77";"Fuerza de trabajo ( promedio móvil trimestral, miles de personas )";"2016-7-1";8989,5;2016;7;2026-08-29
"78";"Fuerza de trabajo ( promedio móvil trimestral, miles de personas )";"2016-8-1";8967,2;2016;8;2026-08-29
"79";"Fuerza de trabajo ( promedio móvil trimestral, miles de personas )";"2016-9-1";9012;2016;9;2026-08-29
"80";"Fuerza de trabajo ( promedio móvil trimestral, miles de personas )";"2016-10-1";8994,6;2016;10;2026-08-29
"81";"Fuerza de trabajo ( promedio móvil trimestral, miles de personas )";"2016-11-1";9046,4;2016;11;2026-08-29
"82";"Fuerza de trabajo ( promedio móvil trimestral, miles de personas )";"2016-12-1";9062,6;2016;12;2026-08-29
"83";"Fuerza de trabajo ( promedio móvil trimestral, miles de personas )";"2017-1-1";9115,1;2017;1;2026-08-29
"84";"Fuerza de trabajo ( promedio móvil trimestral, miles de personas )";"2017-2-1";9102;2017;2;2026-08-29
"85";"Fuerza de trabajo ( promedio móvil trimestral, miles de personas )";"2017-3-1";9127;2017;3;2026-08-29
"86";"Fuerza de trabajo ( promedio móvil trimestral, miles de personas )";"2017-4-1";9147,4;2017;4;2026-08-29
"87";"Fuerza de trabajo ( promedio móvil trimestral, miles de personas )";"2017-5-1";9210;2017;5;2026-08-29
"88";"Fuerza de trabajo ( promedio móvil trimestral, miles de personas )";"2017-6-1";9196,6;2017;6;2026-08-29
"89";"Fuerza de trabajo ( promedio móvil trimestral, miles de personas )";"2017-7-1";9201,4;2017;7;2026-08-29
"90";"Fuerza de trabajo ( promedio móvil trimestral, miles de personas )";"2017-8-1";9209,7;2017;8;2026-08-29
"91";"Fuerza de trabajo ( promedio móvil trimestral, miles de personas )";"2017-9-1";9260,9;2017;9;2026-08-29
"92";"Fuerza de trabajo ( promedio móvil trimestral, miles de personas )";"2017-10-1";9270,2;2017;10;2026-08-29
"93";"Fuerza de trabajo ( promedio móvil trimestral, miles de personas )";"2017-11-1";9338,7;2017;11;2026-08-29
"94";"Fuerza de trabajo ( promedio móvil trimestral, miles de personas )";"2017-12-1";9379,5;2017;12;2026-08-29
"95";"Fuerza de trabajo ( promedio móvil trimestral, miles de personas )";"2018-1-1";9438,1;2018;1;2026-08-29
"96";"Fuerza de trabajo ( promedio móvil trimestral, miles de personas )";"2018-2-1";9449,5;2018;2;2026-08-29
"97";"Fuerza de trabajo ( promedio móvil trimestral, miles de personas )";"2018-3-1";9456,6;2018;3;2026-08-29
"98";"Fuerza de trabajo ( promedio móvil trimestral, miles de personas )";"2018-4-1";9441,4;2018;4;2026-08-29
"99";"Fuerza de trabajo ( promedio móvil trimestral, miles de personas )";"2018-5-1";9465,3;2018;5;2026-08-29
"100";"Fuerza de trabajo ( promedio móvil trimestral, miles de personas )";"2018-6-1";9466,9;2018;6;2026-08-29
"101";"Fuerza de trabajo ( promedio móvil trimestral, miles de personas )";"2018-7-1";9451;2018;7;2026-08-29
"102";"Fuerza de trabajo ( promedio móvil trimestral, miles de personas )";"2018-8-1";9435,5;2018;8;2026-08-29
"103";"Fuerza de trabajo ( promedio móvil trimestral, miles de personas )";"2018-9-1";9414,2;2018;9;2026-08-29
"104";"Fuerza de trabajo ( promedio móvil trimestral, miles de personas )";"2018-10-1";9476,2;2018;10;2026-08-29
"105";"Fuerza de trabajo ( promedio móvil trimestral, miles de personas )";"2018-11-1";9525,4;2018;11;2026-08-29
"106";"Fuerza de trabajo ( promedio móvil trimestral, miles de personas )";"2018-12-1";9600,3;2018;12;2026-08-29
"107";"Fuerza de trabajo ( promedio móvil trimestral, miles de personas )";"2019-1-1";9613,3;2019;1;2026-08-29
"108";"Fuerza de trabajo ( promedio móvil trimestral, miles de personas )";"2019-2-1";9581,6;2019;2;2026-08-29
"109";"Fuerza de trabajo ( promedio móvil trimestral, miles de personas )";"2019-3-1";9571,7;2019;3;2026-08-29
"110";"Fuerza de trabajo ( promedio móvil trimestral, miles de personas )";"2019-4-1";9597,1;2019;4;2026-08-29
"111";"Fuerza de trabajo ( promedio móvil trimestral, miles de personas )";"2019-5-1";9621,1;2019;5;2026-08-29
"112";"Fuerza de trabajo ( promedio móvil trimestral, miles de personas )";"2019-6-1";9620,5;2019;6;2026-08-29
"113";"Fuerza de trabajo ( promedio móvil trimestral, miles de personas )";"2019-7-1";9638,1;2019;7;2026-08-29
"114";"Fuerza de trabajo ( promedio móvil trimestral, miles de personas )";"2019-8-1";9659,4;2019;8;2026-08-29
"115";"Fuerza de trabajo ( promedio móvil trimestral, miles de personas )";"2019-9-1";9712,7;2019;9;2026-08-29
"116";"Fuerza de trabajo ( promedio móvil trimestral, miles de personas )";"2019-10-1";9686;2019;10;2026-08-29
"117";"Fuerza de trabajo ( promedio móvil trimestral, miles de personas )";"2019-11-1";9722;2019;11;2026-08-29
"118";"Fuerza de trabajo ( promedio móvil trimestral, miles de personas )";"2019-12-1";9777,8;2019;12;2026-08-29
"119";"Fuerza de trabajo ( promedio móvil trimestral, miles de personas )";"2020-1-1";9848,7;2020;1;2026-08-29
"120";"Fuerza de trabajo ( promedio móvil trimestral, miles de personas )";"2020-2-1";9831,2;2020;2;2026-08-29
"121";"Fuerza de trabajo ( promedio móvil trimestral, miles de personas )";"2020-3-1";9744,2;2020;3;2026-08-29
"122";"Fuerza de trabajo ( promedio móvil trimestral, miles de personas )";"2020-4-1";9050,7;2020;4;2026-08-29
"123";"Fuerza de trabajo ( promedio móvil trimestral, miles de personas )";"2020-5-1";8390,9;2020;5;2026-08-29
"124";"Fuerza de trabajo ( promedio móvil trimestral, miles de personas )";"2020-6-1";8136,7;2020;6;2026-08-29
"125";"Fuerza de trabajo ( promedio móvil trimestral, miles de personas )";"2020-7-1";8138,6;2020;7;2026-08-29
"126";"Fuerza de trabajo ( promedio móvil trimestral, miles de personas )";"2020-8-1";8257,2;2020;8;2026-08-29
"127";"Fuerza de trabajo ( promedio móvil trimestral, miles de personas )";"2020-9-1";8402,6;2020;9;2026-08-29
"128";"Fuerza de trabajo ( promedio móvil trimestral, miles de personas )";"2020-10-1";8671,6;2020;10;2026-08-29
"129";"Fuerza de trabajo ( promedio móvil trimestral, miles de personas )";"2020-11-1";8871,1;2020;11;2026-08-29
"130";"Fuerza de trabajo ( promedio móvil trimestral, miles de personas )";"2020-12-1";8946,5;2020;12;2026-08-29
"131";"Fuerza de trabajo ( promedio móvil trimestral, miles de personas )";"2021-1-1";9046,6;2021;1;2026-08-29
"132";"Fuerza de trabajo ( promedio móvil trimestral, miles de personas )";"2021-2-1";9105,9;2021;2;2026-08-29
"133";"Fuerza de trabajo ( promedio móvil trimestral, miles de personas )";"2021-3-1";9089,3;2021;3;2026-08-29
"134";"Fuerza de trabajo ( promedio móvil trimestral, miles de personas )";"2021-4-1";9029,1;2021;4;2026-08-29
"135";"Fuerza de trabajo ( promedio móvil trimestral, miles de personas )";"2021-5-1";8938,3;2021;5;2026-08-29
"136";"Fuerza de trabajo ( promedio móvil trimestral, miles de personas )";"2021-6-1";8884,9;2021;6;2026-08-29
"137";"Fuerza de trabajo ( promedio móvil trimestral, miles de personas )";"2021-7-1";8948,3;2021;7;2026-08-29
"138";"Fuerza de trabajo ( promedio móvil trimestral, miles de personas )";"2021-8-1";9030,7;2021;8;2026-08-29
"139";"Fuerza de trabajo ( promedio móvil trimestral, miles de personas )";"2021-9-1";9111,1;2021;9;2026-08-29
"140";"Fuerza de trabajo ( promedio móvil trimestral, miles de personas )";"2021-10-1";9199,5;2021;10;2026-08-29
"141";"Fuerza de trabajo ( promedio móvil trimestral, miles de personas )";"2021-11-1";9255;2021;11;2026-08-29
"142";"Fuerza de trabajo ( promedio móvil trimestral, miles de personas )";"2021-12-1";9350,6;2021;12;2026-08-29
"143";"Fuerza de trabajo ( promedio móvil trimestral, miles de personas )";"2022-1-1";9396,1;2022;1;2026-08-29
"144";"Fuerza de trabajo ( promedio móvil trimestral, miles de personas )";"2022-2-1";9479,5;2022;2;2026-08-29
"145";"Fuerza de trabajo ( promedio móvil trimestral, miles de personas )";"2022-3-1";9541,6;2022;3;2026-08-29
"146";"Fuerza de trabajo ( promedio móvil trimestral, miles de personas )";"2022-4-1";9577,5;2022;4;2026-08-29
"147";"Fuerza de trabajo ( promedio móvil trimestral, miles de personas )";"2022-5-1";9604,6;2022;5;2026-08-29
"148";"Fuerza de trabajo ( promedio móvil trimestral, miles de personas )";"2022-6-1";9587,3;2022;6;2026-08-29
"149";"Fuerza de trabajo ( promedio móvil trimestral, miles de personas )";"2022-7-1";9610,9;2022;7;2026-08-29
"150";"Fuerza de trabajo ( promedio móvil trimestral, miles de personas )";"2022-8-1";9615,8;2022;8;2026-08-29
"151";"Fuerza de trabajo ( promedio móvil trimestral, miles de personas )";"2022-9-1";9616,7;2022;9;2026-08-29
"152";"Fuerza de trabajo ( promedio móvil trimestral, miles de personas )";"2022-10-1";9637,3;2022;10;2026-08-29
"153";"Fuerza de trabajo ( promedio móvil trimestral, miles de personas )";"2022-11-1";9650,2;2022;11;2026-08-29
"154";"Fuerza de trabajo ( promedio móvil trimestral, miles de personas )";"2022-12-1";9730,3;2022;12;2026-08-29
"155";"Fuerza de trabajo ( promedio móvil trimestral, miles de personas )";"2023-1-1";9795,9;2023;1;2026-08-29
"156";"Fuerza de trabajo ( promedio móvil trimestral, miles de personas )";"2023-2-1";9854,8;2023;2;2026-08-29
"157";"Fuerza de trabajo ( promedio móvil trimestral, miles de personas )";"2023-3-1";9876,1;2023;3;2026-08-29
"158";"Fuerza de trabajo ( promedio móvil trimestral, miles de personas )";"2023-4-1";9860,6;2023;4;2026-08-29
"159";"Fuerza de trabajo ( promedio móvil trimestral, miles de personas )";"2023-5-1";9876,1;2023;5;2026-08-29
"160";"Fuerza de trabajo ( promedio móvil trimestral, miles de personas )";"2023-6-1";9877,4;2023;6;2026-08-29
"161";"Fuerza de trabajo ( promedio móvil trimestral, miles de personas )";"2023-7-1";9896,8;2023;7;2026-08-29
"162";"Fuerza de trabajo ( promedio móvil trimestral, miles de personas )";"2023-8-1";9895,6;2023;8;2026-08-29
"163";"Fuerza de trabajo ( promedio móvil trimestral, miles de personas )";"2023-9-1";9906,4;2023;9;2026-08-29
"164";"Fuerza de trabajo ( promedio móvil trimestral, miles de personas )";"2023-10-1";9935,9;2023;10;2026-08-29
"165";"Fuerza de trabajo ( promedio móvil trimestral, miles de personas )";"2023-11-1";10012,8;2023;11;2026-08-29
"166";"Fuerza de trabajo ( promedio móvil trimestral, miles de personas )";"2023-12-1";10077,2;2023;12;2026-08-29
"167";"Fuerza de trabajo ( promedio móvil trimestral, miles de personas )";"2024-1-1";10127,8;2024;1;2026-08-29
"168";"Fuerza de trabajo ( promedio móvil trimestral, miles de personas )";"2024-2-1";10174,9;2024;2;2026-08-29
"169";"Fuerza de trabajo ( promedio móvil trimestral, miles de personas )";"2024-3-1";10193,2;2024;3;2026-08-29
"170";"Fuerza de trabajo ( promedio móvil trimestral, miles de personas )";"2024-4-1";10209,5;2024;4;2026-08-29
"171";"Fuerza de trabajo ( promedio móvil trimestral, miles de personas )";"2024-5-1";10177,7;2024;5;2026-08-29
"172";"Fuerza de trabajo ( promedio móvil trimestral, miles de personas )";"2024-6-1";10170,4;2024;6;2026-08-29
"173";"Fuerza de trabajo ( promedio móvil trimestral, miles de personas )";"2024-7-1";10137,9;2024;7;2026-08-29
"174";"Fuerza de trabajo ( promedio móvil trimestral, miles de personas )";"2024-8-1";10137,4;2024;8;2026-08-29
"175";"Fuerza de trabajo ( promedio móvil trimestral, miles de personas )";"2024-9-1";10128,9;2024;9;2026-08-29
"176";"Fuerza de trabajo ( promedio móvil trimestral, miles de personas )";"2024-10-1";10117;2024;10;2026-08-29
"177";"Fuerza de trabajo ( promedio móvil trimestral, miles de personas )";"2024-11-1";10117,4;2024;11;2026-08-29
"178";"Fuerza de trabajo ( promedio móvil trimestral, miles de personas )";"2024-12-1";10124,1;2024;12;2026-08-29
"179";"Fuerza de trabajo ( promedio móvil trimestral, miles de personas )";"2025-1-1";10213,5;2025;1;2026-08-29
"180";"Fuerza de trabajo ( promedio móvil trimestral, miles de personas )";"2025-2-1";10256,6;2025;2;2026-08-29
"181";"Fuerza de trabajo ( promedio móvil trimestral, miles de personas )";"2025-3-1";10284,5;2025;3;2026-08-29
"182";"Fuerza de trabajo ( promedio móvil trimestral, miles de personas )";"2025-4-1";10267;2025;4;2026-08-29
"183";"Fuerza de trabajo ( promedio móvil trimestral, miles de personas )";"2025-5-1";10264,1;2025;5;2026-08-29
"184";"Fuerza de trabajo ( promedio móvil trimestral, miles de personas )";"2025-6-1";10231,4;2025;6;2026-08-29
"185";"Fuerza de trabajo ( promedio móvil trimestral, miles de personas )";"2025-7-1";10219,3;2025;7;2026-08-29
"186";"Fuerza de trabajo ( promedio móvil trimestral, miles de personas )";"2025-8-1";10231;2025;8;2026-08-29
"187";"Fuerza de trabajo ( promedio móvil trimestral, miles de personas )";"2025-9-1";10252;2025;9;2026-08-29
"188";"Fuerza de trabajo ( promedio móvil trimestral, miles de personas )";"2025-10-1";10252,5;2025;10;2026-08-29
"189";"Fuerza de trabajo ( promedio móvil trimestral, miles de personas )";"2025-11-1";10266,5;2025;11;2026-08-29
"190";"Fuerza de trabajo ( promedio móvil trimestral, miles de personas )";"2025-12-1";10302,6;2025;12;2026-08-29
"191";"Fuerza de trabajo ( promedio móvil trimestral, miles de personas )";"2026-1-1";10361,5;2026;1;2026-08-29
"192";"Fuerza de trabajo ( promedio móvil trimestral, miles de personas )";"2026-2-1";10354,1;2026;2;2026-08-29
"193";"Fuerza de trabajo ( promedio móvil trimestral, miles de personas )";"2026-3-1";10359,3;2026;3;2026-08-29
"194";"Fuerza de trabajo ( promedio móvil trimestral, miles de personas )";"2026-4-1";10372,4;2026;4;2026-08-29
"195";"Fuerza de trabajo ( promedio móvil trimestral, miles de personas )";"2026-5-1";10397,7;2026;5;2026-08-29
"196";"Fuerza de trabajo ( promedio móvil trimestral, miles de personas )";"2026-6-1";10383,6;2026;6;2026-08-29
"197";"Fuerza de trabajo ( promedio móvil trimestral, miles de personas )";"2026-7-1";10295,1;2026;7;2026-08-29
"198";"Empleo ( promedio móvil trimestral, miles de personas )";"2010-3-1";7156,2;2010;3;2026-08-29
"199";"Empleo ( promedio móvil trimestral, miles de personas )";"2010-4-1";7198,8;2010;4;2026-08-29
"200";"Empleo ( promedio móvil trimestral, miles de personas )";"2010-5-1";7181,9;2010;5;2026-08-29
"201";"Empleo ( promedio móvil trimestral, miles de personas )";"2010-6-1";7221,6;2010;6;2026-08-29
"202";"Empleo ( promedio móvil trimestral, miles de personas )";"2010-7-1";7256,5;2010;7;2026-08-29
"203";"Empleo ( promedio móvil trimestral, miles de personas )";"2010-8-1";7289,2;2010;8;2026-08-29
"204";"Empleo ( promedio móvil trimestral, miles de personas )";"2010-9-1";7389,5;2010;9;2026-08-29
"205";"Empleo ( promedio móvil trimestral, miles de personas )";"2010-10-1";7414,4;2010;10;2026-08-29
"206";"Empleo ( promedio móvil trimestral, miles de personas )";"2010-11-1";7503,1;2010;11;2026-08-29
"207";"Empleo ( promedio móvil trimestral, miles de personas )";"2010-12-1";7572,3;2010;12;2026-08-29
"208";"Empleo ( promedio móvil trimestral, miles de personas )";"2011-1-1";7615,5;2011;1;2026-08-29
"209";"Empleo ( promedio móvil trimestral, miles de personas )";"2011-2-1";7621;2011;2;2026-08-29
"210";"Empleo ( promedio móvil trimestral, miles de personas )";"2011-3-1";7623,9;2011;3;2026-08-29
"211";"Empleo ( promedio móvil trimestral, miles de personas )";"2011-4-1";7655,1;2011;4;2026-08-29
"212";"Empleo ( promedio móvil trimestral, miles de personas )";"2011-5-1";7665,5;2011;5;2026-08-29
"213";"Empleo ( promedio móvil trimestral, miles de personas )";"2011-6-1";7698,5;2011;6;2026-08-29
"214";"Empleo ( promedio móvil trimestral, miles de personas )";"2011-7-1";7659,4;2011;7;2026-08-29
"215";"Empleo ( promedio móvil trimestral, miles de personas )";"2011-8-1";7684,2;2011;8;2026-08-29
"216";"Empleo ( promedio móvil trimestral, miles de personas )";"2011-9-1";7688,4;2011;9;2026-08-29
"217";"Empleo ( promedio móvil trimestral, miles de personas )";"2011-10-1";7703,1;2011;10;2026-08-29
"218";"Empleo ( promedio móvil trimestral, miles de personas )";"2011-11-1";7716,9;2011;11;2026-08-29
"219";"Empleo ( promedio móvil trimestral, miles de personas )";"2011-12-1";7786,9;2011;12;2026-08-29
"220";"Empleo ( promedio móvil trimestral, miles de personas )";"2012-1-1";7816,6;2012;1;2026-08-29
"221";"Empleo ( promedio móvil trimestral, miles de personas )";"2012-2-1";7874,1;2012;2;2026-08-29
"222";"Empleo ( promedio móvil trimestral, miles de personas )";"2012-3-1";7844,8;2012;3;2026-08-29
"223";"Empleo ( promedio móvil trimestral, miles de personas )";"2012-4-1";7850,5;2012;4;2026-08-29
"224";"Empleo ( promedio móvil trimestral, miles de personas )";"2012-5-1";7838,3;2012;5;2026-08-29
"225";"Empleo ( promedio móvil trimestral, miles de personas )";"2012-6-1";7819,5;2012;6;2026-08-29
"226";"Empleo ( promedio móvil trimestral, miles de personas )";"2012-7-1";7809,5;2012;7;2026-08-29
"227";"Empleo ( promedio móvil trimestral, miles de personas )";"2012-8-1";7809,9;2012;8;2026-08-29
"228";"Empleo ( promedio móvil trimestral, miles de personas )";"2012-9-1";7874,1;2012;9;2026-08-29
"229";"Empleo ( promedio móvil trimestral, miles de personas )";"2012-10-1";7889,4;2012;10;2026-08-29
"230";"Empleo ( promedio móvil trimestral, miles de personas )";"2012-11-1";7924,6;2012;11;2026-08-29
"231";"Empleo ( promedio móvil trimestral, miles de personas )";"2012-12-1";7952,3;2012;12;2026-08-29
"232";"Empleo ( promedio móvil trimestral, miles de personas )";"2013-1-1";7998,6;2013;1;2026-08-29
"233";"Empleo ( promedio móvil trimestral, miles de personas )";"2013-2-1";7993,3;2013;2;2026-08-29
"234";"Empleo ( promedio móvil trimestral, miles de personas )";"2013-3-1";7990,7;2013;3;2026-08-29
"235";"Empleo ( promedio móvil trimestral, miles de personas )";"2013-4-1";8019,1;2013;4;2026-08-29
"236";"Empleo ( promedio móvil trimestral, miles de personas )";"2013-5-1";8018,3;2013;5;2026-08-29
"237";"Empleo ( promedio móvil trimestral, miles de personas )";"2013-6-1";8004,2;2013;6;2026-08-29
"238";"Empleo ( promedio móvil trimestral, miles de personas )";"2013-7-1";7986,8;2013;7;2026-08-29
"239";"Empleo ( promedio móvil trimestral, miles de personas )";"2013-8-1";8008,6;2013;8;2026-08-29
"240";"Empleo ( promedio móvil trimestral, miles de personas )";"2013-9-1";8010,8;2013;9;2026-08-29
"241";"Empleo ( promedio móvil trimestral, miles de personas )";"2013-10-1";8029,6;2013;10;2026-08-29
"242";"Empleo ( promedio móvil trimestral, miles de personas )";"2013-11-1";8067,1;2013;11;2026-08-29
"243";"Empleo ( promedio móvil trimestral, miles de personas )";"2013-12-1";8149,4;2013;12;2026-08-29
"244";"Empleo ( promedio móvil trimestral, miles de personas )";"2014-1-1";8171;2014;1;2026-08-29
"245";"Empleo ( promedio móvil trimestral, miles de personas )";"2014-2-1";8202,9;2014;2;2026-08-29
"246";"Empleo ( promedio móvil trimestral, miles de personas )";"2014-3-1";8156,2;2014;3;2026-08-29
"247";"Empleo ( promedio móvil trimestral, miles de personas )";"2014-4-1";8181,3;2014;4;2026-08-29
"248";"Empleo ( promedio móvil trimestral, miles de personas )";"2014-5-1";8156;2014;5;2026-08-29
"249";"Empleo ( promedio móvil trimestral, miles de personas )";"2014-6-1";8120,4;2014;6;2026-08-29
"250";"Empleo ( promedio móvil trimestral, miles de personas )";"2014-7-1";8085;2014;7;2026-08-29
"251";"Empleo ( promedio móvil trimestral, miles de personas )";"2014-8-1";8044,5;2014;8;2026-08-29
"252";"Empleo ( promedio móvil trimestral, miles de personas )";"2014-9-1";8088,7;2014;9;2026-08-29
"253";"Empleo ( promedio móvil trimestral, miles de personas )";"2014-10-1";8137,9;2014;10;2026-08-29
"254";"Empleo ( promedio móvil trimestral, miles de personas )";"2014-11-1";8207,7;2014;11;2026-08-29
"255";"Empleo ( promedio móvil trimestral, miles de personas )";"2014-12-1";8249,6;2014;12;2026-08-29
"256";"Empleo ( promedio móvil trimestral, miles de personas )";"2015-1-1";8259,2;2015;1;2026-08-29
"257";"Empleo ( promedio móvil trimestral, miles de personas )";"2015-2-1";8263,1;2015;2;2026-08-29
"258";"Empleo ( promedio móvil trimestral, miles de personas )";"2015-3-1";8232,2;2015;3;2026-08-29
"259";"Empleo ( promedio móvil trimestral, miles de personas )";"2015-4-1";8230,3;2015;4;2026-08-29
"260";"Empleo ( promedio móvil trimestral, miles de personas )";"2015-5-1";8211,8;2015;5;2026-08-29
"261";"Empleo ( promedio móvil trimestral, miles de personas )";"2015-6-1";8215,6;2015;6;2026-08-29
"262";"Empleo ( promedio móvil trimestral, miles de personas )";"2015-7-1";8220,8;2015;7;2026-08-29
"263";"Empleo ( promedio móvil trimestral, miles de personas )";"2015-8-1";8250,1;2015;8;2026-08-29
"264";"Empleo ( promedio móvil trimestral, miles de personas )";"2015-9-1";8302;2015;9;2026-08-29
"265";"Empleo ( promedio móvil trimestral, miles de personas )";"2015-10-1";8312,1;2015;10;2026-08-29
"266";"Empleo ( promedio móvil trimestral, miles de personas )";"2015-11-1";8359,3;2015;11;2026-08-29
"267";"Empleo ( promedio móvil trimestral, miles de personas )";"2015-12-1";8428,5;2015;12;2026-08-29
"268";"Empleo ( promedio móvil trimestral, miles de personas )";"2016-1-1";8452,1;2016;1;2026-08-29
"269";"Empleo ( promedio móvil trimestral, miles de personas )";"2016-2-1";8417,1;2016;2;2026-08-29
"270";"Empleo ( promedio móvil trimestral, miles de personas )";"2016-3-1";8360,6;2016;3;2026-08-29
"271";"Empleo ( promedio móvil trimestral, miles de personas )";"2016-4-1";8376,2;2016;4;2026-08-29
"272";"Empleo ( promedio móvil trimestral, miles de personas )";"2016-5-1";8350,3;2016;5;2026-08-29
"273";"Empleo ( promedio móvil trimestral, miles de personas )";"2016-6-1";8337,4;2016;6;2026-08-29
"274";"Empleo ( promedio móvil trimestral, miles de personas )";"2016-7-1";8336,2;2016;7;2026-08-29
"275";"Empleo ( promedio móvil trimestral, miles de personas )";"2016-8-1";8333,2;2016;8;2026-08-29
"276";"Empleo ( promedio móvil trimestral, miles de personas )";"2016-9-1";8378,4;2016;9;2026-08-29
"277";"Empleo ( promedio móvil trimestral, miles de personas )";"2016-10-1";8393,7;2016;10;2026-08-29
"278";"Empleo ( promedio móvil trimestral, miles de personas )";"2016-11-1";8467,1;2016;11;2026-08-29
"279";"Empleo ( promedio móvil trimestral, miles de personas )";"2016-12-1";8500,7;2016;12;2026-08-29
"280";"Empleo ( promedio móvil trimestral, miles de personas )";"2017-1-1";8534,6;2017;1;2026-08-29
"281";"Empleo ( promedio móvil trimestral, miles de personas )";"2017-2-1";8485,7;2017;2;2026-08-29
"282";"Empleo ( promedio móvil trimestral, miles de personas )";"2017-3-1";8484,4;2017;3;2026-08-29
"283";"Empleo ( promedio móvil trimestral, miles de personas )";"2017-4-1";8499,9;2017;4;2026-08-29
"284";"Empleo ( promedio móvil trimestral, miles de personas )";"2017-5-1";8535,2;2017;5;2026-08-29
"285";"Empleo ( promedio móvil trimestral, miles de personas )";"2017-6-1";8524,1;2017;6;2026-08-29
"286";"Empleo ( promedio móvil trimestral, miles de personas )";"2017-7-1";8537,4;2017;7;2026-08-29
"287";"Empleo ( promedio móvil trimestral, miles de personas )";"2017-8-1";8573,5;2017;8;2026-08-29
"288";"Empleo ( promedio móvil trimestral, miles de personas )";"2017-9-1";8613,1;2017;9;2026-08-29
"289";"Empleo ( promedio móvil trimestral, miles de personas )";"2017-10-1";8622,7;2017;10;2026-08-29
"290";"Empleo ( promedio móvil trimestral, miles de personas )";"2017-11-1";8712,7;2017;11;2026-08-29
"291";"Empleo ( promedio móvil trimestral, miles de personas )";"2017-12-1";8768,7;2017;12;2026-08-29
"292";"Empleo ( promedio móvil trimestral, miles de personas )";"2018-1-1";8793,9;2018;1;2026-08-29
"293";"Empleo ( promedio móvil trimestral, miles de personas )";"2018-2-1";8787,1;2018;2;2026-08-29
"294";"Empleo ( promedio móvil trimestral, miles de personas )";"2018-3-1";8759,1;2018;3;2026-08-29
"295";"Empleo ( promedio móvil trimestral, miles de personas )";"2018-4-1";8781,1;2018;4;2026-08-29
"296";"Empleo ( promedio móvil trimestral, miles de personas )";"2018-5-1";8766,7;2018;5;2026-08-29
"297";"Empleo ( promedio móvil trimestral, miles de personas )";"2018-6-1";8755,5;2018;6;2026-08-29
"298";"Empleo ( promedio móvil trimestral, miles de personas )";"2018-7-1";8708,7;2018;7;2026-08-29
"299";"Empleo ( promedio móvil trimestral, miles de personas )";"2018-8-1";8707,2;2018;8;2026-08-29
"300";"Empleo ( promedio móvil trimestral, miles de personas )";"2018-9-1";8710,9;2018;9;2026-08-29
"301";"Empleo ( promedio móvil trimestral, miles de personas )";"2018-10-1";8773,8;2018;10;2026-08-29
"302";"Empleo ( promedio móvil trimestral, miles de personas )";"2018-11-1";8829;2018;11;2026-08-29
"303";"Empleo ( promedio móvil trimestral, miles de personas )";"2018-12-1";8914,2;2018;12;2026-08-29
"304";"Empleo ( promedio móvil trimestral, miles de personas )";"2019-1-1";8928;2019;1;2026-08-29
"305";"Empleo ( promedio móvil trimestral, miles de personas )";"2019-2-1";8907,6;2019;2;2026-08-29
"306";"Empleo ( promedio móvil trimestral, miles de personas )";"2019-3-1";8879,1;2019;3;2026-08-29
"307";"Empleo ( promedio móvil trimestral, miles de personas )";"2019-4-1";8916;2019;4;2026-08-29
"308";"Empleo ( promedio móvil trimestral, miles de personas )";"2019-5-1";8925,3;2019;5;2026-08-29
"309";"Empleo ( promedio móvil trimestral, miles de personas )";"2019-6-1";8922,6;2019;6;2026-08-29
"310";"Empleo ( promedio móvil trimestral, miles de personas )";"2019-7-1";8910,6;2019;7;2026-08-29
"311";"Empleo ( promedio móvil trimestral, miles de personas )";"2019-8-1";8928;2019;8;2026-08-29
"312";"Empleo ( promedio móvil trimestral, miles de personas )";"2019-9-1";9000,1;2019;9;2026-08-29
"313";"Empleo ( promedio móvil trimestral, miles de personas )";"2019-10-1";8994,4;2019;10;2026-08-29
"314";"Empleo ( promedio móvil trimestral, miles de personas )";"2019-11-1";9045,4;2019;11;2026-08-29
"315";"Empleo ( promedio móvil trimestral, miles de personas )";"2019-12-1";9087,1;2019;12;2026-08-29
"316";"Empleo ( promedio móvil trimestral, miles de personas )";"2020-1-1";9115,6;2020;1;2026-08-29
"317";"Empleo ( promedio móvil trimestral, miles de personas )";"2020-2-1";9063,4;2020;2;2026-08-29
"318";"Empleo ( promedio móvil trimestral, miles de personas )";"2020-3-1";8942,4;2020;3;2026-08-29
"319";"Empleo ( promedio móvil trimestral, miles de personas )";"2020-4-1";8235,9;2020;4;2026-08-29
"320";"Empleo ( promedio móvil trimestral, miles de personas )";"2020-5-1";7450,5;2020;5;2026-08-29
"321";"Empleo ( promedio móvil trimestral, miles de personas )";"2020-6-1";7142,6;2020;6;2026-08-29
"322";"Empleo ( promedio móvil trimestral, miles de personas )";"2020-7-1";7073,2;2020;7;2026-08-29
"323";"Empleo ( promedio móvil trimestral, miles de personas )";"2020-8-1";7191,4;2020;8;2026-08-29
"324";"Empleo ( promedio móvil trimestral, miles de personas )";"2020-9-1";7365,1;2020;9;2026-08-29
"325";"Empleo ( promedio móvil trimestral, miles de personas )";"2020-10-1";7667,7;2020;10;2026-08-29
"326";"Empleo ( promedio móvil trimestral, miles de personas )";"2020-11-1";7916,7;2020;11;2026-08-29
"327";"Empleo ( promedio móvil trimestral, miles de personas )";"2020-12-1";8026,2;2020;12;2026-08-29
"328";"Empleo ( promedio móvil trimestral, miles de personas )";"2021-1-1";8121,4;2021;1;2026-08-29
"329";"Empleo ( promedio móvil trimestral, miles de personas )";"2021-2-1";8167,6;2021;2;2026-08-29
"330";"Empleo ( promedio móvil trimestral, miles de personas )";"2021-3-1";8148,2;2021;3;2026-08-29
"331";"Empleo ( promedio móvil trimestral, miles de personas )";"2021-4-1";8104,1;2021;4;2026-08-29
"332";"Empleo ( promedio móvil trimestral, miles de personas )";"2021-5-1";8041,1;2021;5;2026-08-29
"333";"Empleo ( promedio móvil trimestral, miles de personas )";"2021-6-1";8041,2;2021;6;2026-08-29
"334";"Empleo ( promedio móvil trimestral, miles de personas )";"2021-7-1";8148,9;2021;7;2026-08-29
"335";"Empleo ( promedio móvil trimestral, miles de personas )";"2021-8-1";8258,8;2021;8;2026-08-29
"336";"Empleo ( promedio móvil trimestral, miles de personas )";"2021-9-1";8345,2;2021;9;2026-08-29
"337";"Empleo ( promedio móvil trimestral, miles de personas )";"2021-10-1";8456,5;2021;10;2026-08-29
"338";"Empleo ( promedio móvil trimestral, miles de personas )";"2021-11-1";8558,4;2021;11;2026-08-29
"339";"Empleo ( promedio móvil trimestral, miles de personas )";"2021-12-1";8678,3;2021;12;2026-08-29
"340";"Empleo ( promedio móvil trimestral, miles de personas )";"2022-1-1";8712,9;2022;1;2026-08-29
"341";"Empleo ( promedio móvil trimestral, miles de personas )";"2022-2-1";8768,6;2022;2;2026-08-29
"342";"Empleo ( promedio móvil trimestral, miles de personas )";"2022-3-1";8797,6;2022;3;2026-08-29
"343";"Empleo ( promedio móvil trimestral, miles de personas )";"2022-4-1";8835,5;2022;4;2026-08-29
"344";"Empleo ( promedio móvil trimestral, miles de personas )";"2022-5-1";8855,1;2022;5;2026-08-29
"345";"Empleo ( promedio móvil trimestral, miles de personas )";"2022-6-1";8838,4;2022;6;2026-08-29
"346";"Empleo ( promedio móvil trimestral, miles de personas )";"2022-7-1";8849,8;2022;7;2026-08-29
"347";"Empleo ( promedio móvil trimestral, miles de personas )";"2022-8-1";8853,3;2022;8;2026-08-29
"348";"Empleo ( promedio móvil trimestral, miles de personas )";"2022-9-1";8843,5;2022;9;2026-08-29
"349";"Empleo ( promedio móvil trimestral, miles de personas )";"2022-10-1";8869,3;2022;10;2026-08-29
"350";"Empleo ( promedio móvil trimestral, miles de personas )";"2022-11-1";8883,1;2022;11;2026-08-29
"351";"Empleo ( promedio móvil trimestral, miles de personas )";"2022-12-1";8965,2;2022;12;2026-08-29
"352";"Empleo ( promedio móvil trimestral, miles de personas )";"2023-1-1";9008,5;2023;1;2026-08-29
"353";"Empleo ( promedio móvil trimestral, miles de personas )";"2023-2-1";9030,2;2023;2;2026-08-29
"354";"Empleo ( promedio móvil trimestral, miles de personas )";"2023-3-1";9006,1;2023;3;2026-08-29
"355";"Empleo ( promedio móvil trimestral, miles de personas )";"2023-4-1";9006,7;2023;4;2026-08-29
"356";"Empleo ( promedio móvil trimestral, miles de personas )";"2023-5-1";9034,2;2023;5;2026-08-29
"357";"Empleo ( promedio móvil trimestral, miles de personas )";"2023-6-1";9035,1;2023;6;2026-08-29
"358";"Empleo ( promedio móvil trimestral, miles de personas )";"2023-7-1";9028,6;2023;7;2026-08-29
"359";"Empleo ( promedio móvil trimestral, miles de personas )";"2023-8-1";9005,4;2023;8;2026-08-29
"360";"Empleo ( promedio móvil trimestral, miles de personas )";"2023-9-1";9023,5;2023;9;2026-08-29
"361";"Empleo ( promedio móvil trimestral, miles de personas )";"2023-10-1";9053;2023;10;2026-08-29
"362";"Empleo ( promedio móvil trimestral, miles de personas )";"2023-11-1";9138,4;2023;11;2026-08-29
"363";"Empleo ( promedio móvil trimestral, miles de personas )";"2023-12-1";9223,1;2023;12;2026-08-29
"364";"Empleo ( promedio móvil trimestral, miles de personas )";"2024-1-1";9273,4;2024;1;2026-08-29
"365";"Empleo ( promedio móvil trimestral, miles de personas )";"2024-2-1";9309,6;2024;2;2026-08-29
"366";"Empleo ( promedio móvil trimestral, miles de personas )";"2024-3-1";9308,7;2024;3;2026-08-29
"367";"Empleo ( promedio móvil trimestral, miles de personas )";"2024-4-1";9339,3;2024;4;2026-08-29
"368";"Empleo ( promedio móvil trimestral, miles de personas )";"2024-5-1";9331,6;2024;5;2026-08-29
"369";"Empleo ( promedio móvil trimestral, miles de personas )";"2024-6-1";9321,4;2024;6;2026-08-29
"370";"Empleo ( promedio móvil trimestral, miles de personas )";"2024-7-1";9257,5;2024;7;2026-08-29
"371";"Empleo ( promedio móvil trimestral, miles de personas )";"2024-8-1";9235,1;2024;8;2026-08-29
"372";"Empleo ( promedio móvil trimestral, miles de personas )";"2024-9-1";9243,4;2024;9;2026-08-29
"373";"Empleo ( promedio móvil trimestral, miles de personas )";"2024-10-1";9249;2024;10;2026-08-29
"374";"Empleo ( promedio móvil trimestral, miles de personas )";"2024-11-1";9286;2024;11;2026-08-29
"375";"Empleo ( promedio móvil trimestral, miles de personas )";"2024-12-1";9306,1;2024;12;2026-08-29
"376";"Empleo ( promedio móvil trimestral, miles de personas )";"2025-1-1";9394,1;2025;1;2026-08-29
"377";"Empleo ( promedio móvil trimestral, miles de personas )";"2025-2-1";9396,9;2025;2;2026-08-29
"378";"Empleo ( promedio móvil trimestral, miles de personas )";"2025-3-1";9388,8;2025;3;2026-08-29
"379";"Empleo ( promedio móvil trimestral, miles de personas )";"2025-4-1";9359,3;2025;4;2026-08-29
"380";"Empleo ( promedio móvil trimestral, miles de personas )";"2025-5-1";9346,2;2025;5;2026-08-29
"381";"Empleo ( promedio móvil trimestral, miles de personas )";"2025-6-1";9321,5;2025;6;2026-08-29
"382";"Empleo ( promedio móvil trimestral, miles de personas )";"2025-7-1";9330,3;2025;7;2026-08-29
"383";"Empleo ( promedio móvil trimestral, miles de personas )";"2025-8-1";9355,1;2025;8;2026-08-29
"384";"Empleo ( promedio móvil trimestral, miles de personas )";"2025-9-1";9377,6;2025;9;2026-08-29
"385";"Empleo ( promedio móvil trimestral, miles de personas )";"2025-10-1";9386,4;2025;10;2026-08-29
"386";"Empleo ( promedio móvil trimestral, miles de personas )";"2025-11-1";9401,6;2025;11;2026-08-29
"387";"Empleo ( promedio móvil trimestral, miles de personas )";"2025-12-1";9473,3;2025;12;2026-08-29
"388";"Empleo ( promedio móvil trimestral, miles de personas )";"2026-1-1";9503,1;2026;1;2026-08-29
"389";"Empleo ( promedio móvil trimestral, miles de personas )";"2026-2-1";9491,6;2026;2;2026-08-29
"390";"Empleo ( promedio móvil trimestral, miles de personas )";"2026-3-1";9434,2;2026;3;2026-08-29
"391";"Empleo ( promedio móvil trimestral, miles de personas )";"2026-4-1";9427,6;2026;4;2026-08-29
"392";"Empleo ( promedio móvil trimestral, miles de personas )";"2026-5-1";9416,4;2026;5;2026-08-29
"393";"Empleo ( promedio móvil trimestral, miles de personas )";"2026-6-1";9403,3;2026;6;2026-08-29
"394";"Empleo ( promedio móvil trimestral, miles de personas )";"2026-7-1";9314;2026;7;2026-08-29
"395";"Tasa  de  desempleo  (porcentaje)";"2010-3-1";9,2;2010;3;2026-08-29
"396";"Tasa  de  desempleo  (porcentaje)";"2010-4-1";8,8;2010;4;2026-08-29
"397";"Tasa  de  desempleo  (porcentaje)";"2010-5-1";9,1;2010;5;2026-08-29
"398";"Tasa  de  desempleo  (porcentaje)";"2010-6-1";8,7;2010;6;2026-08-29
"399";"Tasa  de  desempleo  (porcentaje)";"2010-7-1";8,5;2010;7;2026-08-29
"400";"Tasa  de  desempleo  (porcentaje)";"2010-8-1";8,4;2010;8;2026-08-29
"401";"Tasa  de  desempleo  (porcentaje)";"2010-9-1";8,1;2010;9;2026-08-29
"402";"Tasa  de  desempleo  (porcentaje)";"2010-10-1";7,8;2010;10;2026-08-29
"403";"Tasa  de  desempleo  (porcentaje)";"2010-11-1";7,2;2010;11;2026-08-29
"404";"Tasa  de  desempleo  (porcentaje)";"2010-12-1";7,2;2010;12;2026-08-29
"405";"Tasa  de  desempleo  (porcentaje)";"2011-1-1";7,4;2011;1;2026-08-29
"406";"Tasa  de  desempleo  (porcentaje)";"2011-2-1";7,4;2011;2;2026-08-29
"407";"Tasa  de  desempleo  (porcentaje)";"2011-3-1";7,5;2011;3;2026-08-29
"408";"Tasa  de  desempleo  (porcentaje)";"2011-4-1";7,2;2011;4;2026-08-29
"409";"Tasa  de  desempleo  (porcentaje)";"2011-5-1";7,3;2011;5;2026-08-29
"410";"Tasa  de  desempleo  (porcentaje)";"2011-6-1";7,2;2011;6;2026-08-29
"411";"Tasa  de  desempleo  (porcentaje)";"2011-7-1";7,6;2011;7;2026-08-29
"412";"Tasa  de  desempleo  (porcentaje)";"2011-8-1";7,5;2011;8;2026-08-29
"413";"Tasa  de  desempleo  (porcentaje)";"2011-9-1";7,6;2011;9;2026-08-29
"414";"Tasa  de  desempleo  (porcentaje)";"2011-10-1";7,4;2011;10;2026-08-29
"415";"Tasa  de  desempleo  (porcentaje)";"2011-11-1";7,3;2011;11;2026-08-29
"416";"Tasa  de  desempleo  (porcentaje)";"2011-12-1";6,8;2011;12;2026-08-29
"417";"Tasa  de  desempleo  (porcentaje)";"2012-1-1";6,9;2012;1;2026-08-29
"418";"Tasa  de  desempleo  (porcentaje)";"2012-2-1";6,5;2012;2;2026-08-29
"419";"Tasa  de  desempleo  (porcentaje)";"2012-3-1";6,8;2012;3;2026-08-29
"420";"Tasa  de  desempleo  (porcentaje)";"2012-4-1";6,8;2012;4;2026-08-29
"421";"Tasa  de  desempleo  (porcentaje)";"2012-5-1";6,9;2012;5;2026-08-29
"422";"Tasa  de  desempleo  (porcentaje)";"2012-6-1";6,8;2012;6;2026-08-29
"423";"Tasa  de  desempleo  (porcentaje)";"2012-7-1";6,7;2012;7;2026-08-29
"424";"Tasa  de  desempleo  (porcentaje)";"2012-8-1";6,5;2012;8;2026-08-29
"425";"Tasa  de  desempleo  (porcentaje)";"2012-9-1";6,6;2012;9;2026-08-29
"426";"Tasa  de  desempleo  (porcentaje)";"2012-10-1";6,7;2012;10;2026-08-29
"427";"Tasa  de  desempleo  (porcentaje)";"2012-11-1";6,4;2012;11;2026-08-29
"428";"Tasa  de  desempleo  (porcentaje)";"2012-12-1";6,2;2012;12;2026-08-29
"429";"Tasa  de  desempleo  (porcentaje)";"2013-1-1";6,1;2013;1;2026-08-29
"430";"Tasa  de  desempleo  (porcentaje)";"2013-2-1";6,4;2013;2;2026-08-29
"431";"Tasa  de  desempleo  (porcentaje)";"2013-3-1";6,4;2013;3;2026-08-29
"432";"Tasa  de  desempleo  (porcentaje)";"2013-4-1";6,5;2013;4;2026-08-29
"433";"Tasa  de  desempleo  (porcentaje)";"2013-5-1";6,5;2013;5;2026-08-29
"434";"Tasa  de  desempleo  (porcentaje)";"2013-6-1";6,3;2013;6;2026-08-29
"435";"Tasa  de  desempleo  (porcentaje)";"2013-7-1";5,9;2013;7;2026-08-29
"436";"Tasa  de  desempleo  (porcentaje)";"2013-8-1";5,8;2013;8;2026-08-29
"437";"Tasa  de  desempleo  (porcentaje)";"2013-9-1";5,9;2013;9;2026-08-29
"438";"Tasa  de  desempleo  (porcentaje)";"2013-10-1";6;2013;10;2026-08-29
"439";"Tasa  de  desempleo  (porcentaje)";"2013-11-1";5,9;2013;11;2026-08-29
"440";"Tasa  de  desempleo  (porcentaje)";"2013-12-1";5,8;2013;12;2026-08-29
"441";"Tasa  de  desempleo  (porcentaje)";"2014-1-1";6,2;2014;1;2026-08-29
"442";"Tasa  de  desempleo  (porcentaje)";"2014-2-1";6,2;2014;2;2026-08-29
"443";"Tasa  de  desempleo  (porcentaje)";"2014-3-1";6,5;2014;3;2026-08-29
"444";"Tasa  de  desempleo  (porcentaje)";"2014-4-1";6,1;2014;4;2026-08-29
"445";"Tasa  de  desempleo  (porcentaje)";"2014-5-1";6,3;2014;5;2026-08-29
"446";"Tasa  de  desempleo  (porcentaje)";"2014-6-1";6,5;2014;6;2026-08-29
"447";"Tasa  de  desempleo  (porcentaje)";"2014-7-1";6,6;2014;7;2026-08-29
"448";"Tasa  de  desempleo  (porcentaje)";"2014-8-1";6,8;2014;8;2026-08-29
"449";"Tasa  de  desempleo  (porcentaje)";"2014-9-1";6,8;2014;9;2026-08-29
"450";"Tasa  de  desempleo  (porcentaje)";"2014-10-1";6,6;2014;10;2026-08-29
"451";"Tasa  de  desempleo  (porcentaje)";"2014-11-1";6,2;2014;11;2026-08-29
"452";"Tasa  de  desempleo  (porcentaje)";"2014-12-1";6,2;2014;12;2026-08-29
"453";"Tasa  de  desempleo  (porcentaje)";"2015-1-1";6,2;2015;1;2026-08-29
"454";"Tasa  de  desempleo  (porcentaje)";"2015-2-1";6,2;2015;2;2026-08-29
"455";"Tasa  de  desempleo  (porcentaje)";"2015-3-1";6,2;2015;3;2026-08-29
"456";"Tasa  de  desempleo  (porcentaje)";"2015-4-1";6,4;2015;4;2026-08-29
"457";"Tasa  de  desempleo  (porcentaje)";"2015-5-1";6,8;2015;5;2026-08-29
"458";"Tasa  de  desempleo  (porcentaje)";"2015-6-1";6,7;2015;6;2026-08-29
"459";"Tasa  de  desempleo  (porcentaje)";"2015-7-1";6,7;2015;7;2026-08-29
"460";"Tasa  de  desempleo  (porcentaje)";"2015-8-1";6,6;2015;8;2026-08-29
"461";"Tasa  de  desempleo  (porcentaje)";"2015-9-1";6,5;2015;9;2026-08-29
"462";"Tasa  de  desempleo  (porcentaje)";"2015-10-1";6,4;2015;10;2026-08-29
"463";"Tasa  de  desempleo  (porcentaje)";"2015-11-1";6,2;2015;11;2026-08-29
"464";"Tasa  de  desempleo  (porcentaje)";"2015-12-1";5,9;2015;12;2026-08-29
"465";"Tasa  de  desempleo  (porcentaje)";"2016-1-1";5,9;2016;1;2026-08-29
"466";"Tasa  de  desempleo  (porcentaje)";"2016-2-1";6;2016;2;2026-08-29
"467";"Tasa  de  desempleo  (porcentaje)";"2016-3-1";6,5;2016;3;2026-08-29
"468";"Tasa  de  desempleo  (porcentaje)";"2016-4-1";6,6;2016;4;2026-08-29
"469";"Tasa  de  desempleo  (porcentaje)";"2016-5-1";7;2016;5;2026-08-29
"470";"Tasa  de  desempleo  (porcentaje)";"2016-6-1";7;2016;6;2026-08-29
"471";"Tasa  de  desempleo  (porcentaje)";"2016-7-1";7,3;2016;7;2026-08-29
"472";"Tasa  de  desempleo  (porcentaje)";"2016-8-1";7,1;2016;8;2026-08-29
"473";"Tasa  de  desempleo  (porcentaje)";"2016-9-1";7;2016;9;2026-08-29
"474";"Tasa  de  desempleo  (porcentaje)";"2016-10-1";6,7;2016;10;2026-08-29
"475";"Tasa  de  desempleo  (porcentaje)";"2016-11-1";6,4;2016;11;2026-08-29
"476";"Tasa  de  desempleo  (porcentaje)";"2016-12-1";6,2;2016;12;2026-08-29
"477";"Tasa  de  desempleo  (porcentaje)";"2017-1-1";6,4;2017;1;2026-08-29
"478";"Tasa  de  desempleo  (porcentaje)";"2017-2-1";6,8;2017;2;2026-08-29
"479";"Tasa  de  desempleo  (porcentaje)";"2017-3-1";7;2017;3;2026-08-29
"480";"Tasa  de  desempleo  (porcentaje)";"2017-4-1";7,1;2017;4;2026-08-29
"481";"Tasa  de  desempleo  (porcentaje)";"2017-5-1";7,3;2017;5;2026-08-29
"482";"Tasa  de  desempleo  (porcentaje)";"2017-6-1";7,3;2017;6;2026-08-29
"483";"Tasa  de  desempleo  (porcentaje)";"2017-7-1";7,2;2017;7;2026-08-29
"484";"Tasa  de  desempleo  (porcentaje)";"2017-8-1";6,9;2017;8;2026-08-29
"485";"Tasa  de  desempleo  (porcentaje)";"2017-9-1";7;2017;9;2026-08-29
"486";"Tasa  de  desempleo  (porcentaje)";"2017-10-1";7;2017;10;2026-08-29
"487";"Tasa  de  desempleo  (porcentaje)";"2017-11-1";6,7;2017;11;2026-08-29
"488";"Tasa  de  desempleo  (porcentaje)";"2017-12-1";6,5;2017;12;2026-08-29
"489";"Tasa  de  desempleo  (porcentaje)";"2018-1-1";6,8;2018;1;2026-08-29
"490";"Tasa  de  desempleo  (porcentaje)";"2018-2-1";7;2018;2;2026-08-29
"491";"Tasa  de  desempleo  (porcentaje)";"2018-3-1";7,4;2018;3;2026-08-29
"492";"Tasa  de  desempleo  (porcentaje)";"2018-4-1";7;2018;4;2026-08-29
"493";"Tasa  de  desempleo  (porcentaje)";"2018-5-1";7,4;2018;5;2026-08-29
"494";"Tasa  de  desempleo  (porcentaje)";"2018-6-1";7,5;2018;6;2026-08-29
"495";"Tasa  de  desempleo  (porcentaje)";"2018-7-1";7,9;2018;7;2026-08-29
"496";"Tasa  de  desempleo  (porcentaje)";"2018-8-1";7,7;2018;8;2026-08-29
"497";"Tasa  de  desempleo  (porcentaje)";"2018-9-1";7,5;2018;9;2026-08-29
"498";"Tasa  de  desempleo  (porcentaje)";"2018-10-1";7,4;2018;10;2026-08-29
"499";"Tasa  de  desempleo  (porcentaje)";"2018-11-1";7,3;2018;11;2026-08-29
"500";"Tasa  de  desempleo  (porcentaje)";"2018-12-1";7,1;2018;12;2026-08-29
"501";"Tasa  de  desempleo  (porcentaje)";"2019-1-1";7,1;2019;1;2026-08-29
"502";"Tasa  de  desempleo  (porcentaje)";"2019-2-1";7;2019;2;2026-08-29
"503";"Tasa  de  desempleo  (porcentaje)";"2019-3-1";7,2;2019;3;2026-08-29
"504";"Tasa  de  desempleo  (porcentaje)";"2019-4-1";7,1;2019;4;2026-08-29
"505";"Tasa  de  desempleo  (porcentaje)";"2019-5-1";7,2;2019;5;2026-08-29
"506";"Tasa  de  desempleo  (porcentaje)";"2019-6-1";7,3;2019;6;2026-08-29
"507";"Tasa  de  desempleo  (porcentaje)";"2019-7-1";7,5;2019;7;2026-08-29
"508";"Tasa  de  desempleo  (porcentaje)";"2019-8-1";7,6;2019;8;2026-08-29
"509";"Tasa  de  desempleo  (porcentaje)";"2019-9-1";7,3;2019;9;2026-08-29
"510";"Tasa  de  desempleo  (porcentaje)";"2019-10-1";7,1;2019;10;2026-08-29
"511";"Tasa  de  desempleo  (porcentaje)";"2019-11-1";7;2019;11;2026-08-29
"512";"Tasa  de  desempleo  (porcentaje)";"2019-12-1";7,1;2019;12;2026-08-29
"513";"Tasa  de  desempleo  (porcentaje)";"2020-1-1";7,4;2020;1;2026-08-29
"514";"Tasa  de  desempleo  (porcentaje)";"2020-2-1";7,8;2020;2;2026-08-29
"515";"Tasa  de  desempleo  (porcentaje)";"2020-3-1";8,2;2020;3;2026-08-29
"516";"Tasa  de  desempleo  (porcentaje)";"2020-4-1";9;2020;4;2026-08-29
"517";"Tasa  de  desempleo  (porcentaje)";"2020-5-1";11,2;2020;5;2026-08-29
"518";"Tasa  de  desempleo  (porcentaje)";"2020-6-1";12,2;2020;6;2026-08-29
"519";"Tasa  de  desempleo  (porcentaje)";"2020-7-1";13,1;2020;7;2026-08-29
"520";"Tasa  de  desempleo  (porcentaje)";"2020-8-1";12,9;2020;8;2026-08-29
"521";"Tasa  de  desempleo  (porcentaje)";"2020-9-1";12,3;2020;9;2026-08-29
"522";"Tasa  de  desempleo  (porcentaje)";"2020-10-1";11,6;2020;10;2026-08-29
"523";"Tasa  de  desempleo  (porcentaje)";"2020-11-1";10,8;2020;11;2026-08-29
"524";"Tasa  de  desempleo  (porcentaje)";"2020-12-1";10,3;2020;12;2026-08-29
"525";"Tasa  de  desempleo  (porcentaje)";"2021-1-1";10,2;2021;1;2026-08-29
"526";"Tasa  de  desempleo  (porcentaje)";"2021-2-1";10,3;2021;2;2026-08-29
"527";"Tasa  de  desempleo  (porcentaje)";"2021-3-1";10,4;2021;3;2026-08-29
"528";"Tasa  de  desempleo  (porcentaje)";"2021-4-1";10,2;2021;4;2026-08-29
"529";"Tasa  de  desempleo  (porcentaje)";"2021-5-1";10;2021;5;2026-08-29
"530";"Tasa  de  desempleo  (porcentaje)";"2021-6-1";9,5;2021;6;2026-08-29
"531";"Tasa  de  desempleo  (porcentaje)";"2021-7-1";8,9;2021;7;2026-08-29
"532";"Tasa  de  desempleo  (porcentaje)";"2021-8-1";8,5;2021;8;2026-08-29
"533";"Tasa  de  desempleo  (porcentaje)";"2021-9-1";8,4;2021;9;2026-08-29
"534";"Tasa  de  desempleo  (porcentaje)";"2021-10-1";8,1;2021;10;2026-08-29
"535";"Tasa  de  desempleo  (porcentaje)";"2021-11-1";7,5;2021;11;2026-08-29
"536";"Tasa  de  desempleo  (porcentaje)";"2021-12-1";7,2;2021;12;2026-08-29
"537";"Tasa  de  desempleo  (porcentaje)";"2022-1-1";7,3;2022;1;2026-08-29
"538";"Tasa  de  desempleo  (porcentaje)";"2022-2-1";7,5;2022;2;2026-08-29
"539";"Tasa  de  desempleo  (porcentaje)";"2022-3-1";7,8;2022;3;2026-08-29
"540";"Tasa  de  desempleo  (porcentaje)";"2022-4-1";7,7;2022;4;2026-08-29
"541";"Tasa  de  desempleo  (porcentaje)";"2022-5-1";7,8;2022;5;2026-08-29
"542";"Tasa  de  desempleo  (porcentaje)";"2022-6-1";7,8;2022;6;2026-08-29
"543";"Tasa  de  desempleo  (porcentaje)";"2022-7-1";7,9;2022;7;2026-08-29
"544";"Tasa  de  desempleo  (porcentaje)";"2022-8-1";7,9;2022;8;2026-08-29
"545";"Tasa  de  desempleo  (porcentaje)";"2022-9-1";8;2022;9;2026-08-29
"546";"Tasa  de  desempleo  (porcentaje)";"2022-10-1";8;2022;10;2026-08-29
"547";"Tasa  de  desempleo  (porcentaje)";"2022-11-1";7,9;2022;11;2026-08-29
"548";"Tasa  de  desempleo  (porcentaje)";"2022-12-1";7,9;2022;12;2026-08-29
"549";"Tasa  de  desempleo  (porcentaje)";"2023-1-1";8;2023;1;2026-08-29
"550";"Tasa  de  desempleo  (porcentaje)";"2023-2-1";8,4;2023;2;2026-08-29
"551";"Tasa  de  desempleo  (porcentaje)";"2023-3-1";8,8;2023;3;2026-08-29
"552";"Tasa  de  desempleo  (porcentaje)";"2023-4-1";8,7;2023;4;2026-08-29
"553";"Tasa  de  desempleo  (porcentaje)";"2023-5-1";8,5;2023;5;2026-08-29
"554";"Tasa  de  desempleo  (porcentaje)";"2023-6-1";8,5;2023;6;2026-08-29
"555";"Tasa  de  desempleo  (porcentaje)";"2023-7-1";8,8;2023;7;2026-08-29
"556";"Tasa  de  desempleo  (porcentaje)";"2023-8-1";9;2023;8;2026-08-29
"557";"Tasa  de  desempleo  (porcentaje)";"2023-9-1";8,9;2023;9;2026-08-29
"558";"Tasa  de  desempleo  (porcentaje)";"2023-10-1";8,9;2023;10;2026-08-29
"559";"Tasa  de  desempleo  (porcentaje)";"2023-11-1";8,7;2023;11;2026-08-29
"560";"Tasa  de  desempleo  (porcentaje)";"2023-12-1";8,5;2023;12;2026-08-29
"561";"Tasa  de  desempleo  (porcentaje)";"2024-1-1";8,4;2024;1;2026-08-29
"562";"Tasa  de  desempleo  (porcentaje)";"2024-2-1";8,5;2024;2;2026-08-29
"563";"Tasa  de  desempleo  (porcentaje)";"2024-3-1";8,7;2024;3;2026-08-29
"564";"Tasa  de  desempleo  (porcentaje)";"2024-4-1";8,5;2024;4;2026-08-29
"565";"Tasa  de  desempleo  (porcentaje)";"2024-5-1";8,3;2024;5;2026-08-29
"566";"Tasa  de  desempleo  (porcentaje)";"2024-6-1";8,3;2024;6;2026-08-29
"567";"Tasa  de  desempleo  (porcentaje)";"2024-7-1";8,7;2024;7;2026-08-29
"568";"Tasa  de  desempleo  (porcentaje)";"2024-8-1";8,9;2024;8;2026-08-29
"569";"Tasa  de  desempleo  (porcentaje)";"2024-9-1";8,7;2024;9;2026-08-29
"570";"Tasa  de  desempleo  (porcentaje)";"2024-10-1";8,6;2024;10;2026-08-29
"571";"Tasa  de  desempleo  (porcentaje)";"2024-11-1";8,2;2024;11;2026-08-29
"572";"Tasa  de  desempleo  (porcentaje)";"2024-12-1";8,1;2024;12;2026-08-29
"573";"Tasa  de  desempleo  (porcentaje)";"2025-1-1";8;2025;1;2026-08-29
"574";"Tasa  de  desempleo  (porcentaje)";"2025-2-1";8,4;2025;2;2026-08-29
"575";"Tasa  de  desempleo  (porcentaje)";"2025-3-1";8,7;2025;3;2026-08-29
"576";"Tasa  de  desempleo  (porcentaje)";"2025-4-1";8,8;2025;4;2026-08-29
"577";"Tasa  de  desempleo  (porcentaje)";"2025-5-1";8,9;2025;5;2026-08-29
"578";"Tasa  de  desempleo  (porcentaje)";"2025-6-1";8,9;2025;6;2026-08-29
"579";"Tasa  de  desempleo  (porcentaje)";"2025-7-1";8,7;2025;7;2026-08-29
"580";"Tasa  de  desempleo  (porcentaje)";"2025-8-1";8,6;2025;8;2026-08-29
"581";"Tasa  de  desempleo  (porcentaje)";"2025-9-1";8,5;2025;9;2026-08-29
"582";"Tasa  de  desempleo  (porcentaje)";"2025-10-1";8,4;2025;10;2026-08-29
"583";"Tasa  de  desempleo  (porcentaje)";"2025-11-1";8,4;2025;11;2026-08-29
"584";"Tasa  de  desempleo  (porcentaje)";"2025-12-1";8;2025;12;2026-08-29
"585";"Tasa  de  desempleo  (porcentaje)";"2026-1-1";8,3;2026;1;2026-08-29
"586";"Tasa  de  desempleo  (porcentaje)";"2026-2-1";8,3;2026;2;2026-08-29
"587";"Tasa  de  desempleo  (porcentaje)";"2026-3-1";8,9;2026;3;2026-08-29
"588";"Tasa  de  desempleo  (porcentaje)";"2026-4-1";9,1;2026;4;2026-08-29
"589";"Tasa  de  desempleo  (porcentaje)";"2026-5-1";9,4;2026;5;2026-08-29
"590";"Tasa  de  desempleo  (porcentaje)";"2026-6-1";9,4;2026;6;2026-08-29
"591";"Tasa  de  desempleo  (porcentaje)";"2026-7-1";9,5;2026;7;2026-08-29
>>>>>>> f749a04 (validación de datos obtenidos)
